source_dataset,source_file,source_page,source_row_index,source_line_start,source_line_end,class_name,description_raw,raw_record_text
class,1p.txt,1,1,22,22,[궁둥산] 몸으로 하는 자애 명상,해질녘 궁동산에서 하는 느긋하고 말랑말랑한 움직임 명상입니다. 나와 우리를 위한 사랑과 다정함을 몸에 품어봅니다. 오렌지빛 노을을 몸에 담으며 몰입과 알아차림의 시간을 경험합니다.	,[궁둥산] 몸으로 하는 자애 명상	해질녘 궁동산에서 하는 느긋하고 말랑말랑한 움직임 명상입니다. 나와 우리를 위한 사랑과 다정함을 몸에 품어봅니다. 오렌지빛 노을을 몸에 담으며 몰입과 알아차림의 시간을 경험합니다.	
class,1p.txt,1,2,23,23,[너울너울] 소매틱뮤직 'Handpan Doodle',"소매틱뮤직, '핸드팬 두들' 물방울 소리를 닮은 악기인 핸드팬 연주법을 익히며 소리로 낙서하고 춤춥니다. 촉각과 청각을 두드려 감각의 균형을 되찾고 자신만의 하모니와 리듬을 만들어요. 지금을 만나고, 나에게 몰입하는 예술표현 워밍업. -음악이 좋지만 악기연주는 어려웠던 분 -소리를 통해 자신의 마음의 리듬을 되찾고픈 분 -핸드팬이 어떤 악기인지 궁금한 분 -몰입을 통해 마음을 살피고 정돈이 필요한 분 -놀이하는 감각으로 명상을 경험하고픈 분 📍 장소 @너울너울 (성산동 3-30) *지하철 1)가좌역 1번출구 도보7분 2)홍대입구역 2번출구 - 마을버스 6번 경의선숲길공원 입구 하차 - 도보 5분 *일반버스 1)사천교 정류장 2)성산2교 정류쟝 *자가용 주차: 연남동 공영주차장 주차 후 도보 5분 ⏰ 입장 수업 10분 전부터 입장 가능합니다 (시작 후 입장이 제한될 수 있습니다) 🧘 준비물 *수업에 필요한 악기는 현장에 준비되어 있습니다. 너울너울 가벼운 몸과 맘으로 찾아주세요. 자신의 악기와 동행하셔도 좋아요. ❗ 안내 수업취소- 시작 시간 24시간 전까지 가능합니다	","[너울너울] 소매틱뮤직 'Handpan Doodle'	소매틱뮤직, '핸드팬 두들' 물방울 소리를 닮은 악기인 핸드팬 연주법을 익히며 소리로 낙서하고 춤춥니다. 촉각과 청각을 두드려 감각의 균형을 되찾고 자신만의 하모니와 리듬을 만들어요. 지금을 만나고, 나에게 몰입하는 예술표현 워밍업. -음악이 좋지만 악기연주는 어려웠던 분 -소리를 통해 자신의 마음의 리듬을 되찾고픈 분 -핸드팬이 어떤 악기인지 궁금한 분 -몰입을 통해 마음을 살피고 정돈이 필요한 분 -놀이하는 감각으로 명상을 경험하고픈 분 📍 장소 @너울너울 (성산동 3-30) *지하철 1)가좌역 1번출구 도보7분 2)홍대입구역 2번출구 - 마을버스 6번 경의선숲길공원 입구 하차 - 도보 5분 *일반버스 1)사천교 정류장 2)성산2교 정류쟝 *자가용 주차: 연남동 공영주차장 주차 후 도보 5분 ⏰ 입장 수업 10분 전부터 입장 가능합니다 (시작 후 입장이 제한될 수 있습니다) 🧘 준비물 *수업에 필요한 악기는 현장에 준비되어 있습니다. 너울너울 가벼운 몸과 맘으로 찾아주세요. 자신의 악기와 동행하셔도 좋아요. ❗ 안내 수업취소- 시작 시간 24시간 전까지 가능합니다	"
class,1p.txt,1,3,24,24,[대저택 프라이빗]봄햇살 아래 나른한 힐링요가,"수업 소개 봄을 맞아 겨우내 움츠러들었던 몸을 호흡과 함께 천천히 깨우는 힐링요가입니다. 무언가를 해내기보다 지금의 상태를 그대로 느끼고 받아들이는 시간을 중요하게 생각합니다. 부드럽지만 깊이 있게 움직이며, 몸과 마음의 회복이 필요한 분들을 기다립니다. 세션 설명 전신을 가볍게 풀어주는 저강도 하타요가입니다. 유연성이나 경험과 관계없이 누구나 편하게 참여할 수 있습니다. 📍 장소 서울특별시 서대문구 연희동 108-6/ 바운드하우스 ⏰ 입장 수업 10분 전부터 입장 가능합니다 (시작 후 입장이 제한될 수 있습니다) 🧘 준비물 개인매트 필수 / 편한 복장 / 물 🚗 주차 별도 주차 공간 없음 (대중교통 이용 권장) ❗ 안내 수업취소- 시작 시간 24시간 전까지 가능	","[대저택 프라이빗]봄햇살 아래 나른한 힐링요가	수업 소개 봄을 맞아 겨우내 움츠러들었던 몸을 호흡과 함께 천천히 깨우는 힐링요가입니다. 무언가를 해내기보다 지금의 상태를 그대로 느끼고 받아들이는 시간을 중요하게 생각합니다. 부드럽지만 깊이 있게 움직이며, 몸과 마음의 회복이 필요한 분들을 기다립니다. 세션 설명 전신을 가볍게 풀어주는 저강도 하타요가입니다. 유연성이나 경험과 관계없이 누구나 편하게 참여할 수 있습니다. 📍 장소 서울특별시 서대문구 연희동 108-6/ 바운드하우스 ⏰ 입장 수업 10분 전부터 입장 가능합니다 (시작 후 입장이 제한될 수 있습니다) 🧘 준비물 개인매트 필수 / 편한 복장 / 물 🚗 주차 별도 주차 공간 없음 (대중교통 이용 권장) ❗ 안내 수업취소- 시작 시간 24시간 전까지 가능	"
class,1p.txt,1,4,25,25,[대저택프라이빗] 단단하게 뿌리 내리며 자유롭게 흐르는 빈야사,"단단한 안정감 위에서, 더 가볍고 부드럽게 흐르는 움직임 대저택 프라이빗 공간에서 진행되는 안정과 흐름의 요가입니다. 바닥과의 연결을 통해 몸의 기반을 단단히 다지고, 그 위에서 더 가볍고 부드럽게 이어지는 움직임을 경험합니다. 자세와 자세는 자유롭게 흐르며, 몸과 마음에 자연스러운 여유를 만들어냅니다. - 몸의 중심과 안정감을 찾고 싶은 분 - 부드럽고 흐르는 움직임을 경험하고 싶은 분 - 조용한 공간에서 깊이 집중하고 싶은 분 📍 장소 서울특별시 서대문구 연희동 108-6/ 바운드하우스 ⏰ 입장 수업 10분 전부터 입장 가능합니다 (시작 후 입장이 제한될 수 있습니다) 🧘 준비물 개인매트 필수 / 편한 복장 / 물 🚗 주차 별도 주차 공간 없음 (대중교통 이용 권장) ❗ 안내 수업취소- 시작 시간 24시간 전까지 가능	","[대저택프라이빗] 단단하게 뿌리 내리며 자유롭게 흐르는 빈야사	단단한 안정감 위에서, 더 가볍고 부드럽게 흐르는 움직임 대저택 프라이빗 공간에서 진행되는 안정과 흐름의 요가입니다. 바닥과의 연결을 통해 몸의 기반을 단단히 다지고, 그 위에서 더 가볍고 부드럽게 이어지는 움직임을 경험합니다. 자세와 자세는 자유롭게 흐르며, 몸과 마음에 자연스러운 여유를 만들어냅니다. - 몸의 중심과 안정감을 찾고 싶은 분 - 부드럽고 흐르는 움직임을 경험하고 싶은 분 - 조용한 공간에서 깊이 집중하고 싶은 분 📍 장소 서울특별시 서대문구 연희동 108-6/ 바운드하우스 ⏰ 입장 수업 10분 전부터 입장 가능합니다 (시작 후 입장이 제한될 수 있습니다) 🧘 준비물 개인매트 필수 / 편한 복장 / 물 🚗 주차 별도 주차 공간 없음 (대중교통 이용 권장) ❗ 안내 수업취소- 시작 시간 24시간 전까지 가능	"
class,1p.txt,1,5,26,26,[대저택프라이빗] 바디페인팅 체감명상,"몸 위에 그리며, 감각으로 연결되는 새로운 명상 전용 바디아트 마커를 사용해 나와 타인의 몸을 캔버스 삼아 점, 선, 원을 그리고 연결하며 감각으로 소통하는 체감 예술 명상입니다. 말 대신 손과 시선으로 교감하며, 판단 없이 자유롭게 표현하고 몸의 감각을 통해 지금의 나를 천천히 알아가는 시간을 가집니다. - 생각이 많아 쉬어도 쉬어지지 않는 분 - 말이 아닌 다른 방식으로 표현하고 싶은 분 - 새롭고 자유로운 명상을 경험해보고 싶은 분 📍 장소 서울특별시 서대문구 연희동 108-6/ 바운드하우스 ⏰ 입장 수업 10분 전부터 입장 가능합니다 (시작 후 입장이 제한될 수 있습니다) 🧘 준비물 개인매트 필수/ 편한 복장 / 물 🚗 주차 별도 주차 공간 없음 (대중교통 이용 권장) ❗ 안내 수업취소- 시작 시간 24시간 전까지 가능	","[대저택프라이빗] 바디페인팅 체감명상	몸 위에 그리며, 감각으로 연결되는 새로운 명상 전용 바디아트 마커를 사용해 나와 타인의 몸을 캔버스 삼아 점, 선, 원을 그리고 연결하며 감각으로 소통하는 체감 예술 명상입니다. 말 대신 손과 시선으로 교감하며, 판단 없이 자유롭게 표현하고 몸의 감각을 통해 지금의 나를 천천히 알아가는 시간을 가집니다. - 생각이 많아 쉬어도 쉬어지지 않는 분 - 말이 아닌 다른 방식으로 표현하고 싶은 분 - 새롭고 자유로운 명상을 경험해보고 싶은 분 📍 장소 서울특별시 서대문구 연희동 108-6/ 바운드하우스 ⏰ 입장 수업 10분 전부터 입장 가능합니다 (시작 후 입장이 제한될 수 있습니다) 🧘 준비물 개인매트 필수/ 편한 복장 / 물 🚗 주차 별도 주차 공간 없음 (대중교통 이용 권장) ❗ 안내 수업취소- 시작 시간 24시간 전까지 가능	"
class,1p.txt,1,6,27,27,[대저택프라이빗] 연결하는 사운드 배스,"소리로 연결되고, 깊이 이완되는 프라이빗 사운드 배스 대저택 프라이빗 공간에서 진행되는 깊은 휴식의 사운드 배스입니다. 잔잔하게 울리는 진동과 소리에 몸을 맡기며, 긴장된 신체와 감정을 부드럽게 풀어냅니다. 외부와의 연결을 잠시 내려놓고, 나와 감각에 온전히 집중하는 시간을 가집니다. 조용하고 밀도 있는 공간에서 더 깊은 이완과 회복을 경험합니다. - 깊은 휴식과 이완이 필요한 분 - 소리와 진동을 통한 명상을 경험하고 싶은 분 - 조용한 공간에서 온전히 쉬고 싶은 분 📍 장소 서울특별시 서대문구 연희동 108-6/ 바운드하우스 ⏰ 입장 수업 10분 전부터 입장 가능합니다 (시작 후 입장이 제한될 수 있습니다) 🧘 준비물 개인매트 필수 / 편한 복장 / 물 🚗 주차 별도 주차 공간 없음 (대중교통 이용 권장) ❗ 안내 수업취소- 시작 시간 24시간 전까지 가능	","[대저택프라이빗] 연결하는 사운드 배스	소리로 연결되고, 깊이 이완되는 프라이빗 사운드 배스 대저택 프라이빗 공간에서 진행되는 깊은 휴식의 사운드 배스입니다. 잔잔하게 울리는 진동과 소리에 몸을 맡기며, 긴장된 신체와 감정을 부드럽게 풀어냅니다. 외부와의 연결을 잠시 내려놓고, 나와 감각에 온전히 집중하는 시간을 가집니다. 조용하고 밀도 있는 공간에서 더 깊은 이완과 회복을 경험합니다. - 깊은 휴식과 이완이 필요한 분 - 소리와 진동을 통한 명상을 경험하고 싶은 분 - 조용한 공간에서 온전히 쉬고 싶은 분 📍 장소 서울특별시 서대문구 연희동 108-6/ 바운드하우스 ⏰ 입장 수업 10분 전부터 입장 가능합니다 (시작 후 입장이 제한될 수 있습니다) 🧘 준비물 개인매트 필수 / 편한 복장 / 물 🚗 주차 별도 주차 공간 없음 (대중교통 이용 권장) ❗ 안내 수업취소- 시작 시간 24시간 전까지 가능	"
class,1p.txt,1,7,28,28,[대저택프라이빗] 친해지고 싶은 사람과 함께 하는 파트너링 요가,"함께 움직이며, 신뢰와 연결을 경험하는 요가 짝을 이루어 진행되는 파트너링 요가 클래스입니다. 서로의 몸에 기대고 무게를 나누며, 접촉을 통해 자연스럽게 소통하고 친밀감을 쌓아갑니다. 움직임 속에서 나와 타인에 대한 신뢰를 연습하며, 관계의 감각을 새롭게 경험합니다. 요가 경험과 관계없이 누구나 열린 마음으로 참여할 수 있습니다. - 가족, 친구, 연인과 함께 특별한 시간을 보내고 싶은 분 - 사람과의 연결과 신뢰를 경험해보고 싶은 분 - 함께 움직이며 즐거운 요가를 하고 싶은 분 📍 장소 서울특별시 서대문구 연희동 108-6/ 바운드하우스 ⏰ 입장 수업 10분 전부터 입장 가능합니다 (시작 후 입장이 제한될 수 있습니다) 🧘 준비물 개인매트 필수 / 편한 복장 / 물 🚗 주차 별도 주차 공간 없음 (대중교통 이용 권장) ❗ 안내 수업취소- 시작 시간 24시간 전까지 가능	","[대저택프라이빗] 친해지고 싶은 사람과 함께 하는 파트너링 요가	함께 움직이며, 신뢰와 연결을 경험하는 요가 짝을 이루어 진행되는 파트너링 요가 클래스입니다. 서로의 몸에 기대고 무게를 나누며, 접촉을 통해 자연스럽게 소통하고 친밀감을 쌓아갑니다. 움직임 속에서 나와 타인에 대한 신뢰를 연습하며, 관계의 감각을 새롭게 경험합니다. 요가 경험과 관계없이 누구나 열린 마음으로 참여할 수 있습니다. - 가족, 친구, 연인과 함께 특별한 시간을 보내고 싶은 분 - 사람과의 연결과 신뢰를 경험해보고 싶은 분 - 함께 움직이며 즐거운 요가를 하고 싶은 분 📍 장소 서울특별시 서대문구 연희동 108-6/ 바운드하우스 ⏰ 입장 수업 10분 전부터 입장 가능합니다 (시작 후 입장이 제한될 수 있습니다) 🧘 준비물 개인매트 필수 / 편한 복장 / 물 🚗 주차 별도 주차 공간 없음 (대중교통 이용 권장) ❗ 안내 수업취소- 시작 시간 24시간 전까지 가능	"
class,1p.txt,1,8,29,29,[대저택프라이빗] Deep Rest 인요가 & 핸드팬 사운드,"✔️ 수업 소개 몸을 깊게 이완시키고, 아무것도 하지 않는 상태로 들어가는 시간입니다. 긴 시간 머무르는 인요가 동작을 통해 근육이 아닌 결합조직과 신경계까지 이완시키고, 핸드팬의 부드러운 울림 속에서 호흡과 감각을 자연스럽게 내려놓습니다. 빠르게 움직이는 수련이 아닌, 멈추고 쉬는 연습을 통해 몸과 마음의 긴장을 풀어내는 시간입니다. ⸻ ✔️ 난이도 초급 (누구나 참여 가능) • 강한 유연성이나 근력이 필요하지 않습니다 • 동작을 ‘잘하는 것’보다 편안하게 머무는 것이 중심입니다 ⸻ ✔️ 추천 대상 • 피로가 누적된 분 / 회복이 필요한 분 • 스트레스, 긴장, 불면을 느끼는 분 • 운동은 하고 있지만 쉬는 방법을 모르는 분 • 요가가 처음이지만 부담 없이 시작하고 싶은 분 • 깊은 이완과 명상적 경험을 원하는 분 📍 장소 서울특별시 서대문구 연희동 108-6/ 바운드하우스 ⏰ 입장 수업 10분 전부터 입장 가능합니다 (시작 후 입장이 제한될 수 있습니다) 🧘 준비물 개인매트 필수 / 편한 복장 / 물 🚗 주차 별도 주차 공간 없음 (대중교통 이용 권장) ❗ 안내 수업취소- 시작 시간 24시간 전까지 가능	","[대저택프라이빗] Deep Rest 인요가 & 핸드팬 사운드	✔️ 수업 소개 몸을 깊게 이완시키고, 아무것도 하지 않는 상태로 들어가는 시간입니다. 긴 시간 머무르는 인요가 동작을 통해 근육이 아닌 결합조직과 신경계까지 이완시키고, 핸드팬의 부드러운 울림 속에서 호흡과 감각을 자연스럽게 내려놓습니다. 빠르게 움직이는 수련이 아닌, 멈추고 쉬는 연습을 통해 몸과 마음의 긴장을 풀어내는 시간입니다. ⸻ ✔️ 난이도 초급 (누구나 참여 가능) • 강한 유연성이나 근력이 필요하지 않습니다 • 동작을 ‘잘하는 것’보다 편안하게 머무는 것이 중심입니다 ⸻ ✔️ 추천 대상 • 피로가 누적된 분 / 회복이 필요한 분 • 스트레스, 긴장, 불면을 느끼는 분 • 운동은 하고 있지만 쉬는 방법을 모르는 분 • 요가가 처음이지만 부담 없이 시작하고 싶은 분 • 깊은 이완과 명상적 경험을 원하는 분 📍 장소 서울특별시 서대문구 연희동 108-6/ 바운드하우스 ⏰ 입장 수업 10분 전부터 입장 가능합니다 (시작 후 입장이 제한될 수 있습니다) 🧘 준비물 개인매트 필수 / 편한 복장 / 물 🚗 주차 별도 주차 공간 없음 (대중교통 이용 권장) ❗ 안내 수업취소- 시작 시간 24시간 전까지 가능	"
class,1p.txt,1,9,30,30,[대저택프라이빗] Gentle Hatha Flow in English,"KR 영어로 진행되는 요가 수업을 찾기 어려웠던 분들, 또는 외국인 친구와 함께 요가를 경험해보고 싶은 분들을 위한 시간입니다. 언어와 배경이 달라도 매트 위에서는 자연스럽게 함께 머물 수 있습니다. EN For those who have struggled to find yoga classes in English in Korea, or anyone who wants to practice with friends from different backgrounds. No matter where you’re from, this is a space to simply share time together on the mat. 📍 장소 서울특별시 서대문구 연희동 108-6/ 바운드하우스 ⏰ 입장 수업 10분 전부터 입장 가능합니다 (시작 후 입장이 제한될 수 있습니다) 🧘 준비물 개인매트 필수 / 편한 복장 / 물 🚗 주차 별도 주차 공간 없음 (대중교통 이용 권장) ❗ 안내 수업취소- 시작 시간 24시간 전까지 가능	","[대저택프라이빗] Gentle Hatha Flow in English	KR 영어로 진행되는 요가 수업을 찾기 어려웠던 분들, 또는 외국인 친구와 함께 요가를 경험해보고 싶은 분들을 위한 시간입니다. 언어와 배경이 달라도 매트 위에서는 자연스럽게 함께 머물 수 있습니다. EN For those who have struggled to find yoga classes in English in Korea, or anyone who wants to practice with friends from different backgrounds. No matter where you’re from, this is a space to simply share time together on the mat. 📍 장소 서울특별시 서대문구 연희동 108-6/ 바운드하우스 ⏰ 입장 수업 10분 전부터 입장 가능합니다 (시작 후 입장이 제한될 수 있습니다) 🧘 준비물 개인매트 필수 / 편한 복장 / 물 🚗 주차 별도 주차 공간 없음 (대중교통 이용 권장) ❗ 안내 수업취소- 시작 시간 24시간 전까지 가능	"
class,1p.txt,1,10,31,31,"[대저택프라이빗] TCI 기질검사로 나를 이해하고, '긍정감자' 키링 만들기","나를 이해하고, 나를 응원하는 마음을 직접 만드는 시간 TCI 기질:성격 검사를 바탕으로 나의 타고난 성향을 이해하고, 그 결과를 통해 나만의 결을 있는 그대로 받아들이는 참여형 웰니스 세션입니다. 검사 해석 이후, 나를 응원하는 메시지를 담은 긍정감자' 키링을 직접 만들며 나를 돌보는 나만의 웰니스 리추얼을 완성합니다. - 나의 성향과 기질을 깊이 이해하고 싶은 분 - 자기이해와 마음 회복에 관심 있는 분 - 의미 있는 체험과 결과물을 함께 얻고 싶은 분 *해당 TCI 프로그램은 클래스 전 검사를 마쳐야하므로 미리 검사 진행을 위해 연락이 갈겁니다! 꼭 사전 응답을 해주셔야 프로그램의 원활한 참여가 가능합니다. 장소 서울특별시 서대문구 연희동 108-6 / 바운드하우스 입장 수업 10분 전부터 입장 가능합니다 (시작 후 입장이 제한될 수 있습니다) 준비물 편한 복장 / 물 - 개인매트 필요 없음, 편안하게 앉고 싶은 분들만 필요 주차 별도 주차 공간 없음 (대중교통 이용 권장) 안내 수업취소- 시작 시간 24시간 전까지 가능	","[대저택프라이빗] TCI 기질검사로 나를 이해하고, '긍정감자' 키링 만들기	나를 이해하고, 나를 응원하는 마음을 직접 만드는 시간 TCI 기질:성격 검사를 바탕으로 나의 타고난 성향을 이해하고, 그 결과를 통해 나만의 결을 있는 그대로 받아들이는 참여형 웰니스 세션입니다. 검사 해석 이후, 나를 응원하는 메시지를 담은 긍정감자' 키링을 직접 만들며 나를 돌보는 나만의 웰니스 리추얼을 완성합니다. - 나의 성향과 기질을 깊이 이해하고 싶은 분 - 자기이해와 마음 회복에 관심 있는 분 - 의미 있는 체험과 결과물을 함께 얻고 싶은 분 *해당 TCI 프로그램은 클래스 전 검사를 마쳐야하므로 미리 검사 진행을 위해 연락이 갈겁니다! 꼭 사전 응답을 해주셔야 프로그램의 원활한 참여가 가능합니다. 장소 서울특별시 서대문구 연희동 108-6 / 바운드하우스 입장 수업 10분 전부터 입장 가능합니다 (시작 후 입장이 제한될 수 있습니다) 준비물 편한 복장 / 물 - 개인매트 필요 없음, 편안하게 앉고 싶은 분들만 필요 주차 별도 주차 공간 없음 (대중교통 이용 권장) 안내 수업취소- 시작 시간 24시간 전까지 가능	"
class,2p.txt,2,1,22,22,[대저택프라이빗]타로 명상 콘서트-타로 메세지가 선율이 되는 순간,"""타로가 건네는 메시지, 음악이 되는 순간"" 요가 수련을 하듯 내 마음을 가만히 들여다보고 싶은 날이 있죠. 나의 내면을 비추는 타로 한 장, 그 메시지를 즉석에서 피아노 선율과 비트박스 리듬으로 그려내는 감각적인 참여형 힐링 콘서트에 당신을 초대합니다. 정적인 명상 음악에 심장 박동을 닮은 비트박스가 더해져, 당신의 이야기는 더욱 생생하고 입체적인 음악이 됩니다. 연희동의 평온한 공간에서 오직 나만을 위해 흐르는 특별한 리듬을 경험해 보세요. [프로그램 구성] 마음 열기: 서범수 선생님과 타로 카드로 마주하는 나의 속마음 선율 입히기: 정수지 음악가의 섬세한 피아노로 감정 어루만지기 리듬 채우기: 비트박서 유동환의 리듬으로 내 안의 에너지 깨우기 👉 이런 분들께 추천합니다 타로 카드로 내 마음의 방향을 가볍게 점쳐보고 싶은 분 뻔한 명상 음악 대신, 새롭고 힙한 힐링을 경험하고 싶은 분 나의 이야기가 근사한 음악이 되는 특별한 순간을 소장하고 싶은 분 요가와 음악, 연희동의 정취를 사랑하는 모든 이웃 [공연 상세 안내] 📅 일시: 2026. 5. 5(화) 오후 5시 (15명 한정) 📍 장소: 바운드하우스 (연희동 108-6, 1층) 🧘 준비: 편안한 마음과 몸 (의자에 앉아 진행되니 가벼운 복장으로 오세요.) ⏰ 입장: 시작 10분 전부터 입장 가능합니다. 🚗 주차: 주차 불가 / 대중교통 이용을 권장합니다. ❗ 안내: 예약 취소 및 환불은 시작 24시간 전까지만 가능합니다. 👥 함께하는 사람들 [마음의 길잡이] 서범수 별자리와 타로를 우리 삶의 이야기로 따뜻하게 풀어내는 스토리텔러. [건반 위의 명상가] 정수지 지금 이 순간의 공기를 아름다운 피아노 선율로 기록하는 아티스트. [리듬 만드는 요가 원장] 유동환 요가 스튜디오 '빅블루' 원장이자 150만 뷰의 베테랑 비트박서.	","[대저택프라이빗]타로 명상 콘서트-타로 메세지가 선율이 되는 순간	""타로가 건네는 메시지, 음악이 되는 순간"" 요가 수련을 하듯 내 마음을 가만히 들여다보고 싶은 날이 있죠. 나의 내면을 비추는 타로 한 장, 그 메시지를 즉석에서 피아노 선율과 비트박스 리듬으로 그려내는 감각적인 참여형 힐링 콘서트에 당신을 초대합니다. 정적인 명상 음악에 심장 박동을 닮은 비트박스가 더해져, 당신의 이야기는 더욱 생생하고 입체적인 음악이 됩니다. 연희동의 평온한 공간에서 오직 나만을 위해 흐르는 특별한 리듬을 경험해 보세요. [프로그램 구성] 마음 열기: 서범수 선생님과 타로 카드로 마주하는 나의 속마음 선율 입히기: 정수지 음악가의 섬세한 피아노로 감정 어루만지기 리듬 채우기: 비트박서 유동환의 리듬으로 내 안의 에너지 깨우기 👉 이런 분들께 추천합니다 타로 카드로 내 마음의 방향을 가볍게 점쳐보고 싶은 분 뻔한 명상 음악 대신, 새롭고 힙한 힐링을 경험하고 싶은 분 나의 이야기가 근사한 음악이 되는 특별한 순간을 소장하고 싶은 분 요가와 음악, 연희동의 정취를 사랑하는 모든 이웃 [공연 상세 안내] 📅 일시: 2026. 5. 5(화) 오후 5시 (15명 한정) 📍 장소: 바운드하우스 (연희동 108-6, 1층) 🧘 준비: 편안한 마음과 몸 (의자에 앉아 진행되니 가벼운 복장으로 오세요.) ⏰ 입장: 시작 10분 전부터 입장 가능합니다. 🚗 주차: 주차 불가 / 대중교통 이용을 권장합니다. ❗ 안내: 예약 취소 및 환불은 시작 24시간 전까지만 가능합니다. 👥 함께하는 사람들 [마음의 길잡이] 서범수 별자리와 타로를 우리 삶의 이야기로 따뜻하게 풀어내는 스토리텔러. [건반 위의 명상가] 정수지 지금 이 순간의 공기를 아름다운 피아노 선율로 기록하는 아티스트. [리듬 만드는 요가 원장] 유동환 요가 스튜디오 '빅블루' 원장이자 150만 뷰의 베테랑 비트박서.	"
class,2p.txt,2,2,23,23,[대저택프라이빗]핸드팬 사운드스케이프 ‘일렁’ <Illung>,"소리에 머물며, 나의 리듬을 다시 찾는 시간 연희정음에서 진행되는 핸드팬 사운드스케이프 ‘일렁’입니다. 자연의 소리와 다양한 사운드 도구, 핸드팬의 하모닉스가 어우러져 편안하게 이완되는 사운드 속으로 안내합니다. 음악을 들으며 차를 마시고 호흡을 고르며, 생각이 아닌 감각으로 나의 상태를 천천히 살펴보는 시간을 가집니다. - 고요하지만 깊이 있는 휴식이 필요한 분 - 음악과 소리로 마음을 정리하고 싶은 분 - 핸드팬과 앰비언트 사운드를 좋아하는 분 📍 장소 서울특별시 서대문구 연희동 108-6/ 바운드하우스 ⏰ 입장 수업 10분 전부터 입장 가능합니다 (시작 후 입장이 제한될 수 있습니다) 🧘 준비물 개인매트 필수 / 편한 복장 / 물 🚗 주차 별도 주차 공간 없음 (대중교통 이용 권장) ❗ 안내 수업취소- 시작 시간 24시간 전까지 가능	","[대저택프라이빗]핸드팬 사운드스케이프 ‘일렁’ <Illung>	소리에 머물며, 나의 리듬을 다시 찾는 시간 연희정음에서 진행되는 핸드팬 사운드스케이프 ‘일렁’입니다. 자연의 소리와 다양한 사운드 도구, 핸드팬의 하모닉스가 어우러져 편안하게 이완되는 사운드 속으로 안내합니다. 음악을 들으며 차를 마시고 호흡을 고르며, 생각이 아닌 감각으로 나의 상태를 천천히 살펴보는 시간을 가집니다. - 고요하지만 깊이 있는 휴식이 필요한 분 - 음악과 소리로 마음을 정리하고 싶은 분 - 핸드팬과 앰비언트 사운드를 좋아하는 분 📍 장소 서울특별시 서대문구 연희동 108-6/ 바운드하우스 ⏰ 입장 수업 10분 전부터 입장 가능합니다 (시작 후 입장이 제한될 수 있습니다) 🧘 준비물 개인매트 필수 / 편한 복장 / 물 🚗 주차 별도 주차 공간 없음 (대중교통 이용 권장) ❗ 안내 수업취소- 시작 시간 24시간 전까지 가능	"
class,2p.txt,2,3,24,24,[데이스타콜라보|연희스페셜] 요기를 위한 저강도 크로스핏 체험,"요가를 더 잘하기 위한, 부담 없는 크로스핏 체험 데이스타 콜라보로 진행되는 저강도 크로스핏 클래스입니다. 요가에 필요한 코어와 안정성을 키우며, 기능적인 움직임을 익힙니다. 무리하지 않는 강도로 진행되어, 처음 접하는 분도 안전하게 참여할 수 있습니다. - 요가에 필요한 체력을 기르고 싶은 분 - 크로스핏을 가볍게 경험해보고 싶은 분 - 몸을 균형 있게 강화하고 싶은 분 장소 : 연희로 107-1 B1층 준비물 : 운동복, 텀블러, 실내 운동화, 갈아 입을 옷 (샤워가능) 수업취소- 시작 시간 24시간 전까지 가능	","[데이스타콜라보|연희스페셜] 요기를 위한 저강도 크로스핏 체험	요가를 더 잘하기 위한, 부담 없는 크로스핏 체험 데이스타 콜라보로 진행되는 저강도 크로스핏 클래스입니다. 요가에 필요한 코어와 안정성을 키우며, 기능적인 움직임을 익힙니다. 무리하지 않는 강도로 진행되어, 처음 접하는 분도 안전하게 참여할 수 있습니다. - 요가에 필요한 체력을 기르고 싶은 분 - 크로스핏을 가볍게 경험해보고 싶은 분 - 몸을 균형 있게 강화하고 싶은 분 장소 : 연희로 107-1 B1층 준비물 : 운동복, 텀블러, 실내 운동화, 갈아 입을 옷 (샤워가능) 수업취소- 시작 시간 24시간 전까지 가능	"
class,2p.txt,2,4,25,25,[마이트리] 빈야사,"호흡과 흐름이 하나로 이어지는, 마이트리 빈야사 마이트리에서 진행되는 기본 빈야사 클래스입니다. 호흡에 맞춰 동작을 자연스럽게 이어가며, 몸과 마음의 흐름을 만듭니다. 과하지 않지만 충분히 몰입할 수 있는 리듬 속에서, 안정감과 에너지를 함께 느낍니다. - 빈야사를 처음 경험해보고 싶은 분 - 호흡과 흐름을 연결하고 싶은 분 - 가볍게 땀 흘리며 리프레시하고 싶은 분 📍 장소 서울 서대문구 연희로 85 5층 ⏰ 입장 수업 10분 전부터 입장 가능합니다 (시작 후 입장이 제한될 수 있습니다) 🧘 준비물 공용매트 30개 사용 가능(원하는 분은 개인매트 지참) / 편한 복장 / 텀블러 🚗 시설 안내 남녀 탈의실 , 샤워가능 , 주차가능 ❗ 안내 수업취소- 시작 시간 24시간 전까지 가능	","[마이트리] 빈야사	호흡과 흐름이 하나로 이어지는, 마이트리 빈야사 마이트리에서 진행되는 기본 빈야사 클래스입니다. 호흡에 맞춰 동작을 자연스럽게 이어가며, 몸과 마음의 흐름을 만듭니다. 과하지 않지만 충분히 몰입할 수 있는 리듬 속에서, 안정감과 에너지를 함께 느낍니다. - 빈야사를 처음 경험해보고 싶은 분 - 호흡과 흐름을 연결하고 싶은 분 - 가볍게 땀 흘리며 리프레시하고 싶은 분 📍 장소 서울 서대문구 연희로 85 5층 ⏰ 입장 수업 10분 전부터 입장 가능합니다 (시작 후 입장이 제한될 수 있습니다) 🧘 준비물 공용매트 30개 사용 가능(원하는 분은 개인매트 지참) / 편한 복장 / 텀블러 🚗 시설 안내 남녀 탈의실 , 샤워가능 , 주차가능 ❗ 안내 수업취소- 시작 시간 24시간 전까지 가능	"
class,2p.txt,2,5,26,26,[마이트리] 빈야사 어드밴스,"한계를 넘어서, 흐름 속에서 나를 확장하는 어드밴스 빈야사 마이트리에서 진행되는 어드밴스 빈야사 클래스입니다. 호흡과 흐름을 기반으로 더 깊은 아사나와 도전적인 연결을 경험합니다. 유연성, 힘, 균형을 통합하며, 집중도 높은 수련 속에서 몸의 한계를 확장합니다. - 빈야사 경험이 있고 더 깊이 수련하고 싶은 분 - 도전적인 동작과 흐름을 즐기는 분 - 강도 있는 수련으로 몰입하고 싶은 분 📍 장소 서울 서대문구 연희로 85 5층 ⏰ 입장 수업 10분 전부터 입장 가능합니다 (시작 후 입장이 제한될 수 있습니다) 🧘 준비물 공용매트 30개 사용 가능(원하는 분은 개인매트 지참) / 편한 복장 / 텀블러 🚗 시설 안내 남녀 탈의실 , 샤워가능 , 주차가능 ❗ 안내 수업취소- 시작 시간 24시간 전까지 가능	","[마이트리] 빈야사 어드밴스	한계를 넘어서, 흐름 속에서 나를 확장하는 어드밴스 빈야사 마이트리에서 진행되는 어드밴스 빈야사 클래스입니다. 호흡과 흐름을 기반으로 더 깊은 아사나와 도전적인 연결을 경험합니다. 유연성, 힘, 균형을 통합하며, 집중도 높은 수련 속에서 몸의 한계를 확장합니다. - 빈야사 경험이 있고 더 깊이 수련하고 싶은 분 - 도전적인 동작과 흐름을 즐기는 분 - 강도 있는 수련으로 몰입하고 싶은 분 📍 장소 서울 서대문구 연희로 85 5층 ⏰ 입장 수업 10분 전부터 입장 가능합니다 (시작 후 입장이 제한될 수 있습니다) 🧘 준비물 공용매트 30개 사용 가능(원하는 분은 개인매트 지참) / 편한 복장 / 텀블러 🚗 시설 안내 남녀 탈의실 , 샤워가능 , 주차가능 ❗ 안내 수업취소- 시작 시간 24시간 전까지 가능	"
class,2p.txt,2,6,27,27,[마이트리] 빈야사 AD,"▪ 빈야사 AD (금) / 준아 • 수업 내용 호흡과 움직임을 연결하여 흐름 있게 이어가는 빈야사 수업입니다. AD(Advanced)의 구성으로, 보다 난이도 있는 시퀀스와 도전적인 아사나가 포함됩니다. • 난이도 / 대상자 ✔ 6개월 이상 수련자 ✔ 빈야사 흐름에 익숙하고 기본 체력이 갖춰진 분 ✔ 난이도 있는 동작에 도전하고 싶은 중급이상 수련자 📍 장소 서울 서대문구 연희로 85 5층 ⏰ 입장 수업 10분 전부터 입장 가능합니다 (시작 후 입장이 제한될 수 있습니다) 🧘 준비물 공용매트 30개 사용 가능(원하는 분은 개인매트 지참) / 편한 복장 / 텀블러 🚗 시설 안내 남녀 탈의실 , 샤워가능 , 주차가능 ❗ 안내 수업취소- 시작 시간 24시간 전까지 가능 ▪ 공간 이용 시 유의사항 수업 시작 5~10분 전 도착 부탁드립니다. 수업 중 휴대폰은 무음으로 부탁드립니다	","[마이트리] 빈야사 AD	▪ 빈야사 AD (금) / 준아 • 수업 내용 호흡과 움직임을 연결하여 흐름 있게 이어가는 빈야사 수업입니다. AD(Advanced)의 구성으로, 보다 난이도 있는 시퀀스와 도전적인 아사나가 포함됩니다. • 난이도 / 대상자 ✔ 6개월 이상 수련자 ✔ 빈야사 흐름에 익숙하고 기본 체력이 갖춰진 분 ✔ 난이도 있는 동작에 도전하고 싶은 중급이상 수련자 📍 장소 서울 서대문구 연희로 85 5층 ⏰ 입장 수업 10분 전부터 입장 가능합니다 (시작 후 입장이 제한될 수 있습니다) 🧘 준비물 공용매트 30개 사용 가능(원하는 분은 개인매트 지참) / 편한 복장 / 텀블러 🚗 시설 안내 남녀 탈의실 , 샤워가능 , 주차가능 ❗ 안내 수업취소- 시작 시간 24시간 전까지 가능 ▪ 공간 이용 시 유의사항 수업 시작 5~10분 전 도착 부탁드립니다. 수업 중 휴대폰은 무음으로 부탁드립니다	"
class,2p.txt,2,7,28,28,[마이트리] 아쉬탕가,"정해진 흐름 속에서, 나를 단단하게 만들어가는 아쉬탕가 마이트리에서 진행되는 아쉬탕가 클래스입니다. 호흡과 동작을 일정한 시퀀스로 연결하며, 몸의 정렬과 집중을 함께 다집니다. 반복되는 흐름 속에서 안정감과 깊이를 쌓아가는 수련입니다. - 기본을 탄탄하게 만들고 싶은 분 - 집중도 높은 수련을 원하는 분 - 꾸준히 나를 단련하고 싶은 분 📍 장소 서울 서대문구 연희로 85 5층 ⏰ 입장 수업 10분 전부터 입장 가능합니다 (시작 후 입장이 제한될 수 있습니다) 🧘 준비물 공용매트 30개 사용 가능(원하는 분은 개인매트 지참) / 편한 복장 / 텀블러 🚗 시설 안내 남녀 탈의실 , 샤워가능 , 주차가능 ❗ 안내 수업취소- 시작 시간 24시간 전까지 가능	","[마이트리] 아쉬탕가	정해진 흐름 속에서, 나를 단단하게 만들어가는 아쉬탕가 마이트리에서 진행되는 아쉬탕가 클래스입니다. 호흡과 동작을 일정한 시퀀스로 연결하며, 몸의 정렬과 집중을 함께 다집니다. 반복되는 흐름 속에서 안정감과 깊이를 쌓아가는 수련입니다. - 기본을 탄탄하게 만들고 싶은 분 - 집중도 높은 수련을 원하는 분 - 꾸준히 나를 단련하고 싶은 분 📍 장소 서울 서대문구 연희로 85 5층 ⏰ 입장 수업 10분 전부터 입장 가능합니다 (시작 후 입장이 제한될 수 있습니다) 🧘 준비물 공용매트 30개 사용 가능(원하는 분은 개인매트 지참) / 편한 복장 / 텀블러 🚗 시설 안내 남녀 탈의실 , 샤워가능 , 주차가능 ❗ 안내 수업취소- 시작 시간 24시간 전까지 가능	"
class,2p.txt,2,8,29,29,[마이트리] 얼라인 요가,"정렬을 바로잡고, 몸을 더 안전하고 정확하게 쓰는 요가 마이트리에서 진행되는 얼라인 요가 클래스입니다. 각 동작의 정렬과 힘의 방향을 세밀하게 살피며, 몸을 안전하고 효율적으로 사용하는 방법을 익혀갑니다. 기초부터 차근차근 다지며, 안정감 있는 움직임을 만들어갑니다. - 자세와 정렬을 정확하게 배우고 싶은 분 - 부상 없이 안전하게 운동하고 싶은 분 - 몸의 사용법을 제대로 이해하고 싶은 분 📍 장소 서울 서대문구 연희로 85 5층 ⏰ 입장 수업 10분 전부터 입장 가능합니다 (시작 후 입장이 제한될 수 있습니다) 🧘 준비물 공용매트 30개 사용 가능(원하는 분은 개인매트 지참) / 편한 복장 / 텀블러 🚗 시설 안내 남녀 탈의실 , 샤워가능 , 주차가능 ❗ 안내 수업취소- 시작 시간 24시간 전까지 가능	","[마이트리] 얼라인 요가	정렬을 바로잡고, 몸을 더 안전하고 정확하게 쓰는 요가 마이트리에서 진행되는 얼라인 요가 클래스입니다. 각 동작의 정렬과 힘의 방향을 세밀하게 살피며, 몸을 안전하고 효율적으로 사용하는 방법을 익혀갑니다. 기초부터 차근차근 다지며, 안정감 있는 움직임을 만들어갑니다. - 자세와 정렬을 정확하게 배우고 싶은 분 - 부상 없이 안전하게 운동하고 싶은 분 - 몸의 사용법을 제대로 이해하고 싶은 분 📍 장소 서울 서대문구 연희로 85 5층 ⏰ 입장 수업 10분 전부터 입장 가능합니다 (시작 후 입장이 제한될 수 있습니다) 🧘 준비물 공용매트 30개 사용 가능(원하는 분은 개인매트 지참) / 편한 복장 / 텀블러 🚗 시설 안내 남녀 탈의실 , 샤워가능 , 주차가능 ❗ 안내 수업취소- 시작 시간 24시간 전까지 가능	"
class,2p.txt,2,9,30,30,[마이트리] 테라피,"몸의 불편함을 풀고, 균형을 회복하는 테라피 요가 마이트리에서 진행되는 테라피 요가 클래스입니다. 개인의 몸 상태에 맞춰 긴장을 완화하고, 불균형을 조절하며 통증의 원인을 이해하고 부드럽게 회복으로 이어갑니다. 무리하지 않는 움직임으로 몸과 마음을 함께 안정시킵니다. - 통증이나 불편함을 완화하고 싶은 분 - 몸의 균형을 회복하고 싶은 분 - 안전하고 부드러운 요가를 원하는 분 📍 장소 서울 서대문구 연희로 85 5층 ⏰ 입장 수업 10분 전부터 입장 가능합니다 (시작 후 입장이 제한될 수 있습니다) 🧘 준비물 공용매트 30개 사용 가능(원하는 분은 개인매트 지참) / 편한 복장 / 텀블러 🚗 시설 안내 남녀 탈의실 , 샤워가능 , 주차가능 ❗ 안내 수업취소- 시작 시간 24시간 전까지 가능	","[마이트리] 테라피	몸의 불편함을 풀고, 균형을 회복하는 테라피 요가 마이트리에서 진행되는 테라피 요가 클래스입니다. 개인의 몸 상태에 맞춰 긴장을 완화하고, 불균형을 조절하며 통증의 원인을 이해하고 부드럽게 회복으로 이어갑니다. 무리하지 않는 움직임으로 몸과 마음을 함께 안정시킵니다. - 통증이나 불편함을 완화하고 싶은 분 - 몸의 균형을 회복하고 싶은 분 - 안전하고 부드러운 요가를 원하는 분 📍 장소 서울 서대문구 연희로 85 5층 ⏰ 입장 수업 10분 전부터 입장 가능합니다 (시작 후 입장이 제한될 수 있습니다) 🧘 준비물 공용매트 30개 사용 가능(원하는 분은 개인매트 지참) / 편한 복장 / 텀블러 🚗 시설 안내 남녀 탈의실 , 샤워가능 , 주차가능 ❗ 안내 수업취소- 시작 시간 24시간 전까지 가능	"
class,2p.txt,2,10,31,31,[마이트리] 하타,"기본에 머물며, 몸과 호흡을 차분히 쌓아가는 하타요가 마이트리에서 진행되는 하타요가 클래스입니다. 호흡에 맞춰 기본 아사나를 하나씩 익히며, 몸의 감각과 정렬을 안정적으로 다져갑니다. 빠르지 않게, 차분한 흐름 속에서 집중과 균형을 만들어갑니다. - 요가를 처음 시작하는 분 - 기초를 탄탄하게 다지고 싶은 분 - 편안하게 호흡과 움직임에 집중하고 싶은 분 📍 장소 서울 서대문구 연희로 85 5층 ⏰ 입장 수업 10분 전부터 입장 가능합니다 (시작 후 입장이 제한될 수 있습니다) 🧘 준비물 공용매트 30개 사용 가능(원하는 분은 개인매트 지참) / 편한 복장 / 텀블러 🚗 시설 안내 남녀 탈의실 , 샤워가능 , 주차가능 ❗ 안내 수업취소- 시작 시간 24시간 전까지 가능	","[마이트리] 하타	기본에 머물며, 몸과 호흡을 차분히 쌓아가는 하타요가 마이트리에서 진행되는 하타요가 클래스입니다. 호흡에 맞춰 기본 아사나를 하나씩 익히며, 몸의 감각과 정렬을 안정적으로 다져갑니다. 빠르지 않게, 차분한 흐름 속에서 집중과 균형을 만들어갑니다. - 요가를 처음 시작하는 분 - 기초를 탄탄하게 다지고 싶은 분 - 편안하게 호흡과 움직임에 집중하고 싶은 분 📍 장소 서울 서대문구 연희로 85 5층 ⏰ 입장 수업 10분 전부터 입장 가능합니다 (시작 후 입장이 제한될 수 있습니다) 🧘 준비물 공용매트 30개 사용 가능(원하는 분은 개인매트 지참) / 편한 복장 / 텀블러 🚗 시설 안내 남녀 탈의실 , 샤워가능 , 주차가능 ❗ 안내 수업취소- 시작 시간 24시간 전까지 가능	"
class,3p.txt,3,1,22,22,[마이트리] 하타 집중,"▪ 하타 집중 (수) / 지바나 • 수업 내용 호흡과 감각에 집중하며 각 동작을 깊이 있게 경험하는 하타 수업 • 난이도 / 대상자 ✔ 요가 수련 6개월 이상 ✔️ 머리서기 가능자 📍 장소 서울 서대문구 연희로 85 5층 ⏰ 입장 수업 10분 전부터 입장 가능합니다 (시작 후 입장이 제한될 수 있습니다) 🧘 준비물 공용매트 30개 사용 가능(원하는 분은 개인매트 지참) / 편한 복장 / 텀블러 🚗 시설 안내 남녀 탈의실 , 샤워가능 , 주차가능 ❗ 안내 수업취소- 시작 시간 24시간 전까지 가능 ▪ 공간 이용 시 유의사항 수업 시작 5~10분 전 도착 부탁드립니다. 수업 중 휴대폰은 무음으로 부탁드립니다	","[마이트리] 하타 집중	▪ 하타 집중 (수) / 지바나 • 수업 내용 호흡과 감각에 집중하며 각 동작을 깊이 있게 경험하는 하타 수업 • 난이도 / 대상자 ✔ 요가 수련 6개월 이상 ✔️ 머리서기 가능자 📍 장소 서울 서대문구 연희로 85 5층 ⏰ 입장 수업 10분 전부터 입장 가능합니다 (시작 후 입장이 제한될 수 있습니다) 🧘 준비물 공용매트 30개 사용 가능(원하는 분은 개인매트 지참) / 편한 복장 / 텀블러 🚗 시설 안내 남녀 탈의실 , 샤워가능 , 주차가능 ❗ 안내 수업취소- 시작 시간 24시간 전까지 가능 ▪ 공간 이용 시 유의사항 수업 시작 5~10분 전 도착 부탁드립니다. 수업 중 휴대폰은 무음으로 부탁드립니다	"
class,3p.txt,3,2,23,23,[마이트리] 하타베이직,"처음이라도 괜찮은, 가장 기초부터 시작하는 하타요가 마이트리에서 진행되는 하타 베이직 클래스입니다. 호흡과 함께 기본 아사나를 천천히 익히며, 몸의 감각과 움직임을 하나씩 알아가는 시간입니다. 무리 없이 따라갈 수 있는 속도로, 안정적인 시작을 돕습니다. - 요가가 처음인 분 - 기초를 차근차근 배우고 싶은 분 - 부담 없이 편안하게 시작하고 싶은 분 📍 장소 서울 서대문구 연희로 85 5층 ⏰ 입장 수업 10분 전부터 입장 가능합니다 (시작 후 입장이 제한될 수 있습니다) 🧘 준비물 공용매트 30개 사용 가능(원하는 분은 개인매트 지참) / 편한 복장 / 텀블러 🚗 시설 안내 남녀 탈의실 , 샤워가능 , 주차가능 ❗ 안내 수업취소- 시작 시간 24시간 전까지 가능	","[마이트리] 하타베이직	처음이라도 괜찮은, 가장 기초부터 시작하는 하타요가 마이트리에서 진행되는 하타 베이직 클래스입니다. 호흡과 함께 기본 아사나를 천천히 익히며, 몸의 감각과 움직임을 하나씩 알아가는 시간입니다. 무리 없이 따라갈 수 있는 속도로, 안정적인 시작을 돕습니다. - 요가가 처음인 분 - 기초를 차근차근 배우고 싶은 분 - 부담 없이 편안하게 시작하고 싶은 분 📍 장소 서울 서대문구 연희로 85 5층 ⏰ 입장 수업 10분 전부터 입장 가능합니다 (시작 후 입장이 제한될 수 있습니다) 🧘 준비물 공용매트 30개 사용 가능(원하는 분은 개인매트 지참) / 편한 복장 / 텀블러 🚗 시설 안내 남녀 탈의실 , 샤워가능 , 주차가능 ❗ 안내 수업취소- 시작 시간 24시간 전까지 가능	"
class,3p.txt,3,3,24,24,[마이트리|연희스페셜] 꽁샘과 도전하는 에카파다라자카포타,"에카파다 라자카포타사나로 나아가는, 집중도 높은 단계별 수련 청라 공요가 꽁쌤과 함께하는 C요가 클래스입니다. 피크 포즈를 향해 단계적으로 접근하며, 다양한 도구를 활용해 몸을 안전하게 준비합니다. 척추의 압박과 두려움을 줄이고, 구조와 연결을 통해 안정적인 확장을 경험합니다. - C요가를 경험해보고 싶은 분 - 후굴 자세에 도전해보고 싶은 분 - 집중도 높은 수련으로 깊이 몰입하고 싶은 분 📍 장소 서울 서대문구 연희로 85 5층 ⏰ 입장 수업 10분 전부터 입장 가능합니다 (시작 후 입장이 제한될 수 있습니다) 🧘 준비물 공용매트 30개 사용 가능(원하는 분은 개인매트 지참) / 편한 복장 / 텀블러 🚗 시설 안내 남녀 탈의실 , 샤워가능 , 주차가능 ❗ 안내 수업취소- 시작 시간 24시간 전까지 가능	","[마이트리|연희스페셜] 꽁샘과 도전하는 에카파다라자카포타	에카파다 라자카포타사나로 나아가는, 집중도 높은 단계별 수련 청라 공요가 꽁쌤과 함께하는 C요가 클래스입니다. 피크 포즈를 향해 단계적으로 접근하며, 다양한 도구를 활용해 몸을 안전하게 준비합니다. 척추의 압박과 두려움을 줄이고, 구조와 연결을 통해 안정적인 확장을 경험합니다. - C요가를 경험해보고 싶은 분 - 후굴 자세에 도전해보고 싶은 분 - 집중도 높은 수련으로 깊이 몰입하고 싶은 분 📍 장소 서울 서대문구 연희로 85 5층 ⏰ 입장 수업 10분 전부터 입장 가능합니다 (시작 후 입장이 제한될 수 있습니다) 🧘 준비물 공용매트 30개 사용 가능(원하는 분은 개인매트 지참) / 편한 복장 / 텀블러 🚗 시설 안내 남녀 탈의실 , 샤워가능 , 주차가능 ❗ 안내 수업취소- 시작 시간 24시간 전까지 가능	"
class,3p.txt,3,4,25,25,[마이트리|연희스페셜] 독서와 요가,"책과 호흡 사이에서, 나를 천천히 깨우는 시간 마이트리요가 연희점에서 진행되는 〈독서와 요가〉 프로그램입니다. 각자가 가져온 책을 함께 조용히 읽으며 마음을 가라앉히고, 고요해진 호흡 위에서 천천히 몸을 깨워가는 시간을 가집니다. 읽기와 움직임이 자연스럽게 이어지며, 깊고 잔잔한 몰입을 경험합니다. - 책과 함께 조용한 시간을 보내고 싶은 분 - 몸과 마음을 동시에 정돈하고 싶은 분 - 느린 리듬 속에서 나에게 집중하고 싶은 분 **각자 읽을 책을 꼭 지참해 주시길 바랍니다** 📍 장소 서울 서대문구 연희로 85 5층 ⏰ 입장 수업 10분 전부터 입장 가능합니다 (시작 후 입장이 제한될 수 있습니다) 🧘 준비물 공용매트 30개 사용 가능(원하는 분은 개인매트 지참) / 편한 복장 / 텀블러 🚗 시설 안내 남녀 탈의실 , 샤워가능 , 주차가능 ❗ 안내 수업취소- 시작 시간 24시간 전까지 가능	","[마이트리|연희스페셜] 독서와 요가	책과 호흡 사이에서, 나를 천천히 깨우는 시간 마이트리요가 연희점에서 진행되는 〈독서와 요가〉 프로그램입니다. 각자가 가져온 책을 함께 조용히 읽으며 마음을 가라앉히고, 고요해진 호흡 위에서 천천히 몸을 깨워가는 시간을 가집니다. 읽기와 움직임이 자연스럽게 이어지며, 깊고 잔잔한 몰입을 경험합니다. - 책과 함께 조용한 시간을 보내고 싶은 분 - 몸과 마음을 동시에 정돈하고 싶은 분 - 느린 리듬 속에서 나에게 집중하고 싶은 분 **각자 읽을 책을 꼭 지참해 주시길 바랍니다** 📍 장소 서울 서대문구 연희로 85 5층 ⏰ 입장 수업 10분 전부터 입장 가능합니다 (시작 후 입장이 제한될 수 있습니다) 🧘 준비물 공용매트 30개 사용 가능(원하는 분은 개인매트 지참) / 편한 복장 / 텀블러 🚗 시설 안내 남녀 탈의실 , 샤워가능 , 주차가능 ❗ 안내 수업취소- 시작 시간 24시간 전까지 가능	"
class,3p.txt,3,5,26,26,[마이트리|연희스페셜] 올레벨 빈야사,"한석완과 함께, 흐름 속에서 나만의 리듬을 발견하는 빈야사 몸의 감각과 흐름을 깊이 탐구해온 한석완 선생님의 빈야사 클래스입니다. 지면을 딛는 안정감에서 시작해, 동작과 동작 사이의 연결 속에서 새로운 움직임의 재미를 발견합니다. 초보자부터 꾸준히 수련하는 분들까지 함께 어우러지며, 각자의 리듬을 자연스럽게 찾아가는 시간입니다. - 깊이 있는 빈야사를 경험해보고 싶은 분 - 나만의 움직임과 리듬을 찾고 싶은 분 - 안정감과 흐름을 동시에 느끼고 싶은 분 📍 장소 서울 서대문구 연희로 85 5층 ⏰ 입장 수업 10분 전부터 입장 가능합니다 (시작 후 입장이 제한될 수 있습니다) 🧘 준비물 공용매트 30개 사용 가능(원하는 분은 개인매트 지참) / 편한 복장 / 텀블러 🚗 시설 안내 남녀 탈의실 , 샤워가능 , 주차가능 ❗ 안내 수업취소- 시작 시간 24시간 전까지 가능	","[마이트리|연희스페셜] 올레벨 빈야사	한석완과 함께, 흐름 속에서 나만의 리듬을 발견하는 빈야사 몸의 감각과 흐름을 깊이 탐구해온 한석완 선생님의 빈야사 클래스입니다. 지면을 딛는 안정감에서 시작해, 동작과 동작 사이의 연결 속에서 새로운 움직임의 재미를 발견합니다. 초보자부터 꾸준히 수련하는 분들까지 함께 어우러지며, 각자의 리듬을 자연스럽게 찾아가는 시간입니다. - 깊이 있는 빈야사를 경험해보고 싶은 분 - 나만의 움직임과 리듬을 찾고 싶은 분 - 안정감과 흐름을 동시에 느끼고 싶은 분 📍 장소 서울 서대문구 연희로 85 5층 ⏰ 입장 수업 10분 전부터 입장 가능합니다 (시작 후 입장이 제한될 수 있습니다) 🧘 준비물 공용매트 30개 사용 가능(원하는 분은 개인매트 지참) / 편한 복장 / 텀블러 🚗 시설 안내 남녀 탈의실 , 샤워가능 , 주차가능 ❗ 안내 수업취소- 시작 시간 24시간 전까지 가능	"
class,3p.txt,3,6,27,27,[마이트리|연희스페셜] Root to Rise (Vinyasa),"여러분들의 삶은 얼마나 Grounding 되어있나요? 삶이든 요가이든 우리는 흔들리지 않는 삶을 위해서는 가장 기본적인 뿌리내림 (Rooted/grounded) 가 매우 중요하다고 생각합니다. 요가 매트와 닿는 나의 신체 손과 발을 통해 단단히 뿌리내리고, 하체에서 시작된 에너지를 상체로 자연스럽게 이어갑니다. 호흡과 움직임이 하나로 연결되는 흐름 속에서, 나의 몸이 얼마나 유기적으로 이어져 있는지 느껴봅니다. (Connection Build) 매트 위에서의 흐름은 결국 내가 얼마나 단단히 뿌리내리고 살아가고 있는지를 비추는 매순간의 연습입니다.	","[마이트리|연희스페셜] Root to Rise (Vinyasa)	여러분들의 삶은 얼마나 Grounding 되어있나요? 삶이든 요가이든 우리는 흔들리지 않는 삶을 위해서는 가장 기본적인 뿌리내림 (Rooted/grounded) 가 매우 중요하다고 생각합니다. 요가 매트와 닿는 나의 신체 손과 발을 통해 단단히 뿌리내리고, 하체에서 시작된 에너지를 상체로 자연스럽게 이어갑니다. 호흡과 움직임이 하나로 연결되는 흐름 속에서, 나의 몸이 얼마나 유기적으로 이어져 있는지 느껴봅니다. (Connection Build) 매트 위에서의 흐름은 결국 내가 얼마나 단단히 뿌리내리고 살아가고 있는지를 비추는 매순간의 연습입니다.	"
class,3p.txt,3,7,28,29,"[마인드플로우] 느긋하고 자유로운 흐름, 움직임 명상","몸과 마음이 이끄는 대로 자유롭게 움직이는 명상 움직임으로 몰랐던 마음을 알아차리고 감정을 해소하는 시간 : 정해진 동작을 익히는 것보다 자유로운 내면의 움직임을 탐색하고 싶은 분, 혼자 가만히 앉아서 명상하는 것이 어려웠던 분께 추천해요. 📍 장소 서울 서대문구 연희로 224 3층 ⏰ 입장 스튜디오는 20분 전 오픈됩니다.  (시작 후 입장이 제한될 수 있습니다) 🧘 준비물 개인 매트 / 편한 복장 /텀블러 
공용 매트 O : 공용 매트가 준비되어 있습니다.  개인 매트, 매트 타월, 핸드 타월을 가져오시면 더 쾌적한 수련이 가능합니다. 탈의 공간 O / 샤워 X  : 남녀 공용 탈의실입니다. 서로를 배려해주세요. 🚗 주차 주차 공간이 협소합니다. 서대문구청 등 근처 유료 주차장을 이용해주세요 ❗ 안내 수업취소- 시작 시간 24시간 전까지 가능	","[마인드플로우] 느긋하고 자유로운 흐름, 움직임 명상	몸과 마음이 이끄는 대로 자유롭게 움직이는 명상 움직임으로 몰랐던 마음을 알아차리고 감정을 해소하는 시간 : 정해진 동작을 익히는 것보다 자유로운 내면의 움직임을 탐색하고 싶은 분, 혼자 가만히 앉아서 명상하는 것이 어려웠던 분께 추천해요. 📍 장소 서울 서대문구 연희로 224 3층 ⏰ 입장 스튜디오는 20분 전 오픈됩니다.  (시작 후 입장이 제한될 수 있습니다) 🧘 준비물 개인 매트 / 편한 복장 /텀블러 
공용 매트 O : 공용 매트가 준비되어 있습니다.  개인 매트, 매트 타월, 핸드 타월을 가져오시면 더 쾌적한 수련이 가능합니다. 탈의 공간 O / 샤워 X  : 남녀 공용 탈의실입니다. 서로를 배려해주세요. 🚗 주차 주차 공간이 협소합니다. 서대문구청 등 근처 유료 주차장을 이용해주세요 ❗ 안내 수업취소- 시작 시간 24시간 전까지 가능	"
class,3p.txt,3,8,30,31,[마인드플로우] 비기너요가,"요가를 시작하는 사람이 기본 동작을 차근차근 연습하며 힘과 유연성을 기르기 좋은 시간 : 요가가 처음이거나 오랜만인 분께 추천해요. 📍 장소 서울 서대문구 연희로 224 3층 ⏰ 입장 스튜디오는 20분 전 오픈됩니다.  (시작 후 입장이 제한될 수 있습니다) 🧘 준비물 개인 매트 / 편한 복장 /텀블러 
공용 매트 O : 공용 매트가 준비되어 있습니다.  개인 매트, 매트 타월, 핸드 타월을 가져오시면 더 쾌적한 수련이 가능합니다. 탈의 공간 O / 샤워 X  : 남녀 공용 탈의실입니다. 서로를 배려해주세요. 🚗 주차 주차 공간이 협소합니다. 서대문구청 등 근처 유료 주차장을 이용해주세요 ❗ 안내 수업취소- 시작 시간 24시간 전까지 가능	","[마인드플로우] 비기너요가	요가를 시작하는 사람이 기본 동작을 차근차근 연습하며 힘과 유연성을 기르기 좋은 시간 : 요가가 처음이거나 오랜만인 분께 추천해요. 📍 장소 서울 서대문구 연희로 224 3층 ⏰ 입장 스튜디오는 20분 전 오픈됩니다.  (시작 후 입장이 제한될 수 있습니다) 🧘 준비물 개인 매트 / 편한 복장 /텀블러 
공용 매트 O : 공용 매트가 준비되어 있습니다.  개인 매트, 매트 타월, 핸드 타월을 가져오시면 더 쾌적한 수련이 가능합니다. 탈의 공간 O / 샤워 X  : 남녀 공용 탈의실입니다. 서로를 배려해주세요. 🚗 주차 주차 공간이 협소합니다. 서대문구청 등 근처 유료 주차장을 이용해주세요 ❗ 안내 수업취소- 시작 시간 24시간 전까지 가능	"
class,3p.txt,3,9,32,33,[마인드플로우] 빈야사요가,"자세와 자세를 부드럽게 연결하며 움직이는 요가 스탠딩 동작으로 근력을 키우고, 유지하고 뻗는 자세로 유연성을 기르는 시간 : 기반을 단단하게 다지면서 흐르듯 움직이고 싶은 분께 추천해요. 📍 장소 서울 서대문구 연희로 224 3층 ⏰ 입장 스튜디오는 20분 전 오픈됩니다.  (시작 후 입장이 제한될 수 있습니다) 🧘 준비물 개인 매트 / 편한 복장 /텀블러 
공용 매트 O : 공용 매트가 준비되어 있습니다.  개인 매트, 매트 타월, 핸드 타월을 가져오시면 더 쾌적한 수련이 가능합니다. 탈의 공간 O / 샤워 X  : 남녀 공용 탈의실입니다. 서로를 배려해주세요. 🚗 주차 주차 공간이 협소합니다. 서대문구청 등 근처 유료 주차장을 이용해주세요 ❗ 안내 수업취소- 시작 시간 24시간 전까지 가능	","[마인드플로우] 빈야사요가	자세와 자세를 부드럽게 연결하며 움직이는 요가 스탠딩 동작으로 근력을 키우고, 유지하고 뻗는 자세로 유연성을 기르는 시간 : 기반을 단단하게 다지면서 흐르듯 움직이고 싶은 분께 추천해요. 📍 장소 서울 서대문구 연희로 224 3층 ⏰ 입장 스튜디오는 20분 전 오픈됩니다.  (시작 후 입장이 제한될 수 있습니다) 🧘 준비물 개인 매트 / 편한 복장 /텀블러 
공용 매트 O : 공용 매트가 준비되어 있습니다.  개인 매트, 매트 타월, 핸드 타월을 가져오시면 더 쾌적한 수련이 가능합니다. 탈의 공간 O / 샤워 X  : 남녀 공용 탈의실입니다. 서로를 배려해주세요. 🚗 주차 주차 공간이 협소합니다. 서대문구청 등 근처 유료 주차장을 이용해주세요 ❗ 안내 수업취소- 시작 시간 24시간 전까지 가능	"
class,3p.txt,3,10,34,35,[마인드플로우] 움직임명상,"몸과 마음이 이끄는 대로 자유롭게 움직이는 명상 움직임으로 몰랐던 마음을 알아차리고 감정을 해소하는 시간 : 정해진 동작을 익히는 것보다 자유로운 내면의 움직임을 탐색하고 싶은 분, 혼자 가만히 앉아서 명상하는 것이 어려웠던 분께 추천해요. 📍 장소 서울 서대문구 연희로 224 3층 ⏰ 입장 스튜디오는 20분 전 오픈됩니다.  (시작 후 입장이 제한될 수 있습니다) 🧘 준비물 개인 매트 / 편한 복장 /텀블러 
공용 매트 O : 공용 매트가 준비되어 있습니다.  개인 매트, 매트 타월, 핸드 타월을 가져오시면 더 쾌적한 수련이 가능합니다. 탈의 공간 O / 샤워 X  : 남녀 공용 탈의실입니다. 서로를 배려해주세요. 🚗 주차 주차 공간이 협소합니다. 서대문구청 등 근처 유료 주차장을 이용해주세요 ❗ 안내 수업취소- 시작 시간 24시간 전까지 가능	","[마인드플로우] 움직임명상	몸과 마음이 이끄는 대로 자유롭게 움직이는 명상 움직임으로 몰랐던 마음을 알아차리고 감정을 해소하는 시간 : 정해진 동작을 익히는 것보다 자유로운 내면의 움직임을 탐색하고 싶은 분, 혼자 가만히 앉아서 명상하는 것이 어려웠던 분께 추천해요. 📍 장소 서울 서대문구 연희로 224 3층 ⏰ 입장 스튜디오는 20분 전 오픈됩니다.  (시작 후 입장이 제한될 수 있습니다) 🧘 준비물 개인 매트 / 편한 복장 /텀블러 
공용 매트 O : 공용 매트가 준비되어 있습니다.  개인 매트, 매트 타월, 핸드 타월을 가져오시면 더 쾌적한 수련이 가능합니다. 탈의 공간 O / 샤워 X  : 남녀 공용 탈의실입니다. 서로를 배려해주세요. 🚗 주차 주차 공간이 협소합니다. 서대문구청 등 근처 유료 주차장을 이용해주세요 ❗ 안내 수업취소- 시작 시간 24시간 전까지 가능	"
class,4p.txt,4,1,22,23,[마인드플로우] 차근차근 기본을 다지는 비기너 요가,"처음부터 천천히, 몸을 안전하게 깨우는 비기너 요가 마인드플로우에서 진행되는 기초 중심의 비기너 요가 클래스입니다. 호흡과 함께 기본 동작을 차근차근 익히며, 몸의 감각과 움직임을 안정적으로 이해해갑니다. 무리 없는 속도로 진행되어 누구나 편안하게 참여할 수 있습니다. - 요가가 처음인 분 - 기초를 제대로 배우고 싶은 분 - 부담 없이 몸을 풀고 싶은 분 📍 장소 서울 서대문구 연희로 224 3층 ⏰ 입장 스튜디오는 20분 전 오픈됩니다.  (시작 후 입장이 제한될 수 있습니다) 🧘 준비물 개인 매트 / 편한 복장 /텀블러 
공용 매트 O : 공용 매트가 준비되어 있습니다.  개인 매트, 매트 타월, 핸드 타월을 가져오시면 더 쾌적한 수련이 가능합니다. 탈의 공간 O / 샤워 X  : 남녀 공용 탈의실입니다. 서로를 배려해주세요. 🚗 주차 주차 공간이 협소합니다. 서대문구청 등 근처 유료 주차장을 이용해주세요 ❗ 안내 수업취소- 시작 시간 24시간 전까지 가능	","[마인드플로우] 차근차근 기본을 다지는 비기너 요가	처음부터 천천히, 몸을 안전하게 깨우는 비기너 요가 마인드플로우에서 진행되는 기초 중심의 비기너 요가 클래스입니다. 호흡과 함께 기본 동작을 차근차근 익히며, 몸의 감각과 움직임을 안정적으로 이해해갑니다. 무리 없는 속도로 진행되어 누구나 편안하게 참여할 수 있습니다. - 요가가 처음인 분 - 기초를 제대로 배우고 싶은 분 - 부담 없이 몸을 풀고 싶은 분 📍 장소 서울 서대문구 연희로 224 3층 ⏰ 입장 스튜디오는 20분 전 오픈됩니다.  (시작 후 입장이 제한될 수 있습니다) 🧘 준비물 개인 매트 / 편한 복장 /텀블러 
공용 매트 O : 공용 매트가 준비되어 있습니다.  개인 매트, 매트 타월, 핸드 타월을 가져오시면 더 쾌적한 수련이 가능합니다. 탈의 공간 O / 샤워 X  : 남녀 공용 탈의실입니다. 서로를 배려해주세요. 🚗 주차 주차 공간이 협소합니다. 서대문구청 등 근처 유료 주차장을 이용해주세요 ❗ 안내 수업취소- 시작 시간 24시간 전까지 가능	"
class,4p.txt,4,2,24,25,[마인드플로우] 하타요가,"천천히 호흡과 자세에 집중하며 차분하게 몸의 균형을 되찾고, 마음의 안정과 이완을 키워가는 시간 : 느긋하게 몸에 집중하고 싶은 분께 추천해요. 📍 장소 서울 서대문구 연희로 224 3층 ⏰ 입장 스튜디오는 20분 전 오픈됩니다.  (시작 후 입장이 제한될 수 있습니다) 🧘 준비물 개인 매트 / 편한 복장 /텀블러 
공용 매트 O : 공용 매트가 준비되어 있습니다.  개인 매트, 매트 타월, 핸드 타월을 가져오시면 더 쾌적한 수련이 가능합니다. 탈의 공간 O / 샤워 X  : 남녀 공용 탈의실입니다. 서로를 배려해주세요. 🚗 주차 주차 공간이 협소합니다. 서대문구청 등 근처 유료 주차장을 이용해주세요 ❗ 안내 수업취소- 시작 시간 24시간 전까지 가능	","[마인드플로우] 하타요가	천천히 호흡과 자세에 집중하며 차분하게 몸의 균형을 되찾고, 마음의 안정과 이완을 키워가는 시간 : 느긋하게 몸에 집중하고 싶은 분께 추천해요. 📍 장소 서울 서대문구 연희로 224 3층 ⏰ 입장 스튜디오는 20분 전 오픈됩니다.  (시작 후 입장이 제한될 수 있습니다) 🧘 준비물 개인 매트 / 편한 복장 /텀블러 
공용 매트 O : 공용 매트가 준비되어 있습니다.  개인 매트, 매트 타월, 핸드 타월을 가져오시면 더 쾌적한 수련이 가능합니다. 탈의 공간 O / 샤워 X  : 남녀 공용 탈의실입니다. 서로를 배려해주세요. 🚗 주차 주차 공간이 협소합니다. 서대문구청 등 근처 유료 주차장을 이용해주세요 ❗ 안내 수업취소- 시작 시간 24시간 전까지 가능	"
class,4p.txt,4,3,26,27,[마인드플로우|연희스페셜] 몸으로 하는 선셋 자애 명상,"노을 속에서 나를 따뜻하게 안아주는, 몸으로 하는 자애 명상 마인드플로우 연희 스페셜 프로그램으로 진행되는 선셋 자애 명상입니다. 부드러운 움직임과 호흡을 통해 몸의 감각을 열고, 해 질 무렵의 고요한 시간 속에서 자신에게 따뜻한 마음을 전합니다. 생각이 아닌 몸의 경험을 통해 자애를 느끼고, 깊은 안정과 연결로 이어집니다. - 스스로에게 따뜻함을 전하고 싶은 분 - 감정의 회복과 안정이 필요한 분 - 고요한 시간 속에서 깊이 머물고 싶은 분 📍 장소 서울 서대문구 연희로 224 3층 ⏰ 입장 스튜디오는 20분 전 오픈됩니다.  (시작 후 입장이 제한될 수 있습니다) 🧘 준비물 개인 매트 / 편한 복장 /텀블러 
공용 매트 O : 공용 매트가 준비되어 있습니다.  개인 매트, 매트 타월, 핸드 타월을 가져오시면 더 쾌적한 수련이 가능합니다. 탈의 공간 O / 샤워 X  : 남녀 공용 탈의실입니다. 서로를 배려해주세요. 🚗 주차 주차 공간이 협소합니다. 서대문구청 등 근처 유료 주차장을 이용해주세요 ❗ 안내 수업취소- 시작 시간 24시간 전까지 가능	","[마인드플로우|연희스페셜] 몸으로 하는 선셋 자애 명상	노을 속에서 나를 따뜻하게 안아주는, 몸으로 하는 자애 명상 마인드플로우 연희 스페셜 프로그램으로 진행되는 선셋 자애 명상입니다. 부드러운 움직임과 호흡을 통해 몸의 감각을 열고, 해 질 무렵의 고요한 시간 속에서 자신에게 따뜻한 마음을 전합니다. 생각이 아닌 몸의 경험을 통해 자애를 느끼고, 깊은 안정과 연결로 이어집니다. - 스스로에게 따뜻함을 전하고 싶은 분 - 감정의 회복과 안정이 필요한 분 - 고요한 시간 속에서 깊이 머물고 싶은 분 📍 장소 서울 서대문구 연희로 224 3층 ⏰ 입장 스튜디오는 20분 전 오픈됩니다.  (시작 후 입장이 제한될 수 있습니다) 🧘 준비물 개인 매트 / 편한 복장 /텀블러 
공용 매트 O : 공용 매트가 준비되어 있습니다.  개인 매트, 매트 타월, 핸드 타월을 가져오시면 더 쾌적한 수련이 가능합니다. 탈의 공간 O / 샤워 X  : 남녀 공용 탈의실입니다. 서로를 배려해주세요. 🚗 주차 주차 공간이 협소합니다. 서대문구청 등 근처 유료 주차장을 이용해주세요 ❗ 안내 수업취소- 시작 시간 24시간 전까지 가능	"
class,4p.txt,4,4,28,28,[무릉] 티마인드풀니스 세션,"뿌리/잎/열매 차를 순서대로 마시며 나의 에너지를 정렬하고, 마지막 사운드 배스로 씻어내듯 묵은 감정을 털어내고, 내 안의 고요함과 마주해 보세요. 📍 장소 서울 서대문구 연희로11마길 23 ⏰ 입장 스튜디오는 10분 전 오픈됩니다.  (시작 후 입장이 제한될 수 있습니다) 🧘 준비물 열린 마음으로 오세요 🚗 주차 주차 불가 (대중교통 이용 권장) ❗ 안내 수업취소- 시작 시간 24시간 전까지 가능	","[무릉] 티마인드풀니스 세션	뿌리/잎/열매 차를 순서대로 마시며 나의 에너지를 정렬하고, 마지막 사운드 배스로 씻어내듯 묵은 감정을 털어내고, 내 안의 고요함과 마주해 보세요. 📍 장소 서울 서대문구 연희로11마길 23 ⏰ 입장 스튜디오는 10분 전 오픈됩니다.  (시작 후 입장이 제한될 수 있습니다) 🧘 준비물 열린 마음으로 오세요 🚗 주차 주차 불가 (대중교통 이용 권장) ❗ 안내 수업취소- 시작 시간 24시간 전까지 가능	"
class,4p.txt,4,5,29,29,[바운드하우스] 무릉 엠비언트 콘서트,-	,[바운드하우스] 무릉 엠비언트 콘서트	-	
class,4p.txt,4,6,30,30,[바운드하우스] 인요가와 저널링,-	,[바운드하우스] 인요가와 저널링	-	
class,4p.txt,4,7,31,31,[바운드하우스] 핸드팬 메디테이션 & 요가,-	,[바운드하우스] 핸드팬 메디테이션 & 요가	-	
class,4p.txt,4,8,32,32,[바운드하우스] 핸드팬 사운드스케이프 '일렁',"핸드팬 사운드스케이프 ‘일렁’ 음으로 피어나는 풍경들, 마음의 잔상들, 여운들. 여러 소리도구들, 필드레코딩 된 자연의 소리, 핸드팬 하모닉스가 만드는 릴렉싱 사운드. 음악과 함께 자신만의 서사를 떠올리며, 차를 마시고 호흡을 고르고 온전한 나의 자리를 살피는 순간. 음악 감상, 명상, 휴식의 경계를 넘나들며 일상의 속도에서 벗어나 나의 리듬을 되찾고, 숨결을 트는 자리. - 고요하지만 풍요로운 감각으로 하루를 시작 or 마무리 하고픈 분 - 정체된 마음과 감정에 다시 흐름을 만들고 싶은 분 - 조화로운 소리파동을 통해 에너지의 균형을 회복하고픈 분 - 말보다는 음악을 통해 생각을 정리하고픈 분 - 핸드팬 소리를 좋아하는 분	","[바운드하우스] 핸드팬 사운드스케이프 '일렁'	핸드팬 사운드스케이프 ‘일렁’ 음으로 피어나는 풍경들, 마음의 잔상들, 여운들. 여러 소리도구들, 필드레코딩 된 자연의 소리, 핸드팬 하모닉스가 만드는 릴렉싱 사운드. 음악과 함께 자신만의 서사를 떠올리며, 차를 마시고 호흡을 고르고 온전한 나의 자리를 살피는 순간. 음악 감상, 명상, 휴식의 경계를 넘나들며 일상의 속도에서 벗어나 나의 리듬을 되찾고, 숨결을 트는 자리. - 고요하지만 풍요로운 감각으로 하루를 시작 or 마무리 하고픈 분 - 정체된 마음과 감정에 다시 흐름을 만들고 싶은 분 - 조화로운 소리파동을 통해 에너지의 균형을 회복하고픈 분 - 말보다는 음악을 통해 생각을 정리하고픈 분 - 핸드팬 소리를 좋아하는 분	"
class,4p.txt,4,9,33,33,[비전스트롤 콜라보|옥상요가] 커피와 요가,"커피 향과 함께, 천천히 깨어나는 옥상 요가 연희동의 핫스팟 비전스트롤과 함께하는 옥상 요가 클래스입니다. 로스터리 이야기를 들으며 커피 향을 느끼고, 감각을 깨우는 명상으로 시작합니다. 이후 옥상에서 가볍게 몸을 풀며, 여유롭고 편안한 시간을 보냅니다. 복잡한 일상에서 벗어나, 감각과 휴식을 함께 즐기는 경험입니다. - 커피와 요가를 함께 즐기고 싶은 분 - 가볍고 편안한 힐링 시간을 원하는 분 - 색다른 공간에서 여유를 느끼고 싶은 분 📍 장소 연희로11가길 24 건물 옥상 ⏰ 입장 수련 20분 전 오픈됩니다.  (시작 후 입장이 제한될 수 있습니다) 🧘 준비물 개인매트 / 편한 복장 / 텀블러 - 탈의 공간 X / 샤워 X 🚗 주차  주차 불가(사러가 주차장, 모두의 주차장 이용 권장) ❗ 안내 수업취소- 시작 시간 24시간 전까지 가능	","[비전스트롤 콜라보|옥상요가] 커피와 요가	커피 향과 함께, 천천히 깨어나는 옥상 요가 연희동의 핫스팟 비전스트롤과 함께하는 옥상 요가 클래스입니다. 로스터리 이야기를 들으며 커피 향을 느끼고, 감각을 깨우는 명상으로 시작합니다. 이후 옥상에서 가볍게 몸을 풀며, 여유롭고 편안한 시간을 보냅니다. 복잡한 일상에서 벗어나, 감각과 휴식을 함께 즐기는 경험입니다. - 커피와 요가를 함께 즐기고 싶은 분 - 가볍고 편안한 힐링 시간을 원하는 분 - 색다른 공간에서 여유를 느끼고 싶은 분 📍 장소 연희로11가길 24 건물 옥상 ⏰ 입장 수련 20분 전 오픈됩니다.  (시작 후 입장이 제한될 수 있습니다) 🧘 준비물 개인매트 / 편한 복장 / 텀블러 - 탈의 공간 X / 샤워 X 🚗 주차  주차 불가(사러가 주차장, 모두의 주차장 이용 권장) ❗ 안내 수업취소- 시작 시간 24시간 전까지 가능	"
class,4p.txt,4,10,34,34,[비전스트롤] 커피와 요가,-	,[비전스트롤] 커피와 요가	-	
class,5p.txt,5,1,22,23,[빅블루요가] 비트박스 배우기,"입과 몸을 하나의 악기로 활용하여 리듬을 만들어내는 [비트박스 공연]과 [기초 클래스]를 진행합니다. (몸이 내는 소리와 리듬에 집중하며 즐거움을 찾고자 하는 모든 분이 참여 가능합니다.) 📍 장소 서울 서대문구 연희로15길 31 지층 ⏰ 입장 수련 20분 전 오픈됩니다.  (시작 후 입장이 제한될 수 있습니다) 수련 후 짧은 티타임이 포함될 수 있습니다.
 🧘 준비물 편한 복장 / 텀블러 - 공용 매트 제공 - 탈의 공간 O / 샤워 X 🚗 주차  건물 내 주차 불가(사러가 주차장, 모두의 주차장 이용 권장) ❗ 안내 수업취소- 시작 시간 24시간 전까지 가능	","[빅블루요가] 비트박스 배우기	입과 몸을 하나의 악기로 활용하여 리듬을 만들어내는 [비트박스 공연]과 [기초 클래스]를 진행합니다. (몸이 내는 소리와 리듬에 집중하며 즐거움을 찾고자 하는 모든 분이 참여 가능합니다.) 📍 장소 서울 서대문구 연희로15길 31 지층 ⏰ 입장 수련 20분 전 오픈됩니다.  (시작 후 입장이 제한될 수 있습니다) 수련 후 짧은 티타임이 포함될 수 있습니다.
 🧘 준비물 편한 복장 / 텀블러 - 공용 매트 제공 - 탈의 공간 O / 샤워 X 🚗 주차  건물 내 주차 불가(사러가 주차장, 모두의 주차장 이용 권장) ❗ 안내 수업취소- 시작 시간 24시간 전까지 가능	"
class,5p.txt,5,2,24,25,[빅블루요가] 정렬 에센스,"관절 중심의 구조적 원리를 이해하고 몸을 정렬하는 [정렬 에센스](입문~중)와 [정렬 인텐시브](중~상)가 운영됩니다. (신체의 불균형을 인지하고 스스로 몸의 기능을 회복하고자 하는 분들에게 권장합니다.) 📍 장소 서울 서대문구 연희로15길 31 지층 ⏰ 입장 수련 20분 전 오픈됩니다.  (시작 후 입장이 제한될 수 있습니다) 수련 후 짧은 티타임이 포함될 수 있습니다.
 🧘 준비물 편한 복장 / 텀블러 - 공용 매트 제공 - 탈의 공간 O / 샤워 X 🚗 주차  건물 내 주차 불가(사러가 주차장, 모두의 주차장 이용 권장) ❗ 안내 수업취소- 시작 시간 24시간 전까지 가능	","[빅블루요가] 정렬 에센스	관절 중심의 구조적 원리를 이해하고 몸을 정렬하는 [정렬 에센스](입문~중)와 [정렬 인텐시브](중~상)가 운영됩니다. (신체의 불균형을 인지하고 스스로 몸의 기능을 회복하고자 하는 분들에게 권장합니다.) 📍 장소 서울 서대문구 연희로15길 31 지층 ⏰ 입장 수련 20분 전 오픈됩니다.  (시작 후 입장이 제한될 수 있습니다) 수련 후 짧은 티타임이 포함될 수 있습니다.
 🧘 준비물 편한 복장 / 텀블러 - 공용 매트 제공 - 탈의 공간 O / 샤워 X 🚗 주차  건물 내 주차 불가(사러가 주차장, 모두의 주차장 이용 권장) ❗ 안내 수업취소- 시작 시간 24시간 전까지 가능	"
class,5p.txt,5,3,26,27,[빅블루요가] 호흡 리커버리,"편안한 움직임 속에서 내밀한 리듬을 회복하는 [호흡 리커버리](입문~상)와 숨의 감각하며 확장을 경험하는 [호흡 어드밴스](중~상)이 진행됩니다. (단순한 동작 수행을 넘어, 자신의 몸을 섬세하게 들여다보고 싶은 분들에게 적합합니다.) 📍 장소 서울 서대문구 연희로15길 31 지층 ⏰ 입장 수련 20분 전 오픈됩니다.  (시작 후 입장이 제한될 수 있습니다) 수련 후 짧은 티타임이 포함될 수 있습니다.
 🧘 준비물 편한 복장 / 텀블러 - 공용 매트 제공 - 탈의 공간 O / 샤워 X 🚗 주차  건물 내 주차 불가(사러가 주차장, 모두의 주차장 이용 권장) ❗ 안내 수업취소- 시작 시간 24시간 전까지 가능	","[빅블루요가] 호흡 리커버리	편안한 움직임 속에서 내밀한 리듬을 회복하는 [호흡 리커버리](입문~상)와 숨의 감각하며 확장을 경험하는 [호흡 어드밴스](중~상)이 진행됩니다. (단순한 동작 수행을 넘어, 자신의 몸을 섬세하게 들여다보고 싶은 분들에게 적합합니다.) 📍 장소 서울 서대문구 연희로15길 31 지층 ⏰ 입장 수련 20분 전 오픈됩니다.  (시작 후 입장이 제한될 수 있습니다) 수련 후 짧은 티타임이 포함될 수 있습니다.
 🧘 준비물 편한 복장 / 텀블러 - 공용 매트 제공 - 탈의 공간 O / 샤워 X 🚗 주차  건물 내 주차 불가(사러가 주차장, 모두의 주차장 이용 권장) ❗ 안내 수업취소- 시작 시간 24시간 전까지 가능	"
class,5p.txt,5,4,28,28,[빅블루요가] 후굴의 정렬,"[후굴의 정렬] 신체에는 탄성 한계가 존재합니다. 이 한계를 초과한 외력은 단순한 통증을 넘어 몸의 부상을 초래합니다. 본 수업은 자신의 가동 범위를 객관적으로 이해하고, 역학적 원리에 기반하여 신체를 안전하게 운용하는 'Body Carving' 정렬 방식을 학습합니다. 1. 움직임에서 힘의 작용 중심축 최적화 (Centering): 골반을 중심으로 상체와 하체가 방사적으로 확장될 수 있는 구조적 공간을 확보합니다. 구조적 기반 (Grounding): 관절을 조정하여 하체의 안정성을 극대화하고 흔들리지 않는 견고한 뿌리을 구축합니다. 반작용적 확장 (Extending): 지지면과 중심축을 바탕으로 확장할 수 있는 관절의 토대를 마련합니다. 2. 후굴 자세 응용 신체의 지지점과 중력의 방향에 따라 최적화된 정렬 방식은 달라져야 합니다. 앉은 자세: 기마/낙타 자세 엎드린 자세 : 코브라/활 자세 . 누운 자세 : 브릿지/휠/물고기 자세 📍 장소 서울 서대문구 연희로15길 31 지층 ⏰ 입장 수련 20분 전 오픈됩니다.  (시작 후 입장이 제한될 수 있습니다) 수련 후 짧은 티타임이 포함될 수 있습니다. 🧘 준비물 편한 복장 / 텀블러 - 공용 매트 제공 - 탈의 공간 O / 샤워 X 🚗 주차  건물 내 주차 불가(사러가 주차장, 모두의 주차장 이용 권장) ❗ 안내 수업취소- 시작 시간 24시간 전까지 가능	","[빅블루요가] 후굴의 정렬	[후굴의 정렬] 신체에는 탄성 한계가 존재합니다. 이 한계를 초과한 외력은 단순한 통증을 넘어 몸의 부상을 초래합니다. 본 수업은 자신의 가동 범위를 객관적으로 이해하고, 역학적 원리에 기반하여 신체를 안전하게 운용하는 'Body Carving' 정렬 방식을 학습합니다. 1. 움직임에서 힘의 작용 중심축 최적화 (Centering): 골반을 중심으로 상체와 하체가 방사적으로 확장될 수 있는 구조적 공간을 확보합니다. 구조적 기반 (Grounding): 관절을 조정하여 하체의 안정성을 극대화하고 흔들리지 않는 견고한 뿌리을 구축합니다. 반작용적 확장 (Extending): 지지면과 중심축을 바탕으로 확장할 수 있는 관절의 토대를 마련합니다. 2. 후굴 자세 응용 신체의 지지점과 중력의 방향에 따라 최적화된 정렬 방식은 달라져야 합니다. 앉은 자세: 기마/낙타 자세 엎드린 자세 : 코브라/활 자세 . 누운 자세 : 브릿지/휠/물고기 자세 📍 장소 서울 서대문구 연희로15길 31 지층 ⏰ 입장 수련 20분 전 오픈됩니다.  (시작 후 입장이 제한될 수 있습니다) 수련 후 짧은 티타임이 포함될 수 있습니다. 🧘 준비물 편한 복장 / 텀블러 - 공용 매트 제공 - 탈의 공간 O / 샤워 X 🚗 주차  건물 내 주차 불가(사러가 주차장, 모두의 주차장 이용 권장) ❗ 안내 수업취소- 시작 시간 24시간 전까지 가능	"
class,5p.txt,5,5,29,30,[빅블루요가|연희스페셜] 정렬 인텐시브: 견갑골 집중,"정렬 세션: 관절 중심의 구조적 원리를 이해하고 몸을 정렬하는 [정렬 에센스](입문~중)와 [정렬 인텐시브](중~상)가 운영됩니다. (신체의 불균형을 인지하고 스스로 몸의 기능을 회복하고자 하는 분들에게 권장합니다. 📍 장소 서울 서대문구 연희로15길 31 지층 ⏰ 입장 수련 20분 전 오픈됩니다.  (시작 후 입장이 제한될 수 있습니다) 수련 후 짧은 티타임이 포함될 수 있습니다.
 🧘 준비물 편한 복장 / 텀블러 - 공용 매트 제공 - 탈의 공간 O / 샤워 X 🚗 주차  건물 내 주차 불가(사러가 주차장, 모두의 주차장 이용 권장) ❗ 안내 수업취소- 시작 시간 24시간 전까지 가능	","[빅블루요가|연희스페셜] 정렬 인텐시브: 견갑골 집중	정렬 세션: 관절 중심의 구조적 원리를 이해하고 몸을 정렬하는 [정렬 에센스](입문~중)와 [정렬 인텐시브](중~상)가 운영됩니다. (신체의 불균형을 인지하고 스스로 몸의 기능을 회복하고자 하는 분들에게 권장합니다. 📍 장소 서울 서대문구 연희로15길 31 지층 ⏰ 입장 수련 20분 전 오픈됩니다.  (시작 후 입장이 제한될 수 있습니다) 수련 후 짧은 티타임이 포함될 수 있습니다.
 🧘 준비물 편한 복장 / 텀블러 - 공용 매트 제공 - 탈의 공간 O / 샤워 X 🚗 주차  건물 내 주차 불가(사러가 주차장, 모두의 주차장 이용 권장) ❗ 안내 수업취소- 시작 시간 24시간 전까지 가능	"
class,5p.txt,5,6,31,32,[빅블루요가|연희스페셜] 정렬 인텐시브: 고관절 집중,"정렬 세션: 관절 중심의 구조적 원리를 이해하고 몸을 정렬하는 [정렬 에센스](입문~중)와 [정렬 인텐시브](중~상)가 운영됩니다. (신체의 불균형을 인지하고 스스로 몸의 기능을 회복하고자 하는 분들에게 권장합니다.) 📍 장소 서울 서대문구 연희로15길 31 지층 ⏰ 입장 수련 20분 전 오픈됩니다.  (시작 후 입장이 제한될 수 있습니다) 수련 후 짧은 티타임이 포함될 수 있습니다.
 🧘 준비물 편한 복장 / 텀블러 - 공용 매트 제공 - 탈의 공간 O / 샤워 X 🚗 주차  건물 내 주차 불가(사러가 주차장, 모두의 주차장 이용 권장) ❗ 안내 수업취소- 시작 시간 24시간 전까지 가능	","[빅블루요가|연희스페셜] 정렬 인텐시브: 고관절 집중	정렬 세션: 관절 중심의 구조적 원리를 이해하고 몸을 정렬하는 [정렬 에센스](입문~중)와 [정렬 인텐시브](중~상)가 운영됩니다. (신체의 불균형을 인지하고 스스로 몸의 기능을 회복하고자 하는 분들에게 권장합니다.) 📍 장소 서울 서대문구 연희로15길 31 지층 ⏰ 입장 수련 20분 전 오픈됩니다.  (시작 후 입장이 제한될 수 있습니다) 수련 후 짧은 티타임이 포함될 수 있습니다.
 🧘 준비물 편한 복장 / 텀블러 - 공용 매트 제공 - 탈의 공간 O / 샤워 X 🚗 주차  건물 내 주차 불가(사러가 주차장, 모두의 주차장 이용 권장) ❗ 안내 수업취소- 시작 시간 24시간 전까지 가능	"
class,5p.txt,5,7,33,34,[빅블루요가|연희스페셜] 호흡어드밴스 : 숨의 리듬 익히기,"편안한 움직임 속에서 내밀한 리듬을 회복하는 [호흡 리커버리](입문~상)와 숨의 감각하며 확장을 경험하는 [호흡 어드밴스](중~상)이 진행됩니다. (단순한 동작 수행을 넘어, 자신의 몸을 섬세하게 들여다보고 싶은 분들에게 적합합니다.) 📍 장소 서울 서대문구 연희로15길 31 지층 ⏰ 입장 수련 20분 전 오픈됩니다.  (시작 후 입장이 제한될 수 있습니다) 수련 후 짧은 티타임이 포함될 수 있습니다.
 🧘 준비물 편한 복장 / 텀블러 - 공용 매트 제공 - 탈의 공간 O / 샤워 X 🚗 주차  건물 내 주차 불가(사러가 주차장, 모두의 주차장 이용 권장) ❗ 안내 수업취소- 시작 시간 24시간 전까지 가능	","[빅블루요가|연희스페셜] 호흡어드밴스 : 숨의 리듬 익히기	편안한 움직임 속에서 내밀한 리듬을 회복하는 [호흡 리커버리](입문~상)와 숨의 감각하며 확장을 경험하는 [호흡 어드밴스](중~상)이 진행됩니다. (단순한 동작 수행을 넘어, 자신의 몸을 섬세하게 들여다보고 싶은 분들에게 적합합니다.) 📍 장소 서울 서대문구 연희로15길 31 지층 ⏰ 입장 수련 20분 전 오픈됩니다.  (시작 후 입장이 제한될 수 있습니다) 수련 후 짧은 티타임이 포함될 수 있습니다.
 🧘 준비물 편한 복장 / 텀블러 - 공용 매트 제공 - 탈의 공간 O / 샤워 X 🚗 주차  건물 내 주차 불가(사러가 주차장, 모두의 주차장 이용 권장) ❗ 안내 수업취소- 시작 시간 24시간 전까지 가능	"
class,5p.txt,5,8,35,36,[숨 명상센터]마음의 평온을 찾는 호흡명상,"마음의 평온을 찾는 [호흡 명상] (정원 8명) - 복잡한 생각을 가라앉히는 호흡법과 내 마음을 돌보는 자애의 마음을 키우는 수업. - 오직 나만을 위한 고요한 휴식 시간이 필요한 분 - 마음에 쌓인 긴장과 스트레스를 해소하고 싶은 분 📍장소 서울시 서대문구 연희동 16-2 2층.  ⏰ 입장 클래스 10분 전 오픈됩니다.  🧘 준비물
편한 복장/ 텀블러 의자나 바닥에 앉아서 진행. 매트와 방석 등 제공. 대기실과 탈의 공간 따로 없음. 필요하다면 화장실 이용. 🚗 주차 주차 최대 2대까지 가능. 대중교통 이용 요망.  ❗ 안내 수업취소- 시작 시간 24시간 전까지 가능	","[숨 명상센터]마음의 평온을 찾는 호흡명상	마음의 평온을 찾는 [호흡 명상] (정원 8명) - 복잡한 생각을 가라앉히는 호흡법과 내 마음을 돌보는 자애의 마음을 키우는 수업. - 오직 나만을 위한 고요한 휴식 시간이 필요한 분 - 마음에 쌓인 긴장과 스트레스를 해소하고 싶은 분 📍장소 서울시 서대문구 연희동 16-2 2층.  ⏰ 입장 클래스 10분 전 오픈됩니다.  🧘 준비물
편한 복장/ 텀블러 의자나 바닥에 앉아서 진행. 매트와 방석 등 제공. 대기실과 탈의 공간 따로 없음. 필요하다면 화장실 이용. 🚗 주차 주차 최대 2대까지 가능. 대중교통 이용 요망.  ❗ 안내 수업취소- 시작 시간 24시간 전까지 가능	"
class,5p.txt,5,9,37,38,[숨명상센터] 몸을 깨우는 액티브 명상,"- 내 몸을 두드리고 깨우며, 몸과 마음의 스트레스를 해소하는 명상. - 찌뿌둥한 몸을 깨우고 돌보고 싶은 모든 분들. 📍 장소 서울시 서대문구 연희동 16-2 2층.  ⏰ 입장 클래스 10분 전 오픈됩니다.  🧘 준비물
편한 복장/ 텀블러 의자나 바닥에 앉아서 진행. 매트와 방석 등 제공. 대기실과 탈의 공간 따로 없음. 필요하다면 화장실 이용. 🚗 주차 주차 최대 2대까지 가능. 대중교통 이용 요망.  ❗ 안내 수업취소- 시작 시간 24시간 전까지 가능	","[숨명상센터] 몸을 깨우는 액티브 명상	- 내 몸을 두드리고 깨우며, 몸과 마음의 스트레스를 해소하는 명상. - 찌뿌둥한 몸을 깨우고 돌보고 싶은 모든 분들. 📍 장소 서울시 서대문구 연희동 16-2 2층.  ⏰ 입장 클래스 10분 전 오픈됩니다.  🧘 준비물
편한 복장/ 텀블러 의자나 바닥에 앉아서 진행. 매트와 방석 등 제공. 대기실과 탈의 공간 따로 없음. 필요하다면 화장실 이용. 🚗 주차 주차 최대 2대까지 가능. 대중교통 이용 요망.  ❗ 안내 수업취소- 시작 시간 24시간 전까지 가능	"
class,5p.txt,5,10,39,40,[숨명상센터] 숙면을 위한 바디스캔,"- 몸 전체를 마음의 눈으로 스캔하며, 긴장을 이완하고, 숙면을 유도하는 명상. - 생각이 많아 밤잠을 설치는 모든 분들 📍 장소 서울시 서대문구 연희동 16-2 2층.  ⏰ 입장 클래스 10분 전 오픈됩니다.  🧘 준비물
편한 복장/ 텀블러 의자나 바닥에 앉아서 진행. 매트와 방석 등 제공. 대기실과 탈의 공간 따로 없음. 필요하다면 화장실 이용. 🚗 주차 주차 최대 2대까지 가능. 대중교통 이용 요망.  ❗ 안내 수업취소- 시작 시간 24시간 전까지 가능	","[숨명상센터] 숙면을 위한 바디스캔	- 몸 전체를 마음의 눈으로 스캔하며, 긴장을 이완하고, 숙면을 유도하는 명상. - 생각이 많아 밤잠을 설치는 모든 분들 📍 장소 서울시 서대문구 연희동 16-2 2층.  ⏰ 입장 클래스 10분 전 오픈됩니다.  🧘 준비물
편한 복장/ 텀블러 의자나 바닥에 앉아서 진행. 매트와 방석 등 제공. 대기실과 탈의 공간 따로 없음. 필요하다면 화장실 이용. 🚗 주차 주차 최대 2대까지 가능. 대중교통 이용 요망.  ❗ 안내 수업취소- 시작 시간 24시간 전까지 가능	"
class,6p.txt,6,1,22,23,[숨명상센터] 안산 트레킹 오감 명상,"- 안산 트레킹 걷기 명상 및 멈추어 호흡 명상, 센터로 돌아와서 차 명상하며 쿨다운 - 봄의 생기를 몸과 마음으로 느끼고 싶은 모든 분들. 안녕하세요! 5.3(일)10:30am 안산트레킹 오감 명상 신청해주신 분들 환영합니다. 🤗 이 날 비 예보가 있어, 어쩌면 야외 명상이 불가능할 수 있습니다. 😭 그 럴 경우 실내 오감 명상이나 호흡 명상으로 대체될수 있는 점 양해바랍니다. 야외 명상이 무사히 진행될수 있도록 열심히 기도하고 있겠습니다. 🙏 실내 수업도 분명히 좋은 경험되실테니 되도록, 모든 분들 꼭 함께해주시면 좋겠습니다. 감사합니다!!🤗💕 📍 장소 숨 명상센터(연희동 16-2 2층) ⏰ 입장 클래스 10분 전 오픈됩니다.  🧘 준비물
 편한 복장/ 텀블러 🚗 주차 주차불가 대중교통 이용 요망.  ❗ 안내 수업취소- 시작 시간 24시간 전까지 가능	","[숨명상센터] 안산 트레킹 오감 명상	- 안산 트레킹 걷기 명상 및 멈추어 호흡 명상, 센터로 돌아와서 차 명상하며 쿨다운 - 봄의 생기를 몸과 마음으로 느끼고 싶은 모든 분들. 안녕하세요! 5.3(일)10:30am 안산트레킹 오감 명상 신청해주신 분들 환영합니다. 🤗 이 날 비 예보가 있어, 어쩌면 야외 명상이 불가능할 수 있습니다. 😭 그 럴 경우 실내 오감 명상이나 호흡 명상으로 대체될수 있는 점 양해바랍니다. 야외 명상이 무사히 진행될수 있도록 열심히 기도하고 있겠습니다. 🙏 실내 수업도 분명히 좋은 경험되실테니 되도록, 모든 분들 꼭 함께해주시면 좋겠습니다. 감사합니다!!🤗💕 📍 장소 숨 명상센터(연희동 16-2 2층) ⏰ 입장 클래스 10분 전 오픈됩니다.  🧘 준비물
 편한 복장/ 텀블러 🚗 주차 주차불가 대중교통 이용 요망.  ❗ 안내 수업취소- 시작 시간 24시간 전까지 가능	"
class,6p.txt,6,2,24,25,[숨명상센터] 향과 소리로 깨우는 오감명상,"- 산뜻한 향과 싱잉볼로 감각을 열고, 촛불 응시와 피아노 연주로 오감을 깨우는 리추얼 명상. - 감각을 깨우는 예술적 몰입과 휴식을 원하는 모든 분들. 📍 장소 서울시 서대문구 연희동 16-2 2층.  ⏰ 입장 클래스 10분 전 오픈됩니다.  🧘 준비물
편한 복장/ 텀블러 의자나 바닥에 앉아서 진행. 매트와 방석 등 제공. 대기실과 탈의 공간 따로 없음. 필요하다면 화장실 이용. 🚗 주차 주차 최대 2대까지 가능. 대중교통 이용 요망.  ❗ 안내 수업취소- 시작 시간 24시간 전까지 가능	","[숨명상센터] 향과 소리로 깨우는 오감명상	- 산뜻한 향과 싱잉볼로 감각을 열고, 촛불 응시와 피아노 연주로 오감을 깨우는 리추얼 명상. - 감각을 깨우는 예술적 몰입과 휴식을 원하는 모든 분들. 📍 장소 서울시 서대문구 연희동 16-2 2층.  ⏰ 입장 클래스 10분 전 오픈됩니다.  🧘 준비물
편한 복장/ 텀블러 의자나 바닥에 앉아서 진행. 매트와 방석 등 제공. 대기실과 탈의 공간 따로 없음. 필요하다면 화장실 이용. 🚗 주차 주차 최대 2대까지 가능. 대중교통 이용 요망.  ❗ 안내 수업취소- 시작 시간 24시간 전까지 가능	"
class,6p.txt,6,3,26,28,[시이작] 깨어나는 빈야사,"호흡에 맞춰 동작을 연속적으로 이어가는 다이내믹한 수업입니다. 체온을 빠르게 올리고 전신을 사용하는 흐름으로 구성됩니다. → 초중급 / 유산소+근력 📍 장소 연희로 11나길 5 2층 시이작 ⏰ 입장 클래스 10분 전 오픈됩니다.  🧘 준비물
편한 복장 공용매트는 있습니다 대기실과 탈의 공간 따로 없음. 
필요하다면 화장실 이용. 🚗 주차 주차 불가능 / 대중교통 이용 요망.  ❗ 안내 수업취소- 시작 시간 24시간 전까지 가능	","[시이작] 깨어나는 빈야사	호흡에 맞춰 동작을 연속적으로 이어가는 다이내믹한 수업입니다. 체온을 빠르게 올리고 전신을 사용하는 흐름으로 구성됩니다. → 초중급 / 유산소+근력 📍 장소 연희로 11나길 5 2층 시이작 ⏰ 입장 클래스 10분 전 오픈됩니다.  🧘 준비물
편한 복장 공용매트는 있습니다 대기실과 탈의 공간 따로 없음. 
필요하다면 화장실 이용. 🚗 주차 주차 불가능 / 대중교통 이용 요망.  ❗ 안내 수업취소- 시작 시간 24시간 전까지 가능	"
class,6p.txt,6,4,29,31,[시이작] 깨어나는 하타,"기초 동작을 중심으로 몸을 천천히 깨우는 수업입니다. 무리 없이 몸을 풀며 하루의 시작을 준비하는 데 적합합니다. → 초급 / 워밍업·기초 📍 장소 연희로 11나길 5 2층 시이작 ⏰ 입장 클래스 10분 전 오픈됩니다.  🧘 준비물
편한 복장 공용매트는 있습니다 대기실과 탈의 공간 따로 없음. 
필요하다면 화장실 이용. 🚗 주차 주차 불가능 / 대중교통 이용 요망.  ❗ 안내 수업취소- 시작 시간 24시간 전까지 가능	","[시이작] 깨어나는 하타	기초 동작을 중심으로 몸을 천천히 깨우는 수업입니다. 무리 없이 몸을 풀며 하루의 시작을 준비하는 데 적합합니다. → 초급 / 워밍업·기초 📍 장소 연희로 11나길 5 2층 시이작 ⏰ 입장 클래스 10분 전 오픈됩니다.  🧘 준비물
편한 복장 공용매트는 있습니다 대기실과 탈의 공간 따로 없음. 
필요하다면 화장실 이용. 🚗 주차 주차 불가능 / 대중교통 이용 요망.  ❗ 안내 수업취소- 시작 시간 24시간 전까지 가능	"
class,6p.txt,6,5,32,34,[시이작] 다독이는 인요가,"오랜 시간 자세를 유지하며 깊은 이완을 유도하는 수업입니다. 관절과 근막을 자극하며 몸과 마음을 천천히 가라앉힙니다. → 전 레벨 / 깊은 이완 📍 장소 연희로 11나길 5 2층 시이작 ⏰ 입장 클래스 10분 전 오픈됩니다.  🧘 준비물
편한 복장 공용매트는 있습니다 대기실과 탈의 공간 따로 없음. 
필요하다면 화장실 이용. 🚗 주차 주차 불가능 / 대중교통 이용 요망.  ❗ 안내 수업취소- 시작 시간 24시간 전까지 가능	","[시이작] 다독이는 인요가	오랜 시간 자세를 유지하며 깊은 이완을 유도하는 수업입니다. 관절과 근막을 자극하며 몸과 마음을 천천히 가라앉힙니다. → 전 레벨 / 깊은 이완 📍 장소 연희로 11나길 5 2층 시이작 ⏰ 입장 클래스 10분 전 오픈됩니다.  🧘 준비물
편한 복장 공용매트는 있습니다 대기실과 탈의 공간 따로 없음. 
필요하다면 화장실 이용. 🚗 주차 주차 불가능 / 대중교통 이용 요망.  ❗ 안내 수업취소- 시작 시간 24시간 전까지 가능	"
class,6p.txt,6,6,35,37,[시이작] 땀나는 빈야사,"호흡에 맞춰 동작을 연속적으로 이어가는 다이내믹한 수업입니다. 체온을 빠르게 올리고 전신을 사용하는 흐름으로 구성됩니다. → 초중급 / 유산소+근력 📍 장소 연희로 11나길 5 2층 시이작 ⏰ 입장 클래스 10분 전 오픈됩니다.  🧘 준비물
편한 복장 공용매트는 있습니다 대기실과 탈의 공간 따로 없음. 
필요하다면 화장실 이용. 🚗 주차 주차 불가능 / 대중교통 이용 요망.  ❗ 안내 수업취소- 시작 시간 24시간 전까지 가능	","[시이작] 땀나는 빈야사	호흡에 맞춰 동작을 연속적으로 이어가는 다이내믹한 수업입니다. 체온을 빠르게 올리고 전신을 사용하는 흐름으로 구성됩니다. → 초중급 / 유산소+근력 📍 장소 연희로 11나길 5 2층 시이작 ⏰ 입장 클래스 10분 전 오픈됩니다.  🧘 준비물
편한 복장 공용매트는 있습니다 대기실과 탈의 공간 따로 없음. 
필요하다면 화장실 이용. 🚗 주차 주차 불가능 / 대중교통 이용 요망.  ❗ 안내 수업취소- 시작 시간 24시간 전까지 가능	"
class,6p.txt,6,7,38,40,[시이작] 땀나는 아쉬탕가,"정해진 시퀀스를 반복하며 호흡과 동작을 강하게 연결하는 수련입니다. 체력과 집중력을 동시에 요구하며, 꾸준한 반복을 통해 몸의 변화를 체감할 수 있습니다. → 초중급 / 땀·체력 중심 📍 장소 연희로 11나길 5 2층 시이작 ⏰ 입장 클래스 10분 전 오픈됩니다.  🧘 준비물
편한 복장 공용매트는 있습니다 대기실과 탈의 공간 따로 없음. 
필요하다면 화장실 이용. 🚗 주차 주차 불가능 / 대중교통 이용 요망.  ❗ 안내 수업취소- 시작 시간 24시간 전까지 가능	","[시이작] 땀나는 아쉬탕가	정해진 시퀀스를 반복하며 호흡과 동작을 강하게 연결하는 수련입니다. 체력과 집중력을 동시에 요구하며, 꾸준한 반복을 통해 몸의 변화를 체감할 수 있습니다. → 초중급 / 땀·체력 중심 📍 장소 연희로 11나길 5 2층 시이작 ⏰ 입장 클래스 10분 전 오픈됩니다.  🧘 준비물
편한 복장 공용매트는 있습니다 대기실과 탈의 공간 따로 없음. 
필요하다면 화장실 이용. 🚗 주차 주차 불가능 / 대중교통 이용 요망.  ❗ 안내 수업취소- 시작 시간 24시간 전까지 가능	"
class,6p.txt,6,8,41,43,[시이작] 땀나는 하타,"📍 장소 연희로 11나길 5 2층 시이작 ⏰ 입장 클래스 10분 전 오픈됩니다.  🧘 준비물
편한 복장 공용매트는 있습니다 대기실과 탈의 공간 따로 없음. 
필요하다면 화장실 이용. 🚗 주차 주차 불가능 / 대중교통 이용 요망.  ❗ 안내 수업취소- 시작 시간 24시간 전까지 가능	","[시이작] 땀나는 하타	📍 장소 연희로 11나길 5 2층 시이작 ⏰ 입장 클래스 10분 전 오픈됩니다.  🧘 준비물
편한 복장 공용매트는 있습니다 대기실과 탈의 공간 따로 없음. 
필요하다면 화장실 이용. 🚗 주차 주차 불가능 / 대중교통 이용 요망.  ❗ 안내 수업취소- 시작 시간 24시간 전까지 가능	"
class,6p.txt,6,9,44,46,[시이작] 숨쉬는 테라피,"📍 장소 연희로 11나길 5 2층 시이작 ⏰ 입장 클래스 10분 전 오픈됩니다.  🧘 준비물
편한 복장 공용매트는 있습니다 대기실과 탈의 공간 따로 없음. 
필요하다면 화장실 이용. 🚗 주차 주차 불가능 / 대중교통 이용 요망.  ❗ 안내 수업취소- 시작 시간 24시간 전까지 가능	","[시이작] 숨쉬는 테라피	📍 장소 연희로 11나길 5 2층 시이작 ⏰ 입장 클래스 10분 전 오픈됩니다.  🧘 준비물
편한 복장 공용매트는 있습니다 대기실과 탈의 공간 따로 없음. 
필요하다면 화장실 이용. 🚗 주차 주차 불가능 / 대중교통 이용 요망.  ❗ 안내 수업취소- 시작 시간 24시간 전까지 가능	"
class,6p.txt,6,10,47,49,[시이작] 아쉬탕가 풀프라이머리,"📍 장소 연희로 11나길 5 2층 시이작 ⏰ 입장 클래스 10분 전 오픈됩니다.  🧘 준비물
편한 복장 공용매트는 있습니다 대기실과 탈의 공간 따로 없음. 
필요하다면 화장실 이용. 🚗 주차 주차 불가능 / 대중교통 이용 요망.  ❗ 안내 수업취소- 시작 시간 24시간 전까지 가능	","[시이작] 아쉬탕가 풀프라이머리	📍 장소 연희로 11나길 5 2층 시이작 ⏰ 입장 클래스 10분 전 오픈됩니다.  🧘 준비물
편한 복장 공용매트는 있습니다 대기실과 탈의 공간 따로 없음. 
필요하다면 화장실 이용. 🚗 주차 주차 불가능 / 대중교통 이용 요망.  ❗ 안내 수업취소- 시작 시간 24시간 전까지 가능	"
class,7p.txt,7,1,22,24,[시이작] 초급 빈야사,"기초 동작을 중심으로 호흡과 움직임을 부드럽게 연결하는 입문 수업입니다. 요가가 처음인 사람도 부담 없이 흐름을 익힐 수 있습니다. → 초급 / 기본 흐름 📍 장소 연희로 11나길 5 2층 시이작 ⏰ 입장 클래스 10분 전 오픈됩니다.  🧘 준비물
편한 복장 공용매트는 있습니다 대기실과 탈의 공간 따로 없음. 
필요하다면 화장실 이용. 🚗 주차 주차 불가능 / 대중교통 이용 요망.  ❗ 안내 수업취소- 시작 시간 24시간 전까지 가능	","[시이작] 초급 빈야사	기초 동작을 중심으로 호흡과 움직임을 부드럽게 연결하는 입문 수업입니다. 요가가 처음인 사람도 부담 없이 흐름을 익힐 수 있습니다. → 초급 / 기본 흐름 📍 장소 연희로 11나길 5 2층 시이작 ⏰ 입장 클래스 10분 전 오픈됩니다.  🧘 준비물
편한 복장 공용매트는 있습니다 대기실과 탈의 공간 따로 없음. 
필요하다면 화장실 이용. 🚗 주차 주차 불가능 / 대중교통 이용 요망.  ❗ 안내 수업취소- 시작 시간 24시간 전까지 가능	"
class,7p.txt,7,2,25,27,[시이작] 테라피 쉬운 요가,"📍 장소 연희로 11나길 5 2층 시이작 ⏰ 입장 클래스 10분 전 오픈됩니다.  🧘 준비물
편한 복장 공용매트는 있습니다 대기실과 탈의 공간 따로 없음. 
필요하다면 화장실 이용. 🚗 주차 주차 불가능 / 대중교통 이용 요망.  ❗ 안내 수업취소- 시작 시간 24시간 전까지 가능	","[시이작] 테라피 쉬운 요가	📍 장소 연희로 11나길 5 2층 시이작 ⏰ 입장 클래스 10분 전 오픈됩니다.  🧘 준비물
편한 복장 공용매트는 있습니다 대기실과 탈의 공간 따로 없음. 
필요하다면 화장실 이용. 🚗 주차 주차 불가능 / 대중교통 이용 요망.  ❗ 안내 수업취소- 시작 시간 24시간 전까지 가능	"
class,7p.txt,7,3,28,30,[시이작] TCI검사로 나 알아가기,"📍 장소 연희로 11나길 5 2층 시이작 ⏰ 입장 클래스 10분 전 오픈됩니다.  🧘 준비물
편한 복장 공용매트는 있습니다 대기실과 탈의 공간 따로 없음. 
필요하다면 화장실 이용. 🚗 주차 주차 불가능 / 대중교통 이용 요망.  ❗ 안내 수업취소- 시작 시간 24시간 전까지 가능	","[시이작] TCI검사로 나 알아가기	📍 장소 연희로 11나길 5 2층 시이작 ⏰ 입장 클래스 10분 전 오픈됩니다.  🧘 준비물
편한 복장 공용매트는 있습니다 대기실과 탈의 공간 따로 없음. 
필요하다면 화장실 이용. 🚗 주차 주차 불가능 / 대중교통 이용 요망.  ❗ 안내 수업취소- 시작 시간 24시간 전까지 가능	"
class,7p.txt,7,4,31,33,[시이작]숨쉬는 테라피,"과한 움직임 대신 호흡과 이완에 집중하는 회복 중심 수업입니다. 긴장된 몸을 풀고 신경계를 안정시키는 데 목적이 있습니다. → 초급 가능 / 회복·이완 중심 📍 장소 연희로 11나길 5 2층 시이작 ⏰ 입장 클래스 10분 전 오픈됩니다.  🧘 준비물
편한 복장 공용매트는 있습니다 대기실과 탈의 공간 따로 없음. 
필요하다면 화장실 이용. 🚗 주차 주차 불가능 / 대중교통 이용 요망.  ❗ 안내 수업취소- 시작 시간 24시간 전까지 가능	","[시이작]숨쉬는 테라피	과한 움직임 대신 호흡과 이완에 집중하는 회복 중심 수업입니다. 긴장된 몸을 풀고 신경계를 안정시키는 데 목적이 있습니다. → 초급 가능 / 회복·이완 중심 📍 장소 연희로 11나길 5 2층 시이작 ⏰ 입장 클래스 10분 전 오픈됩니다.  🧘 준비물
편한 복장 공용매트는 있습니다 대기실과 탈의 공간 따로 없음. 
필요하다면 화장실 이용. 🚗 주차 주차 불가능 / 대중교통 이용 요망.  ❗ 안내 수업취소- 시작 시간 24시간 전까지 가능	"
class,7p.txt,7,5,34,34,[시이작|어린이날 키즈요가] 공룡퀴즈를 맞추며 공룡요가! (5~7세),"공룡이 되어 뛰고 움직이며 배우는, 어린이날 특별 요가 퀴즈로 공룡을 알아보고, 몸으로 직접 표현하는 키즈 요가 클래스입니다. 티라노사우루스, 브라키오사우루스 등 다양한 공룡을 따라하며 놀이처럼 즐겁게 몸을 움직이고 상상력을 키웁니다. 어린이날을 맞아 아이들이 마음껏 뛰고 표현할 수 있는 시간입니다. - 공룡을 좋아하는 아이 - 몸을 움직이며 배우고 싶은 아이 - 어린이날 특별한 활동을 경험하고 싶은 아이 (분리수업 진행 가능한 5~7세) 장소- 서울 서대문구 연희로11나길5 2층 시이작 수업취소- 시작 시간 24시간 전까지 가능	","[시이작|어린이날 키즈요가] 공룡퀴즈를 맞추며 공룡요가! (5~7세)	공룡이 되어 뛰고 움직이며 배우는, 어린이날 특별 요가 퀴즈로 공룡을 알아보고, 몸으로 직접 표현하는 키즈 요가 클래스입니다. 티라노사우루스, 브라키오사우루스 등 다양한 공룡을 따라하며 놀이처럼 즐겁게 몸을 움직이고 상상력을 키웁니다. 어린이날을 맞아 아이들이 마음껏 뛰고 표현할 수 있는 시간입니다. - 공룡을 좋아하는 아이 - 몸을 움직이며 배우고 싶은 아이 - 어린이날 특별한 활동을 경험하고 싶은 아이 (분리수업 진행 가능한 5~7세) 장소- 서울 서대문구 연희로11나길5 2층 시이작 수업취소- 시작 시간 24시간 전까지 가능	"
class,7p.txt,7,6,35,35,[시이작|어린이날 키즈요가] 나는 무엇이든 될 수 있다! 동물요가(5세~8세),"동물처럼 움직이며, 나를 자유롭게 표현하는 놀이 요가 다양한 동물의 움직임을 따라하며 몸과 감정을 함께 표현하는 키즈 요가입니다. 어떤 동물이 되고 싶은지 선택하고, 몸으로 표현하며 자연스럽게 이야기를 나눕니다. 놀이처럼 즐겁게 진행되며, 아이들의 상상력과 표현력을 키워줍니다. - 몸을 움직이며 놀고 싶은 아이 - 감정 표현과 상상력을 키우고 싶은 아이 - 또래와 함께 즐겁게 활동하고 싶은 아이 (5~8세, 분리수업 가능) * 키즈요가 프로그램 내용에 대한 문의는 인스타그램 @flexible_Jinny 로 디엠 문의 바랍니다 장소-서울 서대문구 연희로11나길5 2층 시이작 수업취소- 시작 시간 24시간 전까지 가능	","[시이작|어린이날 키즈요가] 나는 무엇이든 될 수 있다! 동물요가(5세~8세)	동물처럼 움직이며, 나를 자유롭게 표현하는 놀이 요가 다양한 동물의 움직임을 따라하며 몸과 감정을 함께 표현하는 키즈 요가입니다. 어떤 동물이 되고 싶은지 선택하고, 몸으로 표현하며 자연스럽게 이야기를 나눕니다. 놀이처럼 즐겁게 진행되며, 아이들의 상상력과 표현력을 키워줍니다. - 몸을 움직이며 놀고 싶은 아이 - 감정 표현과 상상력을 키우고 싶은 아이 - 또래와 함께 즐겁게 활동하고 싶은 아이 (5~8세, 분리수업 가능) * 키즈요가 프로그램 내용에 대한 문의는 인스타그램 @flexible_Jinny 로 디엠 문의 바랍니다 장소-서울 서대문구 연희로11나길5 2층 시이작 수업취소- 시작 시간 24시간 전까지 가능	"
class,7p.txt,7,7,36,36,[시이작|연희스페셜] 러닝으로 이어지는 명상 with 프라우카,"러닝으로 이어지는 명상 호흡과 발걸음에 집중하며, 러닝을 ‘움직이는 명상’으로 경험하는 시간입니다. 연희동의 골목과 도심 속 자연을 따라 달리며, 나만의 리듬과 감각에 온전히 몰입합니다. 초보자도 참여 가능한 강도로, 부담 없이 몸을 깨우고 하루를 여는 러닝 세션입니다. 집합 장소 시이작 요가원 (연희로 11나길5 2층) 진행 방식 • 가벼운 호흡 정렬 및 몸 깨우기 • 5–7km 라이트 러닝 (초보자 가능 페이스) • 마무리 호흡 및 간단한 정리 준비물 • 편한 러닝화 및 운동복 • 개인 물 (필수) • 가벼운 타월 • 필요 시 선크림 / 모자 추천 대상 • 처음 러닝을 시작해보고 싶은 분 • 달리며 생각을 정리하고 싶은 분 • 요가의 호흡을 움직임 속에서도 느끼고 싶은 분	","[시이작|연희스페셜] 러닝으로 이어지는 명상 with 프라우카	러닝으로 이어지는 명상 호흡과 발걸음에 집중하며, 러닝을 ‘움직이는 명상’으로 경험하는 시간입니다. 연희동의 골목과 도심 속 자연을 따라 달리며, 나만의 리듬과 감각에 온전히 몰입합니다. 초보자도 참여 가능한 강도로, 부담 없이 몸을 깨우고 하루를 여는 러닝 세션입니다. 집합 장소 시이작 요가원 (연희로 11나길5 2층) 진행 방식 • 가벼운 호흡 정렬 및 몸 깨우기 • 5–7km 라이트 러닝 (초보자 가능 페이스) • 마무리 호흡 및 간단한 정리 준비물 • 편한 러닝화 및 운동복 • 개인 물 (필수) • 가벼운 타월 • 필요 시 선크림 / 모자 추천 대상 • 처음 러닝을 시작해보고 싶은 분 • 달리며 생각을 정리하고 싶은 분 • 요가의 호흡을 움직임 속에서도 느끼고 싶은 분	"
class,7p.txt,7,8,37,37,[시이작|연희스페셜] 마인드풀 러닝 Breath & Flow: 움직이는 명상,"요가의 호흡을 러닝의 리듬으로 자연스럽게 이어갑니다. 움직임 속에서 온전히 '나'에게 집중하는 마인드풀 러닝 세션입니다. 숨을 매개로 신체의 감각을 깨우고, 달리기 후 이어지는 깊은 명상을 통해 동적 에너지를 내면의 평온으로 연결하는 흐름을 지향합니다. - 수업 내용 및 난이도: 요가적 호흡을 이어 올바른 러닝자세의 테크닉 학습, 자기 조절 중심의 라이트 러닝(3~5km), 그리고 신체 정렬을 돕는 회복 명상으로 구성된 초·중급 난이도의 힐링 프로그램입니다. - 추천 대상: 달리는 과정에서 마음의 정돈을 경험하고 싶은 분, 호흡과 발걸음의 일치를 통해 '움직이는 명상'의 가치를 느끼고 싶은 분, 나의 첫 달리기를 안전하게 시작하고싶은 모든 분께 추천합니다. 단순한 유산소 운동을 넘어, 요가인들에게 익숙한 '호흡'과 '정렬'의 개념을 러닝에 대입함으로써 요가와 러닝 사이의 긍정적인 시너지를 경험하게 합니다. 이는 축제의 본질인 심신의 조화가 극대화 되기를 기대합니다. 장소: 연희로11나길 5 2층 시이작	","[시이작|연희스페셜] 마인드풀 러닝 Breath & Flow: 움직이는 명상	요가의 호흡을 러닝의 리듬으로 자연스럽게 이어갑니다. 움직임 속에서 온전히 '나'에게 집중하는 마인드풀 러닝 세션입니다. 숨을 매개로 신체의 감각을 깨우고, 달리기 후 이어지는 깊은 명상을 통해 동적 에너지를 내면의 평온으로 연결하는 흐름을 지향합니다. - 수업 내용 및 난이도: 요가적 호흡을 이어 올바른 러닝자세의 테크닉 학습, 자기 조절 중심의 라이트 러닝(3~5km), 그리고 신체 정렬을 돕는 회복 명상으로 구성된 초·중급 난이도의 힐링 프로그램입니다. - 추천 대상: 달리는 과정에서 마음의 정돈을 경험하고 싶은 분, 호흡과 발걸음의 일치를 통해 '움직이는 명상'의 가치를 느끼고 싶은 분, 나의 첫 달리기를 안전하게 시작하고싶은 모든 분께 추천합니다. 단순한 유산소 운동을 넘어, 요가인들에게 익숙한 '호흡'과 '정렬'의 개념을 러닝에 대입함으로써 요가와 러닝 사이의 긍정적인 시너지를 경험하게 합니다. 이는 축제의 본질인 심신의 조화가 극대화 되기를 기대합니다. 장소: 연희로11나길 5 2층 시이작	"
class,7p.txt,7,9,38,40,"[시이작|연희스페셜]TCI 기질검사로 나를 이해하고, ‘긍정감자’ 키링 만들기","나를 이해하고, 나를 응원하는 마음을 직접 만드는 시간 TCI 기질·성격 검사를 바탕으로 나의 타고난 성향을 이해하고, 그 결과를 통해 나만의 결을 있는 그대로 받아들이는 참여형 웰니스 세션입니다. 검사 해석 이후, 나를 응원하는 메시지를 담은 ‘긍정감자’ 키링을 직접 만들며 나를 돌보는 나만의 웰니스 리추얼을 완성합니다. - 나의 성향과 기질을 깊이 이해하고 싶은 분 - 자기이해와 마음 회복에 관심 있는 분 - 의미 있는 체험과 결과물을 함께 얻고 싶은 분 *해당 TCI 프로그램은 클래스 전 검사를 마쳐야하므로 미리 검사 진행을 위해 연락이 갈겁니다! 꼭 사전 응답을 해주셔야 프로그램의 원활한 참여가 가능합니다. 📍 장소 연희로 11나길 5 2층 시이작 ⏰ 입장 클래스 10분 전 오픈됩니다.  🧘 준비물
편한 복장 공용매트는 있습니다 대기실과 탈의 공간 따로 없음. 
필요하다면 화장실 이용. 🚗 주차 주차 불가능 / 대중교통 이용 요망.  ❗ 안내 수업취소- 시작 시간 24시간 전까지 가능	","[시이작|연희스페셜]TCI 기질검사로 나를 이해하고, ‘긍정감자’ 키링 만들기	나를 이해하고, 나를 응원하는 마음을 직접 만드는 시간 TCI 기질·성격 검사를 바탕으로 나의 타고난 성향을 이해하고, 그 결과를 통해 나만의 결을 있는 그대로 받아들이는 참여형 웰니스 세션입니다. 검사 해석 이후, 나를 응원하는 메시지를 담은 ‘긍정감자’ 키링을 직접 만들며 나를 돌보는 나만의 웰니스 리추얼을 완성합니다. - 나의 성향과 기질을 깊이 이해하고 싶은 분 - 자기이해와 마음 회복에 관심 있는 분 - 의미 있는 체험과 결과물을 함께 얻고 싶은 분 *해당 TCI 프로그램은 클래스 전 검사를 마쳐야하므로 미리 검사 진행을 위해 연락이 갈겁니다! 꼭 사전 응답을 해주셔야 프로그램의 원활한 참여가 가능합니다. 📍 장소 연희로 11나길 5 2층 시이작 ⏰ 입장 클래스 10분 전 오픈됩니다.  🧘 준비물
편한 복장 공용매트는 있습니다 대기실과 탈의 공간 따로 없음. 
필요하다면 화장실 이용. 🚗 주차 주차 불가능 / 대중교통 이용 요망.  ❗ 안내 수업취소- 시작 시간 24시간 전까지 가능	"
class,7p.txt,7,10,41,41,[연남장] 다독이는 빈야사,-	,[연남장] 다독이는 빈야사	-	
class,8p.txt,8,1,22,22,[연남장] 막걸리 요가,-	,[연남장] 막걸리 요가	-	
class,8p.txt,8,2,23,23,[연남장] 명상 흐름의 슬로우 빈야사,"올레벨의 빈야사 수련입니다. 조금씩은 도전적이게도, 숨을 보면서 아사나를 머금어보기도 해요. 중심과 무게를 옮겨보고 균형을 위해 흔들리는 자신의 몸을 느낍니다. 몸 전체를 협동하며 사용하는 움직임 입니다.	","[연남장] 명상 흐름의 슬로우 빈야사	올레벨의 빈야사 수련입니다. 조금씩은 도전적이게도, 숨을 보면서 아사나를 머금어보기도 해요. 중심과 무게를 옮겨보고 균형을 위해 흔들리는 자신의 몸을 느낍니다. 몸 전체를 협동하며 사용하는 움직임 입니다.	"
class,8p.txt,8,3,24,24,[연남장] 바디페인팅 체감명상,-	,[연남장] 바디페인팅 체감명상	-	
class,8p.txt,8,4,25,25,[연남장] 부드럽게 비기너요가,"기본 아사나를 차근차근 익혀가는 친절하고 다정한 시간입니다. 요가가 처음인 분, 오랜만에 다시 요가를 시작하고 싶은 분께 추천해요.	","[연남장] 부드럽게 비기너요가	기본 아사나를 차근차근 익혀가는 친절하고 다정한 시간입니다. 요가가 처음인 분, 오랜만에 다시 요가를 시작하고 싶은 분께 추천해요.	"
class,8p.txt,8,5,26,26,[연남장] 비트박스 버스킹 (무료),-	,[연남장] 비트박스 버스킹 (무료)	-	
class,8p.txt,8,6,27,27,[연남장] 비트박스 오프닝 (무료),-	,[연남장] 비트박스 오프닝 (무료)	-	
class,8p.txt,8,7,28,28,[연남장] 빈야사,-	,[연남장] 빈야사	-	
class,8p.txt,8,8,29,29,[연남장] 삶은요가,-	,[연남장] 삶은요가	-	
class,8p.txt,8,9,30,30,[연남장] 숨비소리 사운드 리추얼,-	,[연남장] 숨비소리 사운드 리추얼	-	
class,8p.txt,8,10,31,31,[연남장] 아빠와 함께 키즈요가,-	,[연남장] 아빠와 함께 키즈요가	-	
class,9p.txt,9,1,22,22,[연남장] 엄마와 함께 키즈요가,-	,[연남장] 엄마와 함께 키즈요가	-	
class,9p.txt,9,2,23,23,[연남장] 요가소년 요가,-	,[연남장] 요가소년 요가	-	
class,9p.txt,9,3,24,24,[연남장] 요기니 살롱의 디제이 파티 (무료),-	,[연남장] 요기니 살롱의 디제이 파티 (무료)	-	
class,9p.txt,9,4,25,25,[연남장] 초급 아쉬탕가 (베지어트 이벤트),-	,[연남장] 초급 아쉬탕가 (베지어트 이벤트)	-	
class,9p.txt,9,5,26,26,[연남장] 하루 정리 요가 & 바이올린 콘서트,-	,[연남장] 하루 정리 요가 & 바이올린 콘서트	-	
class,9p.txt,9,6,27,27,[연남장] 핸드팬 콘서트,-	,[연남장] 핸드팬 콘서트	-	
class,9p.txt,9,7,28,30,[연남장] 호흡으로 몰입하는 아쉬탕가,"아쉬탕가의 흐름을 멋진 공간에서 제대로 시작하는 시간 연남장 커뮤니티허브의 감각적인 공간에서 진행되는 올레벨 아쉬탕가 클래스입니다. 호흡에 맞춰 정해진 순서를 천천히 따라가며, 기본 아사나와 흐름을 익힙니다. 아쉬탕가를 부담 없이 경험할 수 있도록 단계적으로 안내합니다. - 아쉬탕가를 처음 시작해보고 싶은 분 - 기초를 안정적으로 배우고 싶은 분 - 멋진 공간에서 몰입감 있게 수련하고 싶은 분 📍 장소 서울특별시 서대문구 연희로5길 22 연남장 ⏰ 입장 클래스 10분 전 오픈됩니다.  🧘 준비물
 공용매트 제공 / 편한 복장 대기실과 탈의 공간 따로 없음. 
필요하다면 화장실 이용. 🚗 주차 주차 불가능 / 대중교통 이용 요망.  ❗ 안내 수업취소- 시작 시간 24시간 전까지 가능	","[연남장] 호흡으로 몰입하는 아쉬탕가	아쉬탕가의 흐름을 멋진 공간에서 제대로 시작하는 시간 연남장 커뮤니티허브의 감각적인 공간에서 진행되는 올레벨 아쉬탕가 클래스입니다. 호흡에 맞춰 정해진 순서를 천천히 따라가며, 기본 아사나와 흐름을 익힙니다. 아쉬탕가를 부담 없이 경험할 수 있도록 단계적으로 안내합니다. - 아쉬탕가를 처음 시작해보고 싶은 분 - 기초를 안정적으로 배우고 싶은 분 - 멋진 공간에서 몰입감 있게 수련하고 싶은 분 📍 장소 서울특별시 서대문구 연희로5길 22 연남장 ⏰ 입장 클래스 10분 전 오픈됩니다.  🧘 준비물
 공용매트 제공 / 편한 복장 대기실과 탈의 공간 따로 없음. 
필요하다면 화장실 이용. 🚗 주차 주차 불가능 / 대중교통 이용 요망.  ❗ 안내 수업취소- 시작 시간 24시간 전까지 가능	"
class,9p.txt,9,8,31,31,[연남장] Being 감각을 깨우는 하타요가,-	,[연남장] Being 감각을 깨우는 하타요가	-	
class,9p.txt,9,9,32,32,[연남장] F45 코치의 저강도 서킷 트레이닝,-	,[연남장] F45 코치의 저강도 서킷 트레이닝	-	
class,9p.txt,9,10,33,35,[연남장|커뮤니티허브] (무료) 요가음악 디제잉 파티,"무료로 즐기는, 몸이 반응하는 요가 음악 디제잉 파티 연남장 커뮤니티허브에서 열리는 요가 음악 디제잉 파티입니다. 요가와 어울리는 리듬과 사운드 속에서 자유롭게 움직이고, 분위기와 에너지에 몸을 맡기며 편안하게 즐기는 시간입니다. 누구나 가볍게 참여해 음악과 공간을 함께 느낄 수 있습니다. - 무료로 부담 없이 참여하고 싶은 분 - 음악에 맞춰 자유롭게 움직이고 싶은 분 - 사람들과 함께 에너지를 나누고 싶은 분 📍 장소 서울특별시 서대문구 연희로5길 22 연남장 ⏰ 입장 클래스 10분 전 오픈됩니다.  🧘 준비물
 공용매트 제공 (*공용매트 제공으로 변경됨) / 편한 복장 대기실과 탈의 공간 따로 없음. 
필요하다면 화장실 이용. 🚗 주차 주차 불가능 / 대중교통 이용 요망.  ❗ 안내 수업취소- 시작 시간 24시간 전까지 가능	","[연남장|커뮤니티허브] (무료) 요가음악 디제잉 파티	무료로 즐기는, 몸이 반응하는 요가 음악 디제잉 파티 연남장 커뮤니티허브에서 열리는 요가 음악 디제잉 파티입니다. 요가와 어울리는 리듬과 사운드 속에서 자유롭게 움직이고, 분위기와 에너지에 몸을 맡기며 편안하게 즐기는 시간입니다. 누구나 가볍게 참여해 음악과 공간을 함께 느낄 수 있습니다. - 무료로 부담 없이 참여하고 싶은 분 - 음악에 맞춰 자유롭게 움직이고 싶은 분 - 사람들과 함께 에너지를 나누고 싶은 분 📍 장소 서울특별시 서대문구 연희로5길 22 연남장 ⏰ 입장 클래스 10분 전 오픈됩니다.  🧘 준비물
 공용매트 제공 (*공용매트 제공으로 변경됨) / 편한 복장 대기실과 탈의 공간 따로 없음. 
필요하다면 화장실 이용. 🚗 주차 주차 불가능 / 대중교통 이용 요망.  ❗ 안내 수업취소- 시작 시간 24시간 전까지 가능	"
class,10p.txt,10,1,22,24,[연남장|커뮤니티허브] 딥어웨이크 하타,"강해지고 확장되며, 감각을 깊이 깨우는 딥 어웨이크 하타 연남장에서 진행되는 모나 선생님의 딥 어웨이크 하타 클래스입니다. 호흡과 함께 움직임을 쌓아가며, 각 동작의 정렬과 힘의 방향을 섬세하게 느껴봅니다. 코어와 하체 기반을 중심으로 안정감을 만들고, 조용하지만 밀도 있는 강도를 경험합니다. 빠르지 않지만 깊이 있게, 몸과 감각을 깨워가는 수련입니다. - 몸을 정확하게 쓰는 방법을 배우고 싶은 분 - 동작 하나하나의 깊이를 느끼고 싶은 분 - 차분한 분위기에서 집중도 높은 수련을 원하는 분 📍 장소 서울특별시 서대문구 연희로5길 22 연남장 ⏰ 입장 클래스 10분 전 오픈됩니다.  🧘 준비물
 공용매트 제공 (*공용매트 제공으로 변경됨) / 편한 복장 대기실과 탈의 공간 따로 없음. 
필요하다면 화장실 이용. 🚗 주차 주차 불가능 / 대중교통 이용 요망.  ❗ 안내 수업취소- 시작 시간 24시간 전까지 가능	","[연남장|커뮤니티허브] 딥어웨이크 하타	강해지고 확장되며, 감각을 깊이 깨우는 딥 어웨이크 하타 연남장에서 진행되는 모나 선생님의 딥 어웨이크 하타 클래스입니다. 호흡과 함께 움직임을 쌓아가며, 각 동작의 정렬과 힘의 방향을 섬세하게 느껴봅니다. 코어와 하체 기반을 중심으로 안정감을 만들고, 조용하지만 밀도 있는 강도를 경험합니다. 빠르지 않지만 깊이 있게, 몸과 감각을 깨워가는 수련입니다. - 몸을 정확하게 쓰는 방법을 배우고 싶은 분 - 동작 하나하나의 깊이를 느끼고 싶은 분 - 차분한 분위기에서 집중도 높은 수련을 원하는 분 📍 장소 서울특별시 서대문구 연희로5길 22 연남장 ⏰ 입장 클래스 10분 전 오픈됩니다.  🧘 준비물
 공용매트 제공 (*공용매트 제공으로 변경됨) / 편한 복장 대기실과 탈의 공간 따로 없음. 
필요하다면 화장실 이용. 🚗 주차 주차 불가능 / 대중교통 이용 요망.  ❗ 안내 수업취소- 시작 시간 24시간 전까지 가능	"
class,10p.txt,10,2,25,27,[연남장|커뮤니티허브] 마인드풀니스 테라피 요가,"쌓인 긴장을 풀고, 몸과 마음의 흐름을 다시 회복하는 시간 연남장 커뮤니티허브에서 진행되는 마인드풀니스 테라피 요가입니다. 어깨와 골반의 긴장을 완화하고 가슴을 열어 호흡의 깊이를 회복하며, 몸에 축적된 스트레스와 감정까지 함께 이완합니다. 각자의 범위 안에서 움직이며 감각을 섬세하게 관찰하고, 제한이 느껴지는 부위에 호흡을 보내 자연스러운 균형을 만들어갑니다. 난이도는 중간 수준이지만 초보자도 무리 없이 참여할 수 있습니다. - 만성 통증이나 몸의 불편함이 있는 분 - 불면, 스트레스, 정서적 긴장을 느끼는 분 - 몸과 마음을 함께 회복하고 싶은 분 📍 장소 서울특별시 서대문구 연희로5길 22 연남장 ⏰ 입장 클래스 10분 전 오픈됩니다.  🧘 준비물
 공용매트 제공 (*공용매트 제공으로 변경됨) / 편한 복장 대기실과 탈의 공간 따로 없음. 
필요하다면 화장실 이용. 🚗 주차 주차 불가능 / 대중교통 이용 요망.  ❗ 안내 수업취소- 시작 시간 24시간 전까지 가능	","[연남장|커뮤니티허브] 마인드풀니스 테라피 요가	쌓인 긴장을 풀고, 몸과 마음의 흐름을 다시 회복하는 시간 연남장 커뮤니티허브에서 진행되는 마인드풀니스 테라피 요가입니다. 어깨와 골반의 긴장을 완화하고 가슴을 열어 호흡의 깊이를 회복하며, 몸에 축적된 스트레스와 감정까지 함께 이완합니다. 각자의 범위 안에서 움직이며 감각을 섬세하게 관찰하고, 제한이 느껴지는 부위에 호흡을 보내 자연스러운 균형을 만들어갑니다. 난이도는 중간 수준이지만 초보자도 무리 없이 참여할 수 있습니다. - 만성 통증이나 몸의 불편함이 있는 분 - 불면, 스트레스, 정서적 긴장을 느끼는 분 - 몸과 마음을 함께 회복하고 싶은 분 📍 장소 서울특별시 서대문구 연희로5길 22 연남장 ⏰ 입장 클래스 10분 전 오픈됩니다.  🧘 준비물
 공용매트 제공 (*공용매트 제공으로 변경됨) / 편한 복장 대기실과 탈의 공간 따로 없음. 
필요하다면 화장실 이용. 🚗 주차 주차 불가능 / 대중교통 이용 요망.  ❗ 안내 수업취소- 시작 시간 24시간 전까지 가능	"
class,10p.txt,10,3,28,30,[연남장|커뮤니티허브] 매트 필라테스로 부상 없는 몸 만들기,"다치지 않고 오래 움직이기 위한, 클래식 필라테스의 본질 부상 경험에서 시작해 몸을 안전하게 움직이는 방법을 전하는 파블로의 매트 필라테스 클래스입니다. 조셉 필라테스의 클래식 원리를 바탕으로, 누구나 이해하고 적용할 수 있게 쉽게 풀어냅니다. 필라테스를 처음 접하는 분도, 경험자도 몸의 쓰임을 새롭게 깨닫는 순간을 만듭니다. - 필라테스를 처음 제대로 배워보고 싶은 분 - 부상 없이 안전하게 운동하고 싶은 분 - 요가를 더 오래, 더 잘 하고 싶은 분 📍 장소 서울특별시 서대문구 연희로5길 22 연남장 ⏰ 입장 클래스 10분 전 오픈됩니다.  🧘 준비물
 공용매트 제공 (*공용매트 제공으로 변경됨) / 편한 복장 대기실과 탈의 공간 따로 없음. 
필요하다면 화장실 이용. 🚗 주차 주차 불가능 / 대중교통 이용 요망.  ❗ 안내 수업취소- 시작 시간 24시간 전까지 가능	","[연남장|커뮤니티허브] 매트 필라테스로 부상 없는 몸 만들기	다치지 않고 오래 움직이기 위한, 클래식 필라테스의 본질 부상 경험에서 시작해 몸을 안전하게 움직이는 방법을 전하는 파블로의 매트 필라테스 클래스입니다. 조셉 필라테스의 클래식 원리를 바탕으로, 누구나 이해하고 적용할 수 있게 쉽게 풀어냅니다. 필라테스를 처음 접하는 분도, 경험자도 몸의 쓰임을 새롭게 깨닫는 순간을 만듭니다. - 필라테스를 처음 제대로 배워보고 싶은 분 - 부상 없이 안전하게 운동하고 싶은 분 - 요가를 더 오래, 더 잘 하고 싶은 분 📍 장소 서울특별시 서대문구 연희로5길 22 연남장 ⏰ 입장 클래스 10분 전 오픈됩니다.  🧘 준비물
 공용매트 제공 (*공용매트 제공으로 변경됨) / 편한 복장 대기실과 탈의 공간 따로 없음. 
필요하다면 화장실 이용. 🚗 주차 주차 불가능 / 대중교통 이용 요망.  ❗ 안내 수업취소- 시작 시간 24시간 전까지 가능	"
class,10p.txt,10,4,31,33,"[연남장|커뮤니티허브] 바람과 땀, 그리고 알아차림 - 봄날의 역동적 명상","땀과 흐름 속에서, 마음까지 씻어내는 역동적 명상 연남장 커뮤니티허브에서 요가소년과 함께하는 봄날의 빈야사 클래스입니다. 리드미컬한 흐름을 따라 몸을 움직이며 기분 좋은 땀을 흘리고, 그 안에서 생각을 비우고 나를 알아차리는 움직이는 명상을 경험합니다. 몸을 개운하게 쓰며, 머리와 마음까지 함께 정리되는 시간입니다. - 움직이며 스트레스를 풀고 싶은 분 - 땀 흘리는 요가를 통해 리프레시하고 싶은 분 - 몸과 마음을 동시에 비우고 싶은 분 📍 장소 서울특별시 서대문구 연희로5길 22 연남장 ⏰ 입장 클래스 10분 전 오픈됩니다.  🧘 준비물
 공용매트 제공 (*공용매트 제공으로 변경됨) / 편한 복장 대기실과 탈의 공간 따로 없음. 
필요하다면 화장실 이용. 🚗 주차 주차 불가능 / 대중교통 이용 요망.  ❗ 안내 수업취소- 시작 시간 24시간 전까지 가능	","[연남장|커뮤니티허브] 바람과 땀, 그리고 알아차림 - 봄날의 역동적 명상	땀과 흐름 속에서, 마음까지 씻어내는 역동적 명상 연남장 커뮤니티허브에서 요가소년과 함께하는 봄날의 빈야사 클래스입니다. 리드미컬한 흐름을 따라 몸을 움직이며 기분 좋은 땀을 흘리고, 그 안에서 생각을 비우고 나를 알아차리는 움직이는 명상을 경험합니다. 몸을 개운하게 쓰며, 머리와 마음까지 함께 정리되는 시간입니다. - 움직이며 스트레스를 풀고 싶은 분 - 땀 흘리는 요가를 통해 리프레시하고 싶은 분 - 몸과 마음을 동시에 비우고 싶은 분 📍 장소 서울특별시 서대문구 연희로5길 22 연남장 ⏰ 입장 클래스 10분 전 오픈됩니다.  🧘 준비물
 공용매트 제공 (*공용매트 제공으로 변경됨) / 편한 복장 대기실과 탈의 공간 따로 없음. 
필요하다면 화장실 이용. 🚗 주차 주차 불가능 / 대중교통 이용 요망.  ❗ 안내 수업취소- 시작 시간 24시간 전까지 가능	"
class,10p.txt,10,5,34,36,[연남장|커뮤니티허브] 부담없이 시작하는 파트너 서킷 트레이닝,"요가를 더 잘하기 위한, 부담 없는 저강도 서킷 트레이닝 연남장 커뮤니티허브에서 진행되는 F45 코치의 저강도 서킷 트레이닝입니다. 요가에 필요한 코어와 안정성을 키우며, 몸을 균형 있게 강화합니다. 무리한 운동이 아닌, 누구나 참여 가능한 강도로 안전하게 진행됩니다. - 요가 실력을 향상시키고 싶은 분 - 체력과 코어를 함께 키우고 싶은 분 - 부담 없이 운동을 시작하고 싶은 분 📍 장소 서울특별시 서대문구 연희로5길 22 연남장 ⏰ 입장 클래스 10분 전 오픈됩니다.  🧘 준비물
 공용매트 제공 (*공용매트 제공으로 변경됨) / 편한 복장 대기실과 탈의 공간 따로 없음. 
필요하다면 화장실 이용. 🚗 주차 주차 불가능 / 대중교통 이용 요망.  ❗ 안내 수업취소- 시작 시간 24시간 전까지 가능	","[연남장|커뮤니티허브] 부담없이 시작하는 파트너 서킷 트레이닝	요가를 더 잘하기 위한, 부담 없는 저강도 서킷 트레이닝 연남장 커뮤니티허브에서 진행되는 F45 코치의 저강도 서킷 트레이닝입니다. 요가에 필요한 코어와 안정성을 키우며, 몸을 균형 있게 강화합니다. 무리한 운동이 아닌, 누구나 참여 가능한 강도로 안전하게 진행됩니다. - 요가 실력을 향상시키고 싶은 분 - 체력과 코어를 함께 키우고 싶은 분 - 부담 없이 운동을 시작하고 싶은 분 📍 장소 서울특별시 서대문구 연희로5길 22 연남장 ⏰ 입장 클래스 10분 전 오픈됩니다.  🧘 준비물
 공용매트 제공 (*공용매트 제공으로 변경됨) / 편한 복장 대기실과 탈의 공간 따로 없음. 
필요하다면 화장실 이용. 🚗 주차 주차 불가능 / 대중교통 이용 요망.  ❗ 안내 수업취소- 시작 시간 24시간 전까지 가능	"
class,10p.txt,10,6,37,39,[연남장|커뮤니티허브] 비트박스 공연과 호흡소리로 몰입하는 요가,"리듬과 호흡이 하나가 되는, 몰입의 요가 경험 연남장 커뮤니티허브의 감각적인 공간에서 비트박스 라이브와 함께하는 특별한 요가입니다. 리듬감 있는 사운드와 나의 호흡이 자연스럽게 맞물리며, 깊은 집중과 몰입 상태로 이어집니다. 익숙한 요가와는 다른 방식으로, 몸과 감각을 깨우는 새로운 경험을 만듭니다. - 색다른 요가 경험을 해보고 싶은 분 - 음악과 함께 몰입하는 움직임을 좋아하는 분 - 몸과 감각을 강하게 깨우고 싶은 분 📍 장소 서울특별시 서대문구 연희로5길 22 연남장 ⏰ 입장 클래스 10분 전 오픈됩니다.  🧘 준비물
 공용매트 제공 (*공용매트 제공으로 변경됨) / 편한 복장 대기실과 탈의 공간 따로 없음. 
필요하다면 화장실 이용. 🚗 주차 주차 불가능 / 대중교통 이용 요망.  ❗ 안내 수업취소- 시작 시간 24시간 전까지 가능	","[연남장|커뮤니티허브] 비트박스 공연과 호흡소리로 몰입하는 요가	리듬과 호흡이 하나가 되는, 몰입의 요가 경험 연남장 커뮤니티허브의 감각적인 공간에서 비트박스 라이브와 함께하는 특별한 요가입니다. 리듬감 있는 사운드와 나의 호흡이 자연스럽게 맞물리며, 깊은 집중과 몰입 상태로 이어집니다. 익숙한 요가와는 다른 방식으로, 몸과 감각을 깨우는 새로운 경험을 만듭니다. - 색다른 요가 경험을 해보고 싶은 분 - 음악과 함께 몰입하는 움직임을 좋아하는 분 - 몸과 감각을 강하게 깨우고 싶은 분 📍 장소 서울특별시 서대문구 연희로5길 22 연남장 ⏰ 입장 클래스 10분 전 오픈됩니다.  🧘 준비물
 공용매트 제공 (*공용매트 제공으로 변경됨) / 편한 복장 대기실과 탈의 공간 따로 없음. 
필요하다면 화장실 이용. 🚗 주차 주차 불가능 / 대중교통 이용 요망.  ❗ 안내 수업취소- 시작 시간 24시간 전까지 가능	"
class,10p.txt,10,7,40,42,[연남장|커뮤니티허브] 짠짠! 막걸리요가! with 복순도가,"짠짠! 한 잔의 여유와 함께하는 유쾌한 요가 연남장 커뮤니티허브에서 진행되는 막걸리요가 클래스입니다. 가볍게 몸을 풀고 움직인 후, 막걸리 한 잔과 함께 편안한 시간을 나눕니다. 요가와 음료가 어우러지며 긴장을 풀고, 자연스럽게 웃고 연결되는 경험을 만듭니다. - 부담 없이 즐거운 요가를 경험하고 싶은 분 - 새로운 사람들과 편하게 어울리고 싶은 분 - 가볍게 몸을 풀고 여유를 느끼고 싶은 분 📍 장소 서울특별시 서대문구 연희로5길 22 연남장 ⏰ 입장 클래스 10분 전 오픈됩니다.  🧘 준비물
 공용매트 제공 (*공용매트 제공으로 변경됨) / 편한 복장 대기실과 탈의 공간 따로 없음. 
필요하다면 화장실 이용. 🚗 주차 주차 불가능 / 대중교통 이용 요망.  ❗ 안내 수업취소- 시작 시간 24시간 전까지 가능	","[연남장|커뮤니티허브] 짠짠! 막걸리요가! with 복순도가	짠짠! 한 잔의 여유와 함께하는 유쾌한 요가 연남장 커뮤니티허브에서 진행되는 막걸리요가 클래스입니다. 가볍게 몸을 풀고 움직인 후, 막걸리 한 잔과 함께 편안한 시간을 나눕니다. 요가와 음료가 어우러지며 긴장을 풀고, 자연스럽게 웃고 연결되는 경험을 만듭니다. - 부담 없이 즐거운 요가를 경험하고 싶은 분 - 새로운 사람들과 편하게 어울리고 싶은 분 - 가볍게 몸을 풀고 여유를 느끼고 싶은 분 📍 장소 서울특별시 서대문구 연희로5길 22 연남장 ⏰ 입장 클래스 10분 전 오픈됩니다.  🧘 준비물
 공용매트 제공 (*공용매트 제공으로 변경됨) / 편한 복장 대기실과 탈의 공간 따로 없음. 
필요하다면 화장실 이용. 🚗 주차 주차 불가능 / 대중교통 이용 요망.  ❗ 안내 수업취소- 시작 시간 24시간 전까지 가능	"
class,10p.txt,10,8,43,45,[연남장|커뮤니티허브] 차근 차근 몸을 깨우는 하타요가,"연남장 커뮤니티허브에서 진행되는 차근차근 몸을 깨우는 하타요가 클래스입니다. 호흡과 함께 몸을 천천히 풀어내며, 기본적인 움직임을 하나씩 익혀가는 시간입니다. 무리하게 따라가기보다 각자의 속도에 맞춰 안전하고 안정적으로 몸을 깨우는 데 집중합니다. 수업은 가벼운 스트레칭과 호흡으로 시작해 기초 아사나를 차근차근 이어가며 몸의 감각을 자연스럽게 깨워줍니다. 요가가 처음인 분도, 오랜만에 다시 시작하는 분도 부담 없이 참여할 수 있습니다. 👉 이런 분들께 추천합니다 • 요가가 처음인 분 • 몸을 부드럽게 풀고 싶은 분 • 기초부터 차근차근 시작하고 싶은 분 📍 장소 서울특별시 서대문구 연희로5길 22 연남장 ⏰ 입장 클래스 10분 전 오픈됩니다.  🧘 준비물
 공용매트 제공 (*공용매트 제공으로 변경됨) / 편한 복장 대기실과 탈의 공간 따로 없음. 
필요하다면 화장실 이용. 🚗 주차 주차 불가능 / 대중교통 이용 요망.  ❗ 안내 수업취소- 시작 시간 24시간 전까지 가능	","[연남장|커뮤니티허브] 차근 차근 몸을 깨우는 하타요가	연남장 커뮤니티허브에서 진행되는 차근차근 몸을 깨우는 하타요가 클래스입니다. 호흡과 함께 몸을 천천히 풀어내며, 기본적인 움직임을 하나씩 익혀가는 시간입니다. 무리하게 따라가기보다 각자의 속도에 맞춰 안전하고 안정적으로 몸을 깨우는 데 집중합니다. 수업은 가벼운 스트레칭과 호흡으로 시작해 기초 아사나를 차근차근 이어가며 몸의 감각을 자연스럽게 깨워줍니다. 요가가 처음인 분도, 오랜만에 다시 시작하는 분도 부담 없이 참여할 수 있습니다. 👉 이런 분들께 추천합니다 • 요가가 처음인 분 • 몸을 부드럽게 풀고 싶은 분 • 기초부터 차근차근 시작하고 싶은 분 📍 장소 서울특별시 서대문구 연희로5길 22 연남장 ⏰ 입장 클래스 10분 전 오픈됩니다.  🧘 준비물
 공용매트 제공 (*공용매트 제공으로 변경됨) / 편한 복장 대기실과 탈의 공간 따로 없음. 
필요하다면 화장실 이용. 🚗 주차 주차 불가능 / 대중교통 이용 요망.  ❗ 안내 수업취소- 시작 시간 24시간 전까지 가능	"
class,10p.txt,10,9,46,48,[연남장|커뮤니티허브] 하루를 내려놓는 요가와 바이올린,"요가와 바이올린으로, 하루를 부드럽게 마무리하는 시간 연남장 커뮤니티허브에서 진행되는 요가 & 바이올린 콘서트입니다. 가볍게 몸을 풀고 호흡을 정리한 뒤, 잔잔한 바이올린 선율에 몸과 마음을 맡깁니다. 하루의 긴장을 내려놓고, 조용하고 따뜻하게 마무리하는 시간을 경험합니다. - 하루의 피로를 부드럽게 풀고 싶은 분 - 음악과 함께 깊은 이완을 느끼고 싶은 분 - 조용한 저녁 시간을 보내고 싶은 분 📍 장소 서울특별시 서대문구 연희로5길 22 연남장 ⏰ 입장 클래스 10분 전 오픈됩니다.  🧘 준비물
 공용매트 제공 (*공용매트 제공으로 변경됨) / 편한 복장 대기실과 탈의 공간 따로 없음. 
필요하다면 화장실 이용. 🚗 주차 주차 불가능 / 대중교통 이용 요망.  ❗ 안내 수업취소- 시작 시간 24시간 전까지 가능	","[연남장|커뮤니티허브] 하루를 내려놓는 요가와 바이올린	요가와 바이올린으로, 하루를 부드럽게 마무리하는 시간 연남장 커뮤니티허브에서 진행되는 요가 & 바이올린 콘서트입니다. 가볍게 몸을 풀고 호흡을 정리한 뒤, 잔잔한 바이올린 선율에 몸과 마음을 맡깁니다. 하루의 긴장을 내려놓고, 조용하고 따뜻하게 마무리하는 시간을 경험합니다. - 하루의 피로를 부드럽게 풀고 싶은 분 - 음악과 함께 깊은 이완을 느끼고 싶은 분 - 조용한 저녁 시간을 보내고 싶은 분 📍 장소 서울특별시 서대문구 연희로5길 22 연남장 ⏰ 입장 클래스 10분 전 오픈됩니다.  🧘 준비물
 공용매트 제공 (*공용매트 제공으로 변경됨) / 편한 복장 대기실과 탈의 공간 따로 없음. 
필요하다면 화장실 이용. 🚗 주차 주차 불가능 / 대중교통 이용 요망.  ❗ 안내 수업취소- 시작 시간 24시간 전까지 가능	"
class,10p.txt,10,10,49,51,[연남장|커뮤니티허브] 헤드폰으로 몰입하는 사일런트 핸드팬 명상 with 칼레트,"헤드폰 속으로 깊이 잠기는, 완전히 몰입하는 사운드 명상 연남장 커뮤니티허브에서 진행되는 사일런트 핸드팬 명상 음악 콘서트입니다. 헤드폰을 통해 전달되는 섬세한 핸드팬 사운드에 온전히 집중하며, 외부 소음을 차단하고 깊은 몰입과 이완을 경험합니다. 조용하지만 더욱 선명하게, 나만의 감각에 머무는 특별한 시간입니다. - 깊은 몰입과 집중을 경험하고 싶은 분 - 소리와 함께하는 명상을 좋아하는 분 - 조용하게 나만의 시간을 보내고 싶은 분 📍 장소 서울특별시 서대문구 연희로5길 22 연남장 ⏰ 입장 클래스 10분 전 오픈됩니다.  🧘 준비물
 공용매트 제공 (*공용매트 제공으로 변경됨) / 편한 복장 대기실과 탈의 공간 따로 없음. 
필요하다면 화장실 이용. 🚗 주차 주차 불가능 / 대중교통 이용 요망.  ❗ 안내 수업취소- 시작 시간 24시간 전까지 가능	","[연남장|커뮤니티허브] 헤드폰으로 몰입하는 사일런트 핸드팬 명상 with 칼레트	헤드폰 속으로 깊이 잠기는, 완전히 몰입하는 사운드 명상 연남장 커뮤니티허브에서 진행되는 사일런트 핸드팬 명상 음악 콘서트입니다. 헤드폰을 통해 전달되는 섬세한 핸드팬 사운드에 온전히 집중하며, 외부 소음을 차단하고 깊은 몰입과 이완을 경험합니다. 조용하지만 더욱 선명하게, 나만의 감각에 머무는 특별한 시간입니다. - 깊은 몰입과 집중을 경험하고 싶은 분 - 소리와 함께하는 명상을 좋아하는 분 - 조용하게 나만의 시간을 보내고 싶은 분 📍 장소 서울특별시 서대문구 연희로5길 22 연남장 ⏰ 입장 클래스 10분 전 오픈됩니다.  🧘 준비물
 공용매트 제공 (*공용매트 제공으로 변경됨) / 편한 복장 대기실과 탈의 공간 따로 없음. 
필요하다면 화장실 이용. 🚗 주차 주차 불가능 / 대중교통 이용 요망.  ❗ 안내 수업취소- 시작 시간 24시간 전까지 가능	"
class,11p.txt,11,1,22,24,[연남장|커뮤니티허브] Being 감각을 깨우는 하타요가,"애쓰지 않아도 깊이 닿는, 지바나의 감각 하타요가 지바나와 함께하는 Being 하타요가 클래스입니다. 작은 움직임과 호흡 속에서 감각을 깨우고, 그 자리에 머물며 몸과 마음이 자연스럽게 풀리는 시간을 만듭니다. 노력보다 현재의 나를 느끼는 것에 집중하며, awareness를 깊이 확장합니다. - 무리 없이 깊이 있는 요가를 하고 싶은 분 - 감각과 호흡에 집중하고 싶은 분 - 조용히 나에게 머무르는 시간을 원하는 분 📍 장소 서울특별시 서대문구 연희로5길 22 연남장 ⏰ 입장 클래스 10분 전 오픈됩니다.  🧘 준비물
 공용매트 제공 (*공용매트 제공으로 변경됨) / 편한 복장 대기실과 탈의 공간 따로 없음. 
필요하다면 화장실 이용. 🚗 주차 주차 불가능 / 대중교통 이용 요망.  ❗ 안내 수업취소- 시작 시간 24시간 전까지 가능	","[연남장|커뮤니티허브] Being 감각을 깨우는 하타요가	애쓰지 않아도 깊이 닿는, 지바나의 감각 하타요가 지바나와 함께하는 Being 하타요가 클래스입니다. 작은 움직임과 호흡 속에서 감각을 깨우고, 그 자리에 머물며 몸과 마음이 자연스럽게 풀리는 시간을 만듭니다. 노력보다 현재의 나를 느끼는 것에 집중하며, awareness를 깊이 확장합니다. - 무리 없이 깊이 있는 요가를 하고 싶은 분 - 감각과 호흡에 집중하고 싶은 분 - 조용히 나에게 머무르는 시간을 원하는 분 📍 장소 서울특별시 서대문구 연희로5길 22 연남장 ⏰ 입장 클래스 10분 전 오픈됩니다.  🧘 준비물
 공용매트 제공 (*공용매트 제공으로 변경됨) / 편한 복장 대기실과 탈의 공간 따로 없음. 
필요하다면 화장실 이용. 🚗 주차 주차 불가능 / 대중교통 이용 요망.  ❗ 안내 수업취소- 시작 시간 24시간 전까지 가능	"
class,11p.txt,11,2,25,27,[연남장|커뮤니티허브]숨비소리 사운드 리추얼,"익숙하지 않은 소리 속에서, 깊이 잠기는 사운드 리추얼 연남장 커뮤니티허브에서 진행되는 숨비소리 사운드 리추얼입니다. 엠비언트 사운드와 가야금이 어우러져, 지금까지 경험하지 못한 새로운 소리를 만들어냅니다. 서정적인 가사와 함께 흐르는 음악 속에서, 몸과 감각을 내려놓고 자연스럽게 몰입하게 됩니다. 생각을 멈추고 소리에 머무르며, 깊은 이완과 감각의 확장을 경험합니다. - 색다른 사운드 경험을 해보고 싶은 분 - 음악을 통해 깊이 몰입하고 싶은 분 - 조용히 쉬며 감각을 열고 싶은 분 📍 장소 서울특별시 서대문구 연희로5길 22 연남장 ⏰ 입장 클래스 10분 전 오픈됩니다.  🧘 준비물
 공용매트 제공 (*공용매트 제공으로 변경됨) / 편한 복장 대기실과 탈의 공간 따로 없음. 
필요하다면 화장실 이용. 🚗 주차 주차 불가능 / 대중교통 이용 요망.  ❗ 안내 수업취소- 시작 시간 24시간 전까지 가능	","[연남장|커뮤니티허브]숨비소리 사운드 리추얼	익숙하지 않은 소리 속에서, 깊이 잠기는 사운드 리추얼 연남장 커뮤니티허브에서 진행되는 숨비소리 사운드 리추얼입니다. 엠비언트 사운드와 가야금이 어우러져, 지금까지 경험하지 못한 새로운 소리를 만들어냅니다. 서정적인 가사와 함께 흐르는 음악 속에서, 몸과 감각을 내려놓고 자연스럽게 몰입하게 됩니다. 생각을 멈추고 소리에 머무르며, 깊은 이완과 감각의 확장을 경험합니다. - 색다른 사운드 경험을 해보고 싶은 분 - 음악을 통해 깊이 몰입하고 싶은 분 - 조용히 쉬며 감각을 열고 싶은 분 📍 장소 서울특별시 서대문구 연희로5길 22 연남장 ⏰ 입장 클래스 10분 전 오픈됩니다.  🧘 준비물
 공용매트 제공 (*공용매트 제공으로 변경됨) / 편한 복장 대기실과 탈의 공간 따로 없음. 
필요하다면 화장실 이용. 🚗 주차 주차 불가능 / 대중교통 이용 요망.  ❗ 안내 수업취소- 시작 시간 24시간 전까지 가능	"
class,11p.txt,11,3,28,30,[연남장|커뮤니티허브]처음이라 좋은 아쉬탕가 with 베지어트,"아쉬탕가의 흐름을 가장 쉽게, 멋진 공간에서 제대로 시작하는 시간 연남장 커뮤니티허브의 감각적인 공간에서 진행되는 초급 아쉬탕가 클래스입니다. 호흡에 맞춰 정해진 순서를 천천히 따라가며, 기본 아사나와 흐름을 익힙니다. 어렵게 느껴질 수 있는 아쉬탕가를 부담 없이 경험할 수 있도록 단계적으로 안내합니다. - 아쉬탕가를 처음 시작해보고 싶은 분 - 기초를 안정적으로 배우고 싶은 분 - 멋진 공간에서 몰입감 있게 수련하고 싶은 분 📍 장소 서울특별시 서대문구 연희로5길 22 연남장 ⏰ 입장 클래스 10분 전 오픈됩니다.  🧘 준비물
 공용매트 제공 (*공용매트 제공으로 변경됨) / 편한 복장 대기실과 탈의 공간 따로 없음. 
필요하다면 화장실 이용. 🚗 주차 주차 불가능 / 대중교통 이용 요망.  ❗ 안내 수업취소- 시작 시간 24시간 전까지 가능	","[연남장|커뮤니티허브]처음이라 좋은 아쉬탕가 with 베지어트	아쉬탕가의 흐름을 가장 쉽게, 멋진 공간에서 제대로 시작하는 시간 연남장 커뮤니티허브의 감각적인 공간에서 진행되는 초급 아쉬탕가 클래스입니다. 호흡에 맞춰 정해진 순서를 천천히 따라가며, 기본 아사나와 흐름을 익힙니다. 어렵게 느껴질 수 있는 아쉬탕가를 부담 없이 경험할 수 있도록 단계적으로 안내합니다. - 아쉬탕가를 처음 시작해보고 싶은 분 - 기초를 안정적으로 배우고 싶은 분 - 멋진 공간에서 몰입감 있게 수련하고 싶은 분 📍 장소 서울특별시 서대문구 연희로5길 22 연남장 ⏰ 입장 클래스 10분 전 오픈됩니다.  🧘 준비물
 공용매트 제공 (*공용매트 제공으로 변경됨) / 편한 복장 대기실과 탈의 공간 따로 없음. 
필요하다면 화장실 이용. 🚗 주차 주차 불가능 / 대중교통 이용 요망.  ❗ 안내 수업취소- 시작 시간 24시간 전까지 가능	"
class,11p.txt,11,4,31,33,[연남장|커뮤니티허브]Being 감각을 깨우는 하타요가,"애쓰지 않아도, 깊이 닿는 감각의 요가 작은 움직임과 호흡을 통해 감각을 천천히 깨우는 하타요가입니다. 과한 노력보다 현재의 몸과 상태에 머무르며, 자연스럽게 긴장을 풀고 몸과 마음의 연결을 회복합니다. effort는 줄이고, awareness를 높이는 수련입니다. - 무리 없이 깊이 있는 요가를 하고 싶은 분 - 감각과 호흡에 집중하고 싶은 분 - 편안하게 나에게 머무르고 싶은 분 📍 장소 서울특별시 서대문구 연희로5길 22 연남장 ⏰ 입장 클래스 10분 전 오픈됩니다.  🧘 준비물
 공용매트 제공 (*공용매트 제공으로 변경됨) / 편한 복장 대기실과 탈의 공간 따로 없음. 
필요하다면 화장실 이용. 🚗 주차 주차 불가능 / 대중교통 이용 요망.  ❗ 안내 수업취소- 시작 시간 24시간 전까지 가능	","[연남장|커뮤니티허브]Being 감각을 깨우는 하타요가	애쓰지 않아도, 깊이 닿는 감각의 요가 작은 움직임과 호흡을 통해 감각을 천천히 깨우는 하타요가입니다. 과한 노력보다 현재의 몸과 상태에 머무르며, 자연스럽게 긴장을 풀고 몸과 마음의 연결을 회복합니다. effort는 줄이고, awareness를 높이는 수련입니다. - 무리 없이 깊이 있는 요가를 하고 싶은 분 - 감각과 호흡에 집중하고 싶은 분 - 편안하게 나에게 머무르고 싶은 분 📍 장소 서울특별시 서대문구 연희로5길 22 연남장 ⏰ 입장 클래스 10분 전 오픈됩니다.  🧘 준비물
 공용매트 제공 (*공용매트 제공으로 변경됨) / 편한 복장 대기실과 탈의 공간 따로 없음. 
필요하다면 화장실 이용. 🚗 주차 주차 불가능 / 대중교통 이용 요망.  ❗ 안내 수업취소- 시작 시간 24시간 전까지 가능	"
class,11p.txt,11,5,34,36,[연남장|커뮤니티허브]Forrestyoga의 움직임을 기반으로 내몸의 바른 사용법 찾아가기,"몸을 다시 배우고, 제대로 쓰는 법을 찾아가는 요가 연남장 커뮤니티허브에서 진행되는 포레스트요가 기반 클래스입니다. 강한 코어와 호흡을 중심으로, 몸의 정렬과 사용 방식을 다시 익혀갑니다. 무의식적으로 쓰던 습관을 알아차리고, 보다 안정적이고 효율적인 움직임으로 연결합니다. 각자의 범위 안에서 진행되며, 몸을 깊이 이해하는 경험을 만듭니다. - 잘못된 자세와 습관을 바꾸고 싶은 분 - 몸을 더 정확하게 쓰고 싶은 분 - 코어와 집중력을 함께 키우고 싶은 분 📍 장소 서울특별시 서대문구 연희로5길 22 연남장 ⏰ 입장 클래스 10분 전 오픈됩니다.  🧘 준비물
 공용매트 제공 (*공용매트 제공으로 변경됨) / 편한 복장 대기실과 탈의 공간 따로 없음. 
필요하다면 화장실 이용. 🚗 주차 주차 불가능 / 대중교통 이용 요망.  ❗ 안내 수업취소- 시작 시간 24시간 전까지 가능	","[연남장|커뮤니티허브]Forrestyoga의 움직임을 기반으로 내몸의 바른 사용법 찾아가기	몸을 다시 배우고, 제대로 쓰는 법을 찾아가는 요가 연남장 커뮤니티허브에서 진행되는 포레스트요가 기반 클래스입니다. 강한 코어와 호흡을 중심으로, 몸의 정렬과 사용 방식을 다시 익혀갑니다. 무의식적으로 쓰던 습관을 알아차리고, 보다 안정적이고 효율적인 움직임으로 연결합니다. 각자의 범위 안에서 진행되며, 몸을 깊이 이해하는 경험을 만듭니다. - 잘못된 자세와 습관을 바꾸고 싶은 분 - 몸을 더 정확하게 쓰고 싶은 분 - 코어와 집중력을 함께 키우고 싶은 분 📍 장소 서울특별시 서대문구 연희로5길 22 연남장 ⏰ 입장 클래스 10분 전 오픈됩니다.  🧘 준비물
 공용매트 제공 (*공용매트 제공으로 변경됨) / 편한 복장 대기실과 탈의 공간 따로 없음. 
필요하다면 화장실 이용. 🚗 주차 주차 불가능 / 대중교통 이용 요망.  ❗ 안내 수업취소- 시작 시간 24시간 전까지 가능	"
class,11p.txt,11,6,37,37,[연희정음] 단단하게 뿌리내리며 자유롭게 흐르는 빈야사,바닥과 안정감 있게 연결되는 동작으로 기반을 다집니다. 단단함에 힘입어 더 가벼워지고 부드러워지는 움직임을 경험합니다. 자세와 자세의 연결은 자유롭게 흐르기도 하면서 몸과 마음에 여유를 선물해주세요. 수업취소- 시작 시간 24시간 전까지 가능	,[연희정음] 단단하게 뿌리내리며 자유롭게 흐르는 빈야사	바닥과 안정감 있게 연결되는 동작으로 기반을 다집니다. 단단함에 힘입어 더 가벼워지고 부드러워지는 움직임을 경험합니다. 자세와 자세의 연결은 자유롭게 흐르기도 하면서 몸과 마음에 여유를 선물해주세요. 수업취소- 시작 시간 24시간 전까지 가능	
class,11p.txt,11,7,38,38,[연희정음] 독서와 요가,-	,[연희정음] 독서와 요가	-	
class,11p.txt,11,8,39,39,[연희정음] 연결하는 사운드 배스,-	,[연희정음] 연결하는 사운드 배스	-	
class,11p.txt,11,9,40,40,[연희정음] 예술 명상 콘서트,"피아노 기타 연주와 그림 감상을 하며, 마음에 스며드는 명상 콘서트	","[연희정음] 예술 명상 콘서트	피아노 기타 연주와 그림 감상을 하며, 마음에 스며드는 명상 콘서트	"
class,11p.txt,11,10,41,41,[연희정음] 요가,-	,[연희정음] 요가	-	
class,12p.txt,12,1,22,22,[연희정음] 파트너링 요가,-	,[연희정음] 파트너링 요가	-	
class,12p.txt,12,2,23,23,[연희정음] 핸드팬 사운드스케이프 '일렁',"핸드팬 사운드스케이프 ‘일렁’ 음으로 피어나는 풍경들, 마음의 잔상들, 여운들. 여러 소리도구들, 필드레코딩 된 자연의 소리, 핸드팬 하모닉스가 만드는 릴렉싱 사운드. 음악과 함께 자신만의 서사를 떠올리며, 차를 마시고 호흡을 고르고 온전한 나의 자리를 살피는 순간. 음악 감상, 명상, 휴식의 경계를 넘나들며 일상의 속도에서 벗어나 나의 리듬을 되찾고, 숨결을 트는 자리. - 고요하지만 풍요로운 감각으로 하루를 시작 or 마무리 하고픈 분 - 정체된 마음과 감정에 다시 흐름을 만들고 싶은 분 - 조화로운 소리파동을 통해 에너지의 균형을 회복하고픈 분 - 말보다는 음악을 통해 생각을 정리하고픈 분 - 핸드팬 소리를 좋아하는 분	","[연희정음] 핸드팬 사운드스케이프 '일렁'	핸드팬 사운드스케이프 ‘일렁’ 음으로 피어나는 풍경들, 마음의 잔상들, 여운들. 여러 소리도구들, 필드레코딩 된 자연의 소리, 핸드팬 하모닉스가 만드는 릴렉싱 사운드. 음악과 함께 자신만의 서사를 떠올리며, 차를 마시고 호흡을 고르고 온전한 나의 자리를 살피는 순간. 음악 감상, 명상, 휴식의 경계를 넘나들며 일상의 속도에서 벗어나 나의 리듬을 되찾고, 숨결을 트는 자리. - 고요하지만 풍요로운 감각으로 하루를 시작 or 마무리 하고픈 분 - 정체된 마음과 감정에 다시 흐름을 만들고 싶은 분 - 조화로운 소리파동을 통해 에너지의 균형을 회복하고픈 분 - 말보다는 음악을 통해 생각을 정리하고픈 분 - 핸드팬 소리를 좋아하는 분	"
class,12p.txt,12,3,24,26,[연희정음|랜드마크] 명상 흐름의 슬로우 빈야사,"연희정음 글래스파빌리온, 빛이 흐르는 공간에서 호흡과 움직임을 이어가는 명상 흐름의 슬로우 빈야사 클래스입니다. 이 수업은 호흡에 맞춰 천천히 이어지는 흐름 속에서 몸과 마음을 동시에 알아차리는 시간을 만듭니다. 올레벨로 진행되지만, 조금씩은 도전적인 움직임을 통해 중심을 옮기고, 균형을 찾아가며 내 몸의 감각을 섬세하게 느껴봅니다. 아사나를 빠르게 넘기기보다 호흡과 함께 머무르며 깊이 경험하는 것에 집중합니다. 흔들림 속에서도 중심을 찾고, 몸 전체를 협동하며 사용하는 움직임을 통해 자연스럽게 집중과 몰입이 깊어집니다. 👉 이런 분들께 추천합니다 • 빈야사를 경험해보고 싶은 초보자 • 호흡과 흐름에 집중하는 요가를 원하는 분 • 가볍지만 의미 있는 도전을 해보고 싶은 분 📍 장소 서울특별시 서대문구 연희동 189-2 ⏰ 입장 클래스 10분 전 오픈됩니다.  🧘 준비물
개인매트 필수 / 편한 복장 대기실과 탈의 공간 따로 없음. 
필요하다면 화장실 이용. 🚗 주차 주차 불가능 / 대중교통 이용 요망.  ❗ 안내 수업취소- 시작 시간 24시간 전까지 가능	","[연희정음|랜드마크] 명상 흐름의 슬로우 빈야사	연희정음 글래스파빌리온, 빛이 흐르는 공간에서 호흡과 움직임을 이어가는 명상 흐름의 슬로우 빈야사 클래스입니다. 이 수업은 호흡에 맞춰 천천히 이어지는 흐름 속에서 몸과 마음을 동시에 알아차리는 시간을 만듭니다. 올레벨로 진행되지만, 조금씩은 도전적인 움직임을 통해 중심을 옮기고, 균형을 찾아가며 내 몸의 감각을 섬세하게 느껴봅니다. 아사나를 빠르게 넘기기보다 호흡과 함께 머무르며 깊이 경험하는 것에 집중합니다. 흔들림 속에서도 중심을 찾고, 몸 전체를 협동하며 사용하는 움직임을 통해 자연스럽게 집중과 몰입이 깊어집니다. 👉 이런 분들께 추천합니다 • 빈야사를 경험해보고 싶은 초보자 • 호흡과 흐름에 집중하는 요가를 원하는 분 • 가볍지만 의미 있는 도전을 해보고 싶은 분 📍 장소 서울특별시 서대문구 연희동 189-2 ⏰ 입장 클래스 10분 전 오픈됩니다.  🧘 준비물
개인매트 필수 / 편한 복장 대기실과 탈의 공간 따로 없음. 
필요하다면 화장실 이용. 🚗 주차 주차 불가능 / 대중교통 이용 요망.  ❗ 안내 수업취소- 시작 시간 24시간 전까지 가능	"
class,12p.txt,12,4,27,29,[연희정음|랜드마크] 무릉 엠비언트 콘서트 - 무릉 숨비소리,"연희정음 글래스파빌리온에서 펼쳐지는 낮시간의 고요한 앰비언트 콘서트입니다. 유리로 둘러싸인 공간 안에서 자연의 빛과 공기를 느끼며, 제주에서 온 사운드 ‘숨비소리’와 함께 천천히 감각을 열어가는 시간을 가집니다. 이 프로그램은 무언가를 해야 하는 시간이 아니라, 그저 앉거나 누워 소리와 공간에 몸을 맡기는 경험입니다. 잔잔하게 흐르는 앰비언트 사운드와 숨결 같은 리듬 속에서 호흡은 자연스럽게 깊어지고, 몸과 마음은 서서히 이완됩니다. 👉 이런 분들께 추천합니다 • 바쁜 일상 속에서 잠시 멈추고 싶은 분 • 명상이나 사운드 경험이 처음인 분 • 특별한 공간에서 조용히 쉬고 싶은 분 📍 장소 서울특별시 서대문구 연희동 189-2 ⏰ 입장 클래스 10분 전 오픈됩니다.  🧘 준비물
개인매트 필수 / 편한 복장 대기실과 탈의 공간 따로 없음. 
필요하다면 화장실 이용. 🚗 주차 주차 불가능 / 대중교통 이용 요망.  ❗ 안내 수업취소- 시작 시간 24시간 전까지 가능	","[연희정음|랜드마크] 무릉 엠비언트 콘서트 - 무릉 숨비소리	연희정음 글래스파빌리온에서 펼쳐지는 낮시간의 고요한 앰비언트 콘서트입니다. 유리로 둘러싸인 공간 안에서 자연의 빛과 공기를 느끼며, 제주에서 온 사운드 ‘숨비소리’와 함께 천천히 감각을 열어가는 시간을 가집니다. 이 프로그램은 무언가를 해야 하는 시간이 아니라, 그저 앉거나 누워 소리와 공간에 몸을 맡기는 경험입니다. 잔잔하게 흐르는 앰비언트 사운드와 숨결 같은 리듬 속에서 호흡은 자연스럽게 깊어지고, 몸과 마음은 서서히 이완됩니다. 👉 이런 분들께 추천합니다 • 바쁜 일상 속에서 잠시 멈추고 싶은 분 • 명상이나 사운드 경험이 처음인 분 • 특별한 공간에서 조용히 쉬고 싶은 분 📍 장소 서울특별시 서대문구 연희동 189-2 ⏰ 입장 클래스 10분 전 오픈됩니다.  🧘 준비물
개인매트 필수 / 편한 복장 대기실과 탈의 공간 따로 없음. 
필요하다면 화장실 이용. 🚗 주차 주차 불가능 / 대중교통 이용 요망.  ❗ 안내 수업취소- 시작 시간 24시간 전까지 가능	"
class,12p.txt,12,5,30,32,[연희정음|랜드마크] 봄햇살 아래 나른한 힐링요가,"연희정음 글래스파빌리온, 봄햇살이 부드럽게 스며드는 공간에서 몸과 마음을 천천히 깨우는 힐링요가입니다. 겨우내 움츠러들었던 몸을 호흡과 함께 부드럽게 풀어내며, 지금의 상태를 있는 그대로 느끼고 받아들이는 시간을 가집니다. 무언가를 해내기보다 편안하게 머물고, 천천히 회복하는 데 집중합니다. 전신을 가볍게 풀어주는 저강도 하타요가로 진행되며, 유연성이나 경험과 관계없이 누구나 부담 없이 참여할 수 있습니다. 부드럽지만 깊이 있게 움직이며 몸과 마음의 균형을 다시 찾아가는 시간입니다. 👉 이런 분들께 추천합니다 • 몸과 마음이 지쳐 회복이 필요한 분 • 무리 없이 편안하게 움직이고 싶은 분 • 햇살이 드는 공간에서 나에게 집중하는 시간을 보내고 싶은 분 📍 장소 서울특별시 서대문구 연희동 189-2 ⏰ 입장 클래스 10분 전 오픈됩니다.  🧘 준비물
개인매트 필수 / 편한 복장 대기실과 탈의 공간 따로 없음. 
필요하다면 화장실 이용. 🚗 주차 주차 불가능 / 대중교통 이용 요망.  ❗ 안내 수업취소- 시작 시간 24시간 전까지 가능	","[연희정음|랜드마크] 봄햇살 아래 나른한 힐링요가	연희정음 글래스파빌리온, 봄햇살이 부드럽게 스며드는 공간에서 몸과 마음을 천천히 깨우는 힐링요가입니다. 겨우내 움츠러들었던 몸을 호흡과 함께 부드럽게 풀어내며, 지금의 상태를 있는 그대로 느끼고 받아들이는 시간을 가집니다. 무언가를 해내기보다 편안하게 머물고, 천천히 회복하는 데 집중합니다. 전신을 가볍게 풀어주는 저강도 하타요가로 진행되며, 유연성이나 경험과 관계없이 누구나 부담 없이 참여할 수 있습니다. 부드럽지만 깊이 있게 움직이며 몸과 마음의 균형을 다시 찾아가는 시간입니다. 👉 이런 분들께 추천합니다 • 몸과 마음이 지쳐 회복이 필요한 분 • 무리 없이 편안하게 움직이고 싶은 분 • 햇살이 드는 공간에서 나에게 집중하는 시간을 보내고 싶은 분 📍 장소 서울특별시 서대문구 연희동 189-2 ⏰ 입장 클래스 10분 전 오픈됩니다.  🧘 준비물
개인매트 필수 / 편한 복장 대기실과 탈의 공간 따로 없음. 
필요하다면 화장실 이용. 🚗 주차 주차 불가능 / 대중교통 이용 요망.  ❗ 안내 수업취소- 시작 시간 24시간 전까지 가능	"
class,12p.txt,12,6,33,35,[연희정음|랜드마크] 부드럽게 비기너요가,"연희정음 글래스파빌리온에서 진행되는 빛과 공간을 온전히 느끼는 특별한 요가 경험입니다. 유리로 둘러싸인 공간에서 자연의 흐름과 함께 호흡하며, 일상과는 다른 고요한 시간을 만납니다. 이 수업은 기본 아사나를 차근차근 익혀가는 친절하고 다정한 시간입니다. 요가가 처음이거나, 오랜만에 다시 시작하는 분들도 부담 없이 참여할 수 있도록 호흡부터 동작까지 천천히 안내합니다. 과하게 힘을 쓰기보다 몸을 부드럽게 풀고 감각을 깨우는 데 집중합니다. 👉 이런 분들께 추천합니다 • 요가가 처음인 분 • 오랜만에 다시 시작하는 분 • 특별한 공간에서 나에게 집중하는 시간을 보내고 싶은 분 📍 장소 서울특별시 서대문구 연희동 189-2 ⏰ 입장 클래스 10분 전 오픈됩니다.  🧘 준비물
개인매트 필수 / 편한 복장 대기실과 탈의 공간 따로 없음. 
필요하다면 화장실 이용. 🚗 주차 주차 불가능 / 대중교통 이용 요망.  ❗ 안내 수업취소- 시작 시간 24시간 전까지 가능	","[연희정음|랜드마크] 부드럽게 비기너요가	연희정음 글래스파빌리온에서 진행되는 빛과 공간을 온전히 느끼는 특별한 요가 경험입니다. 유리로 둘러싸인 공간에서 자연의 흐름과 함께 호흡하며, 일상과는 다른 고요한 시간을 만납니다. 이 수업은 기본 아사나를 차근차근 익혀가는 친절하고 다정한 시간입니다. 요가가 처음이거나, 오랜만에 다시 시작하는 분들도 부담 없이 참여할 수 있도록 호흡부터 동작까지 천천히 안내합니다. 과하게 힘을 쓰기보다 몸을 부드럽게 풀고 감각을 깨우는 데 집중합니다. 👉 이런 분들께 추천합니다 • 요가가 처음인 분 • 오랜만에 다시 시작하는 분 • 특별한 공간에서 나에게 집중하는 시간을 보내고 싶은 분 📍 장소 서울특별시 서대문구 연희동 189-2 ⏰ 입장 클래스 10분 전 오픈됩니다.  🧘 준비물
개인매트 필수 / 편한 복장 대기실과 탈의 공간 따로 없음. 
필요하다면 화장실 이용. 🚗 주차 주차 불가능 / 대중교통 이용 요망.  ❗ 안내 수업취소- 시작 시간 24시간 전까지 가능	"
class,12p.txt,12,7,36,38,[연희정음|랜드마크] 빅블루의 호흡 회복 요가,"연희정음 글래스파빌리온, 고요한 공간 속에서 호흡을 깊게 회복하는 빅블루의 호흡 회복 요가입니다. 이 수업은 움직임보다 호흡을 되찾는 것에서 시작합니다. 짧고 얕아진 숨을 천천히 알아차리고, 호흡의 리듬을 회복하며 몸과 마음을 함께 안정시키는 시간을 가집니다. 부드러운 움직임과 함께 호흡과 몸의 연결을 느끼며, 과도한 긴장을 풀고 깊은 이완으로 이어집니다. 바쁘게 흘러가던 일상에서 벗어나 다시 숨을 쉬는 감각을 되찾는 시간입니다. 👉 이런 분들께 추천합니다 • 스트레스와 긴장으로 숨이 얕아진 분 • 몸과 마음의 회복이 필요한 분 • 조용히 나에게 집중하는 시간을 갖고 싶은 분 📍 장소 서울특별시 서대문구 연희동 189-2 ⏰ 입장 클래스 10분 전 오픈됩니다.  🧘 준비물
개인매트 필수 / 편한 복장 대기실과 탈의 공간 따로 없음. 
필요하다면 화장실 이용. 🚗 주차 주차 불가능 / 대중교통 이용 요망.  ❗ 안내 수업취소- 시작 시간 24시간 전까지 가능	","[연희정음|랜드마크] 빅블루의 호흡 회복 요가	연희정음 글래스파빌리온, 고요한 공간 속에서 호흡을 깊게 회복하는 빅블루의 호흡 회복 요가입니다. 이 수업은 움직임보다 호흡을 되찾는 것에서 시작합니다. 짧고 얕아진 숨을 천천히 알아차리고, 호흡의 리듬을 회복하며 몸과 마음을 함께 안정시키는 시간을 가집니다. 부드러운 움직임과 함께 호흡과 몸의 연결을 느끼며, 과도한 긴장을 풀고 깊은 이완으로 이어집니다. 바쁘게 흘러가던 일상에서 벗어나 다시 숨을 쉬는 감각을 되찾는 시간입니다. 👉 이런 분들께 추천합니다 • 스트레스와 긴장으로 숨이 얕아진 분 • 몸과 마음의 회복이 필요한 분 • 조용히 나에게 집중하는 시간을 갖고 싶은 분 📍 장소 서울특별시 서대문구 연희동 189-2 ⏰ 입장 클래스 10분 전 오픈됩니다.  🧘 준비물
개인매트 필수 / 편한 복장 대기실과 탈의 공간 따로 없음. 
필요하다면 화장실 이용. 🚗 주차 주차 불가능 / 대중교통 이용 요망.  ❗ 안내 수업취소- 시작 시간 24시간 전까지 가능	"
class,12p.txt,12,8,39,41,[연희정음|랜드마크] 핸드팬에 잠기는 저녁 요가 명상 with 칼레트,"연희정음 글래스파빌리온, 빛과 소리가 어우러지는 공간에서 진행되는 핸드팬 메디테이션 & 요가입니다. 명상음악의 깊이를 선보여온 마고사운드와 시이작 준형 원장의 핸드팬 라이브 연주가 함께하는 특별한 콜라보 세션입니다. 잔잔하게 울리는 핸드팬의 진동과 공간을 채우는 앰비언트 사운드 속에서 호흡은 자연스럽게 깊어지고, 몸은 서서히 이완됩니다. 수업은 가볍게 몸을 깨우는 움직임과 소리에 집중하는 명상으로 이어지며, 움직임과 사운드가 하나의 흐름으로 연결되는 경험을 만듭니다. 복잡한 생각을 내려놓고 지금 이 순간의 감각에 머무르는 시간입니다. 👉 이런 분들께 추천합니다 • 사운드와 함께하는 명상을 경험해보고 싶은 분 • 깊은 이완과 휴식이 필요한 분 • 특별한 공간에서 색다른 요가를 경험하고 싶은 분 📍 장소 서울특별시 서대문구 연희동 189-2 ⏰ 입장 클래스 10분 전 오픈됩니다.  🧘 준비물
개인매트 필수 / 편한 복장 대기실과 탈의 공간 따로 없음. 
필요하다면 화장실 이용. 🚗 주차 주차 불가능 / 대중교통 이용 요망.  ❗ 안내 수업취소- 시작 시간 24시간 전까지 가능	","[연희정음|랜드마크] 핸드팬에 잠기는 저녁 요가 명상 with 칼레트	연희정음 글래스파빌리온, 빛과 소리가 어우러지는 공간에서 진행되는 핸드팬 메디테이션 & 요가입니다. 명상음악의 깊이를 선보여온 마고사운드와 시이작 준형 원장의 핸드팬 라이브 연주가 함께하는 특별한 콜라보 세션입니다. 잔잔하게 울리는 핸드팬의 진동과 공간을 채우는 앰비언트 사운드 속에서 호흡은 자연스럽게 깊어지고, 몸은 서서히 이완됩니다. 수업은 가볍게 몸을 깨우는 움직임과 소리에 집중하는 명상으로 이어지며, 움직임과 사운드가 하나의 흐름으로 연결되는 경험을 만듭니다. 복잡한 생각을 내려놓고 지금 이 순간의 감각에 머무르는 시간입니다. 👉 이런 분들께 추천합니다 • 사운드와 함께하는 명상을 경험해보고 싶은 분 • 깊은 이완과 휴식이 필요한 분 • 특별한 공간에서 색다른 요가를 경험하고 싶은 분 📍 장소 서울특별시 서대문구 연희동 189-2 ⏰ 입장 클래스 10분 전 오픈됩니다.  🧘 준비물
개인매트 필수 / 편한 복장 대기실과 탈의 공간 따로 없음. 
필요하다면 화장실 이용. 🚗 주차 주차 불가능 / 대중교통 이용 요망.  ❗ 안내 수업취소- 시작 시간 24시간 전까지 가능	"
class,12p.txt,12,9,42,43,"[연희정음|랜드마크]예술 명상 콘서트-피아노 기타 연주와 그림 감상을 하며, 마음에 스며드는 명상 콘서트","음악과 그림 속에 머물며, 마음을 깊이 쉬게 하는 시간 연희정음에서 진행되는 예술 명상 콘서트입니다. 피아노와 기타의 라이브 연주, 그리고 그림 감상을 함께하며, 내 마음의 흐름에 감각적으로 머무르는 시간을 경험합니다. 음악과 이미지가 조용히 스며들며, 지친 마음을 자연스럽게 회복시킵니다. 남녀노소 누구나 편안하게 참여할 수 있습니다. - 깊은 휴식과 이완이 필요한 분 - 음악과 예술로 마음을 채우고 싶은 분 - 조용히 머물며 나를 회복하고 싶은 분 📍 장소 서울특별시 서대문구 연희동 189-2 / 연희정음 3층 ⏰ 입장 클래스 10분 전 오픈됩니다.  🧘 준비물
개인매트 불필요 / 의자에 앉아서 진행 🚗 주차 주차 불가능 / 대중교통 이용 요망.  ❗ 안내 수업취소- 시작 시간 24시간 전까지 가능	","[연희정음|랜드마크]예술 명상 콘서트-피아노 기타 연주와 그림 감상을 하며, 마음에 스며드는 명상 콘서트	음악과 그림 속에 머물며, 마음을 깊이 쉬게 하는 시간 연희정음에서 진행되는 예술 명상 콘서트입니다. 피아노와 기타의 라이브 연주, 그리고 그림 감상을 함께하며, 내 마음의 흐름에 감각적으로 머무르는 시간을 경험합니다. 음악과 이미지가 조용히 스며들며, 지친 마음을 자연스럽게 회복시킵니다. 남녀노소 누구나 편안하게 참여할 수 있습니다. - 깊은 휴식과 이완이 필요한 분 - 음악과 예술로 마음을 채우고 싶은 분 - 조용히 머물며 나를 회복하고 싶은 분 📍 장소 서울특별시 서대문구 연희동 189-2 / 연희정음 3층 ⏰ 입장 클래스 10분 전 오픈됩니다.  🧘 준비물
개인매트 불필요 / 의자에 앉아서 진행 🚗 주차 주차 불가능 / 대중교통 이용 요망.  ❗ 안내 수업취소- 시작 시간 24시간 전까지 가능	"
class,12p.txt,12,10,44,46,[연희정음|랜드마크]인요가와 저널링 with 프라우카,"멈추고 바라보며, 나를 기록하는 고요한 시간 연희정음의 차분한 공간에서 인요가와 글쓰기를 함께하는 프로그램입니다. 느리고 부드럽게 머무르는 인요가 수련을 통해 몸의 긴장을 풀고, 그 상태에서 자연스럽게 떠오르는 감정과 생각을 글로 기록합니다. 안내자의 질문을 따라가며, 판단 없이 나를 바라보는 시간을 가집니다. - 마음의 정리가 필요한 분 - 바쁜 일상 속 잠시 멈추고 싶은 분 - 몸과 감정을 함께 돌보고 싶은 분 📍 장소 서울특별시 서대문구 연희동 189-2 ⏰ 입장 클래스 10분 전 오픈됩니다.  🧘 준비물
개인매트 필수 / 편한 복장 대기실과 탈의 공간 따로 없음. 
필요하다면 화장실 이용. 🚗 주차 주차 불가능 / 대중교통 이용 요망.  ❗ 안내 수업취소- 시작 시간 24시간 전까지 가능	","[연희정음|랜드마크]인요가와 저널링 with 프라우카	멈추고 바라보며, 나를 기록하는 고요한 시간 연희정음의 차분한 공간에서 인요가와 글쓰기를 함께하는 프로그램입니다. 느리고 부드럽게 머무르는 인요가 수련을 통해 몸의 긴장을 풀고, 그 상태에서 자연스럽게 떠오르는 감정과 생각을 글로 기록합니다. 안내자의 질문을 따라가며, 판단 없이 나를 바라보는 시간을 가집니다. - 마음의 정리가 필요한 분 - 바쁜 일상 속 잠시 멈추고 싶은 분 - 몸과 감정을 함께 돌보고 싶은 분 📍 장소 서울특별시 서대문구 연희동 189-2 ⏰ 입장 클래스 10분 전 오픈됩니다.  🧘 준비물
개인매트 필수 / 편한 복장 대기실과 탈의 공간 따로 없음. 
필요하다면 화장실 이용. 🚗 주차 주차 불가능 / 대중교통 이용 요망.  ❗ 안내 수업취소- 시작 시간 24시간 전까지 가능	"
class,13p.txt,13,1,22,22,[장소미정|어린이날 키즈요가] 정답! 공룡 퀴즈!! 공룡 요가 (5세~7세),"공룡이 되어 뛰고 움직이며 배우는, 어린이날 특별 요가 퀴즈로 공룡을 알아보고, 몸으로 직접 표현하는 키즈 요가 클래스입니다. 티라노사우루스, 브라키오사우루스 등 다양한 공룡을 따라하며 놀이처럼 즐겁게 몸을 움직이고 상상력을 키웁니다. 어린이날을 맞아 아이들이 마음껏 뛰고 표현할 수 있는 시간입니다. - 공룡을 좋아하는 아이 - 몸을 움직이며 배우고 싶은 아이 - 어린이날 특별한 활동을 경험하고 싶은 아이 (분리수업을 진행 5~7세) *키즈요가 프로그램에 대한 문의는 인스타그램 @flexible_Jinny 으로 디엠 문의 수업취소- 시작 시간 24시간 전까지 가능	","[장소미정|어린이날 키즈요가] 정답! 공룡 퀴즈!! 공룡 요가 (5세~7세)	공룡이 되어 뛰고 움직이며 배우는, 어린이날 특별 요가 퀴즈로 공룡을 알아보고, 몸으로 직접 표현하는 키즈 요가 클래스입니다. 티라노사우루스, 브라키오사우루스 등 다양한 공룡을 따라하며 놀이처럼 즐겁게 몸을 움직이고 상상력을 키웁니다. 어린이날을 맞아 아이들이 마음껏 뛰고 표현할 수 있는 시간입니다. - 공룡을 좋아하는 아이 - 몸을 움직이며 배우고 싶은 아이 - 어린이날 특별한 활동을 경험하고 싶은 아이 (분리수업을 진행 5~7세) *키즈요가 프로그램에 대한 문의는 인스타그램 @flexible_Jinny 으로 디엠 문의 수업취소- 시작 시간 24시간 전까지 가능	"
class,13p.txt,13,2,23,23,[장소미정|어린이날 키즈요가]나는 무엇이든 될 수 있다! 동물요가(5~8세),"어린이날, 몸으로 마음껏 놀고 표현하는 특별한 동물요가 어린이날을 맞아 준비된 키즈 요가 클래스입니다. 다양한 동물의 움직임을 따라하며 몸과 감정을 자유롭게 표현하고, 놀이처럼 즐기며 자연스럽게 상상력과 자신감을 키워갑니다. 어떤 동물이 되고 싶은지 선택하고, 몸으로 이야기하는 즐거운 시간입니다. - 어린이날 특별한 경험을 선물하고 싶은 아이 - 몸을 움직이며 신나게 놀고 싶은 아이 - 감정 표현과 상상력을 키우고 싶은 아이 (5~8세, 분리수업으로 진행) 수업취소- 시작 시간 24시간 전까지 가능	","[장소미정|어린이날 키즈요가]나는 무엇이든 될 수 있다! 동물요가(5~8세)	어린이날, 몸으로 마음껏 놀고 표현하는 특별한 동물요가 어린이날을 맞아 준비된 키즈 요가 클래스입니다. 다양한 동물의 움직임을 따라하며 몸과 감정을 자유롭게 표현하고, 놀이처럼 즐기며 자연스럽게 상상력과 자신감을 키워갑니다. 어떤 동물이 되고 싶은지 선택하고, 몸으로 이야기하는 즐거운 시간입니다. - 어린이날 특별한 경험을 선물하고 싶은 아이 - 몸을 움직이며 신나게 놀고 싶은 아이 - 감정 표현과 상상력을 키우고 싶은 아이 (5~8세, 분리수업으로 진행) 수업취소- 시작 시간 24시간 전까지 가능	"
class,13p.txt,13,3,24,24,[장소미정|연희스페셜] 사연이 피아노 연주가 되는 사운드 유어 마인드,"당신의 이야기가 음악이 되는, 즉흥 힐링 피아노 콘서트 관객의 사연을 듣고 그 자리에서 피아노 연주로 풀어내는 참여형 콘서트입니다. 이야기와 음악이 만나며, 나와 타인의 감정을 자연스럽게 공감하고 연결합니다. 타로 카드 등 직관적인 도구를 통해 마음을 열고, 안전한 공간에서 깊은 힐링을 경험합니다. - 나의 이야기를 음악으로 들어보고 싶은 분 - 감정의 공감과 위로가 필요한 분 - 특별하고 깊이 있는 공연을 경험하고 싶은 분 수업취소- 시작 시간 24시간 전까지 가능	","[장소미정|연희스페셜] 사연이 피아노 연주가 되는 사운드 유어 마인드	당신의 이야기가 음악이 되는, 즉흥 힐링 피아노 콘서트 관객의 사연을 듣고 그 자리에서 피아노 연주로 풀어내는 참여형 콘서트입니다. 이야기와 음악이 만나며, 나와 타인의 감정을 자연스럽게 공감하고 연결합니다. 타로 카드 등 직관적인 도구를 통해 마음을 열고, 안전한 공간에서 깊은 힐링을 경험합니다. - 나의 이야기를 음악으로 들어보고 싶은 분 - 감정의 공감과 위로가 필요한 분 - 특별하고 깊이 있는 공연을 경험하고 싶은 분 수업취소- 시작 시간 24시간 전까지 가능	"
class,13p.txt,13,4,25,25,[파츄코파라다이스] 요기니 살롱 디제이 파티,수업취소- 시작 시간 24시간 전까지 가능	,[파츄코파라다이스] 요기니 살롱 디제이 파티	수업취소- 시작 시간 24시간 전까지 가능	
class,13p.txt,13,5,26,26,요가,-	,요가	-	
