review_id,review_capture_order,source_image,reviewer_public_id,review_date_iso,visit_count,overall_rating,class_rating,atmosphere_rating,facility_rating,class_title_ocr,class_title_matched,class_title_base,class_key,class_base_key,studio_key,review_text,ticket_type,ticket_count,class_match_score,confidence,needs_review,ai_validation_mode,ai_tags_json,representative_sentence
review_0001,1,Screenshot 2026-05-15 at 10.58.52.JPG,reviewer_0010,2026-05-09,4,5.0,5.0,5.0,5.0,"[연남장|커뮤니티허브] 바람과 땀, 그리고 알아차림 - 봄날의 역동적명상","[연남장|커뮤니티허브] 바람과 땀, 그리고 알아차림 - 봄날의 역동적 명상","[연남장|커뮤니티허브] 바람과 땀, 그리고 알아차림 - 봄날의 역동적 명상",연남장커뮤니티허브바람과땀그리고알아차림봄날의역동적명상,연남장커뮤니티허브바람과땀그리고알아차림봄날의역동적명상,연남장,"10점 만점에 10점.
요가위크 무한으로 즐겼어요 또 해줘잉
(+요가소년님 팬 됐어요)",연희요가위크 4회권,4.0,100.0,1.0,False,gemini_vision_structured_output,"{""atmosphere"": true, ""difficulty"": false, ""instructor"": true, ""recovery"": false, ""revisit_intent"": true, ""space"": false}",요가위크 무한으로 즐겼어요 또 해줘잉
review_0002,2,Screenshot 2026-05-15 at 10.59.03.JPG,reviewer_0002,2026-05-09,1,5.0,5.0,5.0,5.0,[연남장|커뮤니티허브] 헤드폰으로 몰입하는 사일런트 핸드팬 명상 with 칼레트,[연남장|커뮤니티허브] 헤드폰으로 몰입하는 사일런트 핸드팬 명상 with 칼레트,[연남장|커뮤니티허브] 헤드폰으로 몰입하는 사일런트 핸드팬 명상 with 칼레트,연남장커뮤니티허브헤드폰으로몰입하는사일런트핸드팬명상with칼레트,연남장커뮤니티허브헤드폰으로몰입하는사일런트핸드팬명상with칼레트,연남장,"연희요가위크 마고사운드 핸드팬 공연을 관람하고 왔어요! 멋진 만트라음악과 대화와 소통이 함께하는 공연이었어요. 단순히 음악만 감상하는 시간이 아닌, 아티스트와 관객이 함께 소통하면서 그 공간에 참여한 모든 사람들이 따스하게 연결되는 느낌이었습니다. 연희요가위크 준비해주신 모든 관계자분들 감사합니다!",,,94.01,1.0,False,gemini_vision_structured_output,"{""atmosphere"": true, ""difficulty"": false, ""instructor"": true, ""recovery"": true, ""revisit_intent"": false, ""space"": true}","단순히 음악만 감상하는 시간이 아닌, 아티스트와 관객이 함께 소통하면서 그 공간에 참여한 모든 사람들이 따스하게 연결되는 느낌이었습니다."
review_0003,3,Screenshot 2026-05-15 at 10.59.13.JPG,reviewer_0032,2026-05-09,1,4.7,5.0,5.0,4.0,[연남장|커뮤니티허브] 딥어웨이크 하타,[연남장|커뮤니티허브] 딥어웨이크 하타,[연남장|커뮤니티허브] 딥어웨이크 하타,연남장커뮤니티허브딥어웨이크하타,연남장커뮤니티허브딥어웨이크하타,연남장,"모나쌤 하타 수업으로 아침을 깨워서 몸고 마음도 상쾌. 날씨도 좋아 밖에서 불어오는
바람이 좋았어요. 공간 분위기도 새로웠고요. 감사합니다!",,,100.0,0.98,False,gemini_vision_structured_output,"{""atmosphere"": true, ""difficulty"": false, ""instructor"": true, ""recovery"": true, ""revisit_intent"": false, ""space"": true}",모나쌤 하타 수업으로 아침을 깨워서 몸고 마음도 상쾌.
review_0004,4,Screenshot 2026-05-15 at 10.59.23.JPG,reviewer_0037,2026-05-09,7,5.0,5.0,5.0,5.0,[너울너울] 소매틱뮤직 'Handpan Doodle',[너울너울] 소매틱뮤직 'Handpan Doodle',[너울너울] 소매틱뮤직 'Handpan Doodle',너울너울소매틱뮤직handpandoodle,너울너울소매틱뮤직handpandoodle,너울너울,"다 같이 빙 둘러 앉아 배운 핸드팬 연주, 선생님이 재밌고 밝게 자세히 잘 알려주셔서 핸드팬이란 악기에 대해 좀더 친근하게 다가갈 수 있었던 것 같습니다^^ 우드로 둘러 쌓인 공간도 너무 이뻤어요~!",연희요가위크 10회권,10,100.0,1.0,False,gemini_vision_structured_output,"{""atmosphere"": true, ""difficulty"": false, ""instructor"": true, ""recovery"": false, ""revisit_intent"": false, ""space"": true}",선생님이 재밌고 밝게 자세히 잘 알려주셔서 핸드팬이란 악기에 대해 좀더 친근하게 다가갈 수 있었던 것 같습니다.
review_0005,5,Screenshot 2026-05-15 at 10.59.31.JPG,reviewer_0037,2026-05-09,6,5.0,5.0,5.0,5.0,[대저택프라이빗] 연결하는 사운드 배스,[대저택프라이빗] 연결하는 사운드 배스,[대저택프라이빗] 연결하는 사운드 배스,대저택프라이빗연결하는사운드배스,대저택프라이빗연결하는사운드배스,대저택프라이빗,"유럽에 있는 어느 대저택같은 분위기의 장소에서, 서로 따뜻한 차를 마시고 명상 후싱잉볼을 들었던 이 시간, 참 행복했습니다~^^ 소중한 시간 갖게 해주셔서 감사합니다!",연희요가위크 10회권,10,100.0,1.0,False,gemini_vision_structured_output,"{""atmosphere"": true, ""difficulty"": false, ""instructor"": false, ""recovery"": true, ""revisit_intent"": false, ""space"": true}","유럽에 있는 어느 대저택같은 분위기의 장소에서, 서로 따뜻한 차를 마시고 명상 후싱잉볼을 들었던 이 시간, 참 행복했습니다~^^"
review_0006,6,Screenshot 2026-05-15 at 10.59.44.JPG,reviewer_0037,2026-05-09,5,5.0,5.0,5.0,5.0,[마인드플로우] 비기너요가,[마인드플로우] 비기너요가,[마인드플로우] 비기너요가,마인드플로우비기너요가,마인드플로우비기너요가,마인드플로우,탁트인 아름다운 공간에서 적극적이고 친절한 강사님의 티칭에 다시 한 번더 가고 싶습니다~~^^,연희요가위크 10회권,10,100.0,1.0,False,gemini_vision_structured_output,"{""atmosphere"": true, ""difficulty"": false, ""instructor"": true, ""recovery"": false, ""revisit_intent"": true, ""space"": true}",탁트인 아름다운 공간에서 적극적이고 친절한 강사님의 티칭에 다시 한 번더 가고 싶습니다~~^^
review_0007,7,Screenshot 2026-05-15 at 10.59.52.JPG,reviewer_0038,2026-05-09,4,5.0,5.0,5.0,5.0,[연희정음|랜드마크]인요가와 저널링 with 프라우카,[연희정음|랜드마크] 인요가와 저널링 with 프라우카,[연희정음|랜드마크] 인요가와 저널링 with 프라우카,연희정음랜드마크인요가와저널링with프라우카,연희정음랜드마크인요가와저널링with프라우카,연희정음,이쁜 공간에서 요가 후 내생각을 정리한 시간이 좋았습니다~,연희요가위크 10회권,10,100.0,1.0,False,gemini_vision_structured_output,"{""atmosphere"": true, ""difficulty"": false, ""instructor"": false, ""recovery"": true, ""revisit_intent"": false, ""space"": true}",이쁜 공간에서 요가 후 내생각을 정리한 시간이 좋았습니다~
review_0008,8,Screenshot 2026-05-15 at 11.00.04.JPG,reviewer_0037,2026-05-09,3,5.0,5.0,5.0,5.0,[빅블루요가|연희스페셜] 호흡어드밴스 : 숨의 리듬 익히기,[빅블루요가|연희스페셜] 호흡어드밴스 : 숨의 리듬 익히기,[빅블루요가|연희스페셜] 호흡어드밴스 : 숨의 리듬 익히기,빅블루요가연희스페셜호흡어드밴스숨의리듬익히기,빅블루요가연희스페셜호흡어드밴스숨의리듬익히기,빅블루요가,"처음해보는 스타일의 요가였어요~ 몸의 정렬이 확실히 바르게된 기분이여서 넘 좋았어요! 이쁜 공간에서 새로운 느낌의 기본에 충실한 요가, 또 가고 싶습니다!",연희요가위크 10회권,10,100.0,1.0,False,gemini_vision_structured_output,"{""atmosphere"": true, ""difficulty"": false, ""instructor"": false, ""recovery"": true, ""revisit_intent"": true, ""space"": true}","이쁜 공간에서 새로운 느낌의 기본에 충실한 요가, 또 가고 싶습니다!"
review_0009,9,Screenshot 2026-05-15 at 11.00.13.JPG,reviewer_0037,2026-05-09,2,5.0,5.0,5.0,5.0,[연희정음 랜드마크] 무릉 엠비언트 콘서트-무릉 숨비소리,[연희정음|랜드마크] 무릉 엠비언트 콘서트 - 무릉 숨비소리,[연희정음|랜드마크] 무릉 엠비언트 콘서트 - 무릉 숨비소리,연희정음랜드마크무릉엠비언트콘서트무릉숨비소리,연희정음랜드마크무릉엠비언트콘서트무릉숨비소리,연희정음,이쁜 글래스하우스 공간에서 맘에 울리는 싱잉볼연주와 감동적인 노래로 힐링된 시간 이었습니다^^,연희요가위크 10회권,10,100.0,1.0,False,gemini_vision_structured_output,"{""atmosphere"": true, ""difficulty"": false, ""instructor"": false, ""recovery"": true, ""revisit_intent"": false, ""space"": true}",이쁜 글래스하우스 공간에서 맘에 울리는 싱잉볼연주와 감동적인 노래로 힐링된 시간 이었습니다^^
review_0010,10,Screenshot 2026-05-15 at 11.00.23.JPG,reviewer_0038,2026-05-09,1,5.0,5.0,5.0,5.0,[시이작|연희스페셜] 러닝으로 이어지는 명상 with 프라우카,[시이작|연희스페셜] 러닝으로 이어지는 명상 with 프라우카,[시이작|연희스페셜] 러닝으로 이어지는 명상 with 프라우카,시이작연희스페셜러닝으로이어지는명상with프라우카,시이작연희스페셜러닝으로이어지는명상with프라우카,시이작,"러닝 후 요가, 완벽한 하루였습니다^^ 다 같이 뛰니 에너지도 생기고 색다른 알찬 하루를 보낸 기분이라 너무 좋았어요^^ 끝나고 선물까지 감사합니다.",연희요가위크 10회권,10,100.0,1.0,False,gemini_vision_structured_output,"{""atmosphere"": true, ""difficulty"": false, ""instructor"": true, ""recovery"": true, ""revisit_intent"": true, ""space"": false}","러닝 후 요가, 완벽한 하루였습니다^^"
review_0011,11,Screenshot 2026-05-15 at 11.00.32.JPG,reviewer_0016,2026-05-08,8,5.0,5.0,5.0,5.0,[마이트리] 빈야사 AD,[마이트리] 빈야사 AD,[마이트리] 빈야사 AD,마이트리빈야사ad,마이트리빈야사ad,마이트리,넓고 분위기좋고 무릎받침대있는곳은 처음이어서 놀랐어요!! 멀지않으면 또 가보고싶어요,연희요가위크 8회권,,100.0,1.0,False,gemini_vision_structured_output,"{""atmosphere"": true, ""difficulty"": false, ""instructor"": false, ""recovery"": true, ""revisit_intent"": true, ""space"": true}",넓고 분위기좋고 무릎받침대있는곳은 처음이어서 놀랐어요!!
review_0012,12,Screenshot 2026-05-15 at 11.00.41.JPG,reviewer_0018,2026-05-08,7,5.0,5.0,5.0,5.0,[Big Blue Yoga] Alignment of the Backbend,[빅블루요가] 후굴의 정렬,[빅블루요가] 후굴의 정렬,빅블루요가후굴의정렬,빅블루요가후굴의정렬,빅블루요가,요즘 우르드바 다누라사나 할 때 자꾸 허리가 찝히는 느낌이 들어서 고민이었는데 빅블루 후굴 특강 듣고 고민이 싹 해소됐어요! 몸을 정교하게 풀어나가면서 정확하게 몸을 어떻게 써야 아프지 않게 후굴을 할 수 있는지 배울 수 있었습니다. 요가원 공간도 정말 원장님의 감각과 관심사로 가득찬 너무 매력적인 공간이었어요.,,,100.0,1.0,False,gemini_vision_structured_output,"{""atmosphere"": true, ""difficulty"": false, ""instructor"": true, ""recovery"": false, ""revisit_intent"": false, ""space"": true}",요즘 우르드바 다누라사나 할 때 자꾸 허리가 찝히는 느낌이 들어서 고민이었는데 빅블루 후굴 특강 듣고 고민이 싹 해소됐어요!
review_0013,13,Screenshot 2026-05-15 at 11.00.55.JPG,reviewer_0018,2026-05-08,6,5.0,5.0,5.0,5.0,[연남장|커뮤니티허브] Being 감각을 깨우는 하타요가,[연남장|커뮤니티허브] Being 감각을 깨우는 하타요가,[연남장|커뮤니티허브] Being 감각을 깨우는 하타요가,연남장커뮤니티허브being감각을깨우는하타요가,연남장커뮤니티허브being감각을깨우는하타요가,연남장,"아름다운 공간에서 진행된 요가 좋았습니다. 날씨 이슈로 원래 계획됐던 하타 수업보다는 빈야사에 가까운 수업이긴 했지만 그래도 땀 흘리며 수련해서 좋았고, 선생님의 핸즈온도 도움이 많이 됐습니다. 마지막에 사바사나가 없어서 너무 아쉽긴 했지만 그래도 호흡하며 마무리할 수 있었습니다.",,,100.0,1.0,False,gemini_vision_structured_output,"{""atmosphere"": true, ""difficulty"": false, ""instructor"": true, ""recovery"": false, ""revisit_intent"": false, ""space"": true}","아름다운 공간에서 진행된 요가 좋았고, 선생님의 핸즈온도 도움이 많이 됐습니다."
review_0014,14,Screenshot 2026-05-15 at 11.01.12.JPG,reviewer_0018,2026-05-08,5,5.0,5.0,5.0,5.0,[Mytri | Yeonhee Special] All Levels Vinyasa,[마이트리|연희스페셜] 올레벨 빈야사,[마이트리|연희스페셜] 올레벨 빈야사,마이트리연희스페셜올레벨빈야사,마이트리연희스페셜올레벨빈야사,마이트리,석완쌤 수업 꼭 들어보고 싶었는데 연희요가위크 덕분에 드디어 들어봤어요! 역시나 명불허전이었습니다. 올레벨 수업인데 저 빼고 다 고수분들만 오셔서 엄청 위축됐었는데 석완쌤의 섬세하고 직관적인 티칭 덕분에 그래도 최선을 다해서 잘 따라갈 수 있었습니다. 빈야사의 매력에 빠져버렸어요~,,,100.0,1.0,False,gemini_vision_structured_output,"{""atmosphere"": true, ""difficulty"": true, ""instructor"": true, ""recovery"": false, ""revisit_intent"": true, ""space"": false}",석완쌤의 섬세하고 직관적인 티칭 덕분에 그래도 최선을 다해서 잘 따라갈 수 있었습니다.
review_0015,15,Screenshot 2026-05-15 at 11.01.21.JPG,reviewer_0016,2026-05-08,7,5.0,5.0,5.0,5.0,[빅블루요가] 정렬 에센스,[빅블루요가] 정렬 에센스,[빅블루요가] 정렬 에센스,빅블루요가정렬에센스,빅블루요가정렬에센스,빅블루요가,흑흑 오늘이 마지막.. 그래도 8회권수업중 빅블루에서3회나 수업을 들어서 좋았습니다 연희가위크 최고..빅블루요가 최고,연희요가위크 8회권,8,100.0,1.0,False,gemini_vision_structured_output,"{""atmosphere"": true, ""difficulty"": false, ""instructor"": false, ""recovery"": false, ""revisit_intent"": true, ""space"": false}",연희가위크 최고..빅블루요가 최고
review_0016,16,Screenshot 2026-05-15 at 11.01.29.JPG,reviewer_0016,2026-05-07,6,5.0,5.0,5.0,5.0,[시이작] 땀나는 아쉬탕가,[시이작] 땀나는 아쉬탕가,[시이작] 땀나는 아쉬탕가,시이작땀나는아쉬탕가,시이작땀나는아쉬탕가,시이작,아쉬탕가 수업을 오랜만에들어서 기대됐었는데 땀이 뻘뻘 몸다풀리고 갑니다 ㅎㅎ,연희요가위크 8회권,,100.0,1.0,False,gemini_vision_structured_output,"{""atmosphere"": true, ""difficulty"": true, ""instructor"": false, ""recovery"": true, ""revisit_intent"": true, ""space"": false}",아쉬탕가 수업을 오랜만에들어서 기대됐었는데 땀이 뻘뻘 몸다풀리고 갑니다 ㅎㅎ
review_0017,17,Screenshot 2026-05-15 at 11.01.40.JPG,reviewer_0033,2026-05-07,4,5.0,5.0,5.0,5.0,[마이트리] 하타베이직,[마이트리] 하타베이직,[마이트리] 하타베이직,마이트리하타베이직,마이트리하타베이직,마이트리,가까운곳에 시설이너무좋고 편한 요가원이 있었네요^^ 남자원장님의 차분한 느낌과 수업또한 좋았습니다.,연희요가위크 4회권,4,100.0,1.0,False,gemini_vision_structured_output,"{""atmosphere"": true, ""difficulty"": false, ""instructor"": true, ""recovery"": false, ""revisit_intent"": false, ""space"": true}",남자원장님의 차분한 느낌과 수업또한 좋았습니다.
review_0018,18,Screenshot 2026-05-15 at 11.01.49.JPG,reviewer_0025,2026-05-07,7,5.0,5.0,5.0,5.0,[마인드플로우] 움직임명상,[마인드플로우] 움직임명상,[마인드플로우] 움직임명상,마인드플로우움직임명상,마인드플로우움직임명상,마인드플로우,움직임명상을 하며 나의 내면을 보는데 눈물이 나더라구요 ㅜㅜㅜㅜㅜ,연희요가위크 10회권,10,100.0,1.0,False,gemini_vision_structured_output,"{""atmosphere"": true, ""difficulty"": false, ""instructor"": false, ""recovery"": true, ""revisit_intent"": false, ""space"": false}",움직임명상을 하며 나의 내면을 보는데 눈물이 나더라구요.
review_0019,19,Screenshot 2026-05-15 at 11.01.57.JPG,reviewer_0025,2026-05-07,2,5.0,5.0,5.0,5.0,[마이트리] 빈야사,[마이트리] 빈야사,[마이트리] 빈야사,마이트리빈야사,마이트리빈야사,마이트리,재밌는 수업이였어요 빈야사 수업 최고에요!,연희요가위크 10회권,10,100.0,1.0,False,gemini_vision_structured_output,"{""atmosphere"": false, ""difficulty"": false, ""instructor"": false, ""recovery"": false, ""revisit_intent"": true, ""space"": false}",재밌는 수업이였어요 빈야사 수업 최고에요!
review_0020,20,Screenshot 2026-05-15 at 11.02.06.JPG,reviewer_0025,2026-05-07,1,5.0,5.0,5.0,5.0,[마이트리] 얼라인 요가,[마이트리] 얼라인 요가,[마이트리] 얼라인 요가,마이트리얼라인요가,마이트리얼라인요가,마이트리,아주 좋았어요! 마음이 풀리고 집중력을 요구하는 참된 수업이였어요,연희요가위크 10회권,10,100.0,1.0,False,gemini_vision_structured_output,"{""atmosphere"": true, ""difficulty"": true, ""instructor"": false, ""recovery"": true, ""revisit_intent"": false, ""space"": false}",마음이 풀리고 집중력을 요구하는 참된 수업이였어요
review_0021,21,Screenshot 2026-05-15 at 11.02.15.JPG,reviewer_0016,2026-05-06,4,4.3,5.0,4.0,4.0,[연남장|커뮤니티허브] Being 감각을 깨우는 하타요가,[연남장|커뮤니티허브] Being 감각을 깨우는 하타요가,[연남장|커뮤니티허브] Being 감각을 깨우는 하타요가,연남장커뮤니티허브being감각을깨우는하타요가,연남장커뮤니티허브being감각을깨우는하타요가,연남장,생각보다 추웠지만! 요가는 좋았어요 다른수업과 다르게 쌤이 핸즈온을 열심히 해주셨어요 다만 옆사람과의 간격이ㅠㅜ,연희요가위크 8회권,,100.0,1.0,False,gemini_vision_structured_output,"{""atmosphere"": false, ""difficulty"": false, ""instructor"": true, ""recovery"": false, ""revisit_intent"": false, ""space"": true}",다른수업과 다르게 쌤이 핸즈온을 열심히 해주셨어요
review_0022,22,Screenshot 2026-05-15 at 11.02.26.JPG,reviewer_0016,2026-05-06,3,5.0,5.0,5.0,5.0,[무릉] 티마인드풀니스 세션,[무릉] 티마인드풀니스 세션,[무릉] 티마인드풀니스 세션,무릉티마인드풀니스세션,무릉티마인드풀니스세션,무릉,요가수업후 갔으면 더 좋았을거같아요!! 전 너무 좋았어요 앞으로 차를 더욱 열심히 마셔야겠어요 또 가고싶어요ㅠㅠ,연희가위크 8회권,,100.0,0.95,False,gemini_vision_structured_output,"{""atmosphere"": true, ""difficulty"": false, ""instructor"": false, ""recovery"": false, ""revisit_intent"": true, ""space"": false}",전 너무 좋았어요 앞으로 차를 더욱 열심히 마셔야겠어요 또 가고싶어요ㅠㅠ
review_0023,23,Screenshot 2026-05-15 at 11.02.37.JPG,reviewer_0016,2026-05-06,2,3.3,4.0,3.0,3.0,[대저택프라이빗] 단단하게 뿌리 내리며 자유롭게 흐르는 빈야사,[대저택프라이빗] 단단하게 뿌리 내리며 자유롭게 흐르는 빈야사,[대저택프라이빗] 단단하게 뿌리 내리며 자유롭게 흐르는 빈야사,대저택프라이빗단단하게뿌리내리며자유롭게흐르는빈야사,대저택프라이빗단단하게뿌리내리며자유롭게흐르는빈야사,대저택프라이빗,문을 열어둬서인지 주택이어서인지 몰라도ㅠㅠ 요가하다가 벽에있는 바퀴벌레가.. 너무신경쓰였어요ㅜㅜ 바닥이 대리석 딱딱해서 요가랑은 안맞는곳인거 같아 아쉬워요,연희가위크 8회권,,100.0,0.9,False,gemini_vision_structured_output,"{""atmosphere"": true, ""difficulty"": false, ""instructor"": false, ""recovery"": false, ""revisit_intent"": false, ""space"": true}",요가하다가 벽에있는 바퀴벌레가.. 너무신경쓰였어요ㅜㅜ 바닥이 대리석 딱딱해서 요가랑은 안맞는곳인거 같아 아쉬워요
review_0024,24,Screenshot 2026-05-15 at 11.02.46.JPG,reviewer_0016,2026-05-06,5,5.0,5.0,5.0,5.0,[빅블루요가] 후굴의 정렬,[빅블루요가] 후굴의 정렬,[빅블루요가] 후굴의 정렬,빅블루요가후굴의정렬,빅블루요가후굴의정렬,빅블루요가,어떻게보니 빅블루요가만 세개예약되어있었고 후굴의정렬도 좋았어요!! 금요일수업도 기대돼요,연희요가위크 8회권,,100.0,1.0,False,gemini_vision_structured_output,"{""atmosphere"": false, ""difficulty"": false, ""instructor"": false, ""recovery"": false, ""revisit_intent"": true, ""space"": false}",후굴의정렬도 좋았어요!!
review_0025,25,Screenshot 2026-05-15 at 11.02.55.JPG,reviewer_0016,2026-05-06,1,5.0,5.0,5.0,5.0,[빅블루요가] 호흡 리커버리,[빅블루요가] 호흡 리커버리,[빅블루요가] 호흡 리커버리,빅블루요가호흡리커버리,빅블루요가호흡리커버리,빅블루요가,척추를 어떻게 정렬해야하는지 호흡을 어떻게 해야하는지 배웠고 요가위크 첫수업 수타투를 좋게 시작한거습니다~,연희요가위크 8회권,,100.0,0.98,False,gemini_vision_structured_output,"{""atmosphere"": false, ""difficulty"": false, ""instructor"": false, ""recovery"": true, ""revisit_intent"": true, ""space"": false}",척추를 어떻게 정렬해야하는지 호흡을 어떻게 해야하는지 배웠고 요가위크 첫수업 수타투를 좋게 시작한거습니다~
review_0026,26,Screenshot 2026-05-15 at 11.03.05.JPG,reviewer_0022,2026-05-06,4,5.0,5.0,5.0,5.0,[빅블루요가] 호흡 리커버리,[빅블루요가] 호흡 리커버리,[빅블루요가] 호흡 리커버리,빅블루요가호흡리커버리,빅블루요가호흡리커버리,빅블루요가,"호흡 리커버리라는 수업 이름이 너무 마음에 들어서 어떤 수업일지 넘나 궁금했는데, 길을 먼저 터줘야한다는 선생님의 관점이 너무 인상깊었습니다. 사바아사나때 덮어주시는 담요, 나긋나긋한 설명 모든게 완벽했어요..!!",연희요가위크 4회권,4,100.0,1.0,False,gemini_vision_structured_output,"{""atmosphere"": true, ""difficulty"": false, ""instructor"": true, ""recovery"": true, ""revisit_intent"": false, ""space"": false}",길을 먼저 터줘야한다는 선생님의 관점이 너무 인상깊었습니다.
review_0027,27,Screenshot 2026-05-15 at 11.03.16.JPG,reviewer_0020,2026-05-06,3,5.0,5.0,5.0,5.0,[빅블루요가] 정렬 에센스,[빅블루요가] 정렬 에센스,[빅블루요가] 정렬 에센스,빅블루요가정렬에센스,빅블루요가정렬에센스,빅블루요가,"새로운 관점으로 요가를 해석하시는게 인상깊었습니다 ㅎㅎ 공간이 너무너무 예쁘고 감성넘치고, 수업도 등근육이 팍팍 자극되고 적절한 순간에 들어오는 핸즈온도 너무 좋았습니다 ㅎㅎ 선생님 목소리가 너무 좋으셔요! 번창하시길..★",연희요가위크 4회권,4,100.0,1.0,False,gemini_vision_structured_output,"{""atmosphere"": true, ""difficulty"": false, ""instructor"": true, ""recovery"": false, ""revisit_intent"": true, ""space"": true}",새로운 관점으로 요가를 해석하시는게 인상깊었습니다.
review_0028,28,Screenshot 2026-05-15 at 11.03.25.JPG,reviewer_0012,2026-05-06,2,5.0,5.0,5.0,5.0,[마인드플로우] 하타요가,[마인드플로우] 하타요가,[마인드플로우] 하타요가,마인드플로우하타요가,마인드플로우하타요가,마인드플로우,하타요가는 처음 해봤는데 선생님께서 편안하게 각자의 몸에 맞게 잘 알려주셔서 하타를 더 해보고싶은 생각이 들었습니다,,,100.0,1.0,False,gemini_vision_structured_output,"{""atmosphere"": false, ""difficulty"": false, ""instructor"": true, ""recovery"": false, ""revisit_intent"": true, ""space"": false}",선생님께서 편안하게 각자의 몸에 맞게 잘 알려주셔서 하타를 더 해보고싶은 생각이 들었습니다
review_0029,29,Screenshot 2026-05-15 at 11.03.37.JPG,reviewer_0021,2026-05-06,2,5.0,5.0,5.0,5.0,[마이트리] 빈야사,[마이트리] 빈야사,[마이트리] 빈야사,마이트리빈야사,마이트리빈야사,마이트리,선생님 멋진 테토목소리에 비해 넘나 따뜻한 핸즈온과 티칭으로 행복했던 수업이었습니다 ㅎㅎ 사물함이 너무 감성적이더라구요... 즐거운 경험이었어요!,연희요가위크 4회권,4,100.0,1.0,False,gemini_vision_structured_output,"{""atmosphere"": true, ""difficulty"": false, ""instructor"": true, ""recovery"": false, ""revisit_intent"": true, ""space"": true}",선생님 멋진 테토목소리에 비해 넘나 따뜻한 핸즈온과 티칭으로 행복했던 수업이었습니다.
review_0030,30,Screenshot 2026-05-15 at 11.04.00.JPG,reviewer_0029,2026-05-06,3,4.3,5.0,5.0,3.0,[빅블루요가] 정렬 에센스,[빅블루요가] 정렬 에센스,[빅블루요가] 정렬 에센스,빅블루요가정렬에센스,빅블루요가정렬에센스,빅블루요가,내부를 촬영하지 못했네요. 봉을 이용한 정렬 동작이 좋았어요. 오붓패스로 또 가고 싶은 클래스입니다,연희요가위크 4회권,4,100.0,1.0,False,gemini_vision_structured_output,"{""atmosphere"": true, ""difficulty"": false, ""instructor"": false, ""recovery"": false, ""revisit_intent"": true, ""space"": false}",봉을 이용한 정렬 동작이 좋았어요.
review_0031,31,Screenshot 2026-05-15 at 11.04.08.JPG,reviewer_0029,2026-05-06,2,4.0,5.0,5.0,2.0,[대저택프라이빗] Deep Rest 인요가 & 핸드팬 사운드,[대저택프라이빗] Deep Rest 인요가 & 핸드팬 사운드,[대저택프라이빗] Deep Rest 인요가 & 핸드팬 사운드,대저택프라이빗deeprest인요가핸드팬사운드,대저택프라이빗deeprest인요가핸드팬사운드,대저택프라이빗,연희요가위크 통해서 참여했습니다. 인요가라 릴렉스하면서 잘 들었어요,연희요가위크 4회권,4,100.0,1.0,False,gemini_vision_structured_output,"{""atmosphere"": true, ""difficulty"": false, ""instructor"": false, ""recovery"": true, ""revisit_intent"": false, ""space"": false}",인요가라 릴렉스하면서 잘 들었어요
review_0032,32,Screenshot 2026-05-15 at 11.04.16.JPG,reviewer_0018,2026-05-06,4,5.0,5.0,5.0,5.0,[Maitri | Yeonhui Special] Reading and Yoga,[마이트리|연희스페셜] 독서와 요가,[마이트리|연희스페셜] 독서와 요가,마이트리연희스페셜독서와요가,마이트리연희스페셜독서와요가,마이트리,명상에 관한 짧은 글을 읽고 서로 느낀 점을 나누고 요가까지 하는 즐거운 시간이었습 니다. 사실 차분한 힐링타임을 예상했는데 선생님이 유쾌하게 잘 이끌어주셔서 너무 재 밌었어요 ㅋㅋㅋㅋㅋ 수업 끝나고 독서에 진심이신 선생님과 함께 책 관련 얘기도 나누 고 차도 마시고 좋은 시간 보냈습니다!,연희요가위크 4회권,4,100.0,1.0,False,gemini_vision_structured_output,"{""atmosphere"": true, ""difficulty"": false, ""instructor"": true, ""recovery"": true, ""revisit_intent"": true, ""space"": false}",선생님이 유쾌하게 잘 이끌어주셔서 너무 재밌었어요.
review_0033,33,Screenshot 2026-05-15 at 11.04.25.JPG,reviewer_0026,2026-05-06,1,5.0,5.0,5.0,5.0,[빅블루요가] 후굴의 정렬,[빅블루요가] 후굴의 정렬,[빅블루요가] 후굴의 정렬,빅블루요가후굴의정렬,빅블루요가후굴의정렬,빅블루요가,"90분동안 후굴에 대해 깊게 설명듣고 츄라이해보는 시간이었어요. 근데 너무 놀랍네요.
평소 필라테스만 하고 요가는 연례행사처럼 가끔 하는 요기니 드리머 입니다. (대충 요가는 생초보라는 말)
무릎에 체중을 싣는 자세할 때 무릎이 아파서 두겹으로 접거나 그랬는데 무릎을 한번 쓸어 뼈가 닿게 하니 하나도 안아프더라고요. 신기방기.....
그리고 후굴할 때도 등을 잘 접(?)으니까 어깨랑 손목이 안아파서 신기했어요.
어제 알려주신 자세들로 장요근부터 잘 풀어 후굴을 잘 해봐야겠습니다.
동작에 대해 정말 자세히 설명해주시고 세심하게 자세 봐주셔요.
멀리 살지만, 기회되면 종종 오붓으로라도 수업들으러 가고 싶은 곳 추천합니다:-)",,,100.0,1.0,False,gemini_vision_structured_output,"{""atmosphere"": true, ""difficulty"": false, ""instructor"": true, ""recovery"": true, ""revisit_intent"": true, ""space"": false}","멀리 살지만, 기회되면 종종 오붓으로라도 수업들으러 가고 싶은 곳 추천합니다:-)"
review_0034,34,Screenshot 2026-05-15 at 11.04.34.JPG,reviewer_0005,2026-05-06,2,4.7,5.0,5.0,4.0,[마인드플로우] 하타요가,[마인드플로우] 하타요가,[마인드플로우] 하타요가,마인드플로우하타요가,마인드플로우하타요가,마인드플로우,따뜻한 분위기속에서 수련할 수 있었어요.,,,100.0,0.98,False,gemini_vision_structured_output,"{""atmosphere"": true, ""difficulty"": false, ""instructor"": false, ""recovery"": false, ""revisit_intent"": false, ""space"": true}",따뜻한 분위기속에서 수련할 수 있었어요.
review_0035,35,Screenshot 2026-05-15 at 11.04.43.JPG,reviewer_0005,2026-05-06,1,4.7,5.0,5.0,4.0,[마인드플로우] 빈야사요가,[마인드플로우] 빈야사요가,[마인드플로우] 빈야사요가,마인드플로우빈야사요가,마인드플로우빈야사요가,마인드플로우,분위기도 수업도 너무 만족스러운 공간이였습니다,,,100.0,0.95,False,gemini_vision_structured_output,"{""atmosphere"": true, ""difficulty"": false, ""instructor"": false, ""recovery"": false, ""revisit_intent"": false, ""space"": true}",분위기도 수업도 너무 만족스러운 공간이였습니다
review_0036,36,Screenshot 2026-05-15 at 11.04.52.JPG,reviewer_0028,2026-05-06,1,5.0,5.0,5.0,5.0,[대저택프라이빗] Gentle Hatha Flow in English,[대저택프라이빗] Gentle Hatha Flow in English,[대저택프라이빗] Gentle Hatha Flow in English,대저택프라이빗gentlehathaflowinenglish,대저택프라이빗gentlehathaflowinenglish,대저택프라이빗,"이 공간에 있는 것만으로도 행복감이 밀려왔어요
임신23주차라 힐링요가로 신청했는데 수인쌤의 부드럽고 몰입되는 리드에 몸을 편안
하게 잘풀어냈습니다 서울살았으면 쌤 수업 매일 듣고싶다는 생각이 계속 들었어요
감사합니당♥",,,100.0,0.95,False,gemini_vision_structured_output,"{""atmosphere"": true, ""difficulty"": false, ""instructor"": true, ""recovery"": true, ""revisit_intent"": true, ""space"": true}","이 공간에 있는 것만으로도 행복감이 밀려왔고, 수인쌤의 부드럽고 몰입되는 리드에 몸을 편안하게 잘 풀어냈습니다."
review_0037,37,Screenshot 2026-05-15 at 11.05.00.JPG,reviewer_0031,2026-05-05,1,5.0,5.0,5.0,5.0,[연남장] 호흡으로 몰입하는 아쉬탕가,[연남장] 호흡으로 몰입하는 아쉬탕가,[연남장] 호흡으로 몰입하는 아쉬탕가,연남장호흡으로몰입하는아쉬탕가,연남장호흡으로몰입하는아쉬탕가,연남장,처음 3분의 명상 끝나고 5분의 사바사나가 너무 좋았습니다.,,,100.0,0.95,False,gemini_vision_structured_output,"{""atmosphere"": false, ""difficulty"": false, ""instructor"": false, ""recovery"": true, ""revisit_intent"": false, ""space"": false}",처음 3분의 명상 끝나고 5분의 사바사나가 너무 좋았습니다.
review_0038,38,Screenshot 2026-05-15 at 11.05.09.JPG,reviewer_0004,2026-05-05,7,5.0,5.0,5.0,5.0,[대저택프라이빗] 바디페인팅 체감명상,[대저택프라이빗] 바디페인팅 체감명상,[대저택프라이빗] 바디페인팅 체감명상,대저택프라이빗바디페인팅체감명상,대저택프라이빗바디페인팅체감명상,대저택프라이빗,"이런 특별한 명상 수업 기회! 연희요가위크의 특장점을 딱 보여주는 수업이었어요. 교감과 몰입의 시간, 마지막으로 함께 소감을 나누는 시간 모두 좋았습니다.",연희요가위크 8회,,100.0,1.0,False,gemini_vision_structured_output,"{""atmosphere"": true, ""difficulty"": false, ""instructor"": false, ""recovery"": true, ""revisit_intent"": false, ""space"": false}",이런 특별한 명상 수업 기회! 연희요가위크의 특장점을 딱 보여주는 수업이었어요.
review_0039,39,Screenshot 2026-05-15 at 11.05.17.JPG,reviewer_0036,2026-05-05,3,2.0,4.0,1.0,1.0,[대저택프라이빗] Gentle Hatha Flow in English,[대저택프라이빗] Gentle Hatha Flow in English,[대저택프라이빗] Gentle Hatha Flow in English,대저택프라이빗gentlehathaflowinenglish,대저택프라이빗gentlehathaflowinenglish,대저택프라이빗,"8인이 요가를하기엔 좁은공간이고 렌탈 스튜디오 같은 곳이라 바닥이 대리석인점이 요
가에는 부적합해 보였어요 대기및 탈의,화장실같은 편의시설도 너무 별로였습니다
요가하는데 관리직원이 좁은데 뒤에 왔다갔다 거리고 곳곳에서는 본인들 모습 폰으로
찍는데 대각선 사람 폰에 제 모습도 비치더라구요 제가 다니는 요가원들은 다 촬영 금
지인데... 이 이벤트 인스타올리기 땜에 특성인지 요가 취지랑은 전혀 맞지않는..ㅋ 여
튼 불편한게 많았어요",연희요가위크 4회권,4.0,100.0,0.95,False,gemini_vision_structured_output,"{""atmosphere"": true, ""difficulty"": false, ""instructor"": false, ""recovery"": false, ""revisit_intent"": false, ""space"": true}",8인이 요가를하기엔 좁은공간이고 렌탈 스튜디오 같은 곳이라 바닥이 대리석인점이 요가에는 부적합해 보였어요.
review_0040,40,Screenshot 2026-05-15 at 11.05.27.JPG,reviewer_0018,2026-05-04,3,5.0,5.0,5.0,5.0,[Vision Stroll Collaboration | Rooftop Yoga] Coffee and Yoga,[비전스트롤 콜라보|옥상요가] 커피와 요가,[비전스트롤 콜라보|옥상요가] 커피와 요가,비전스트롤콜라보옥상요가커피와요가,비전스트롤콜라보옥상요가커피와요가,비전스트롤 콜라보,"따뜻한 커피와 함께한 요가 정말 좋았습니다! 뭐든지 속도와 효율을 추구하는 세상에서 직접 손으로 천천히 커피를 내려 마시는 행위도 명상이 될 수 있다는 점을 깨달을 수 있었고, 옥상에서 기분 좋은 봄바람을 느끼며 몸을 움직이면서 행복했습니다. 처음에는 옥상 요가인데 날이 조금 흐려서 아쉬웠는데 오히려 요가하기에 딱이었던 날씨였어요.",,,100.0,0.95,False,gemini_vision_structured_output,"{""atmosphere"": true, ""difficulty"": false, ""instructor"": false, ""recovery"": true, ""revisit_intent"": false, ""space"": true}",따뜻한 커피와 함께한 요가 정말 좋았습니다!
review_0041,41,Screenshot 2026-05-15 at 11.05.36.JPG,reviewer_0027,2026-05-03,1,5.0,5.0,5.0,5.0,[시이작]숨쉬는 테라피,[시이작] 숨쉬는 테라피,[시이작] 숨쉬는 테라피,시이작숨쉬는테라피,시이작숨쉬는테라피,시이작,"시이작과 연희요가위크의 시작을 함께 할 수 있어 좋았습니다 아침과 너무나도 잘
어울리는 고요한 공간에서 선생님의 부드러우면서도 강단있는 큐잉에 맞춰 몸을 풀어
낼 수 있어 좋았어요. 중간중간 핸즈온도 도와주셔서 감사했답니다! 연희요가 또 해
주세요 너무 좋아요
연희가위크 8회권",연희가위크 8회권,,100.0,0.95,False,gemini_vision_structured_output,"{""atmosphere"": true, ""difficulty"": false, ""instructor"": true, ""recovery"": true, ""revisit_intent"": true, ""space"": true}",아침과 너무나도 잘 어울리는 고요한 공간에서 선생님의 부드러우면서도 강단있는 큐잉에 맞춰 몸을 풀어낼 수 있어 좋았어요.
review_0042,42,Screenshot 2026-05-15 at 11.05.44.JPG,reviewer_0010,2026-05-03,3,3.3,3.0,3.0,4.0,[빅블루요가 | 연희스페셜] 정렬 인텐시브: 고관절 집중,[빅블루요가|연희스페셜] 정렬 인텐시브: 고관절 집중,[빅블루요가|연희스페셜] 정렬 인텐시브: 고관절 집중,빅블루요가연희스페셜정렬인텐시브고관절집중,빅블루요가연희스페셜정렬인텐시브고관절집중,빅블루요가,요가의 주요한 몇가지 동작을 관절의 내회전 외회전에 집중하며 분해해보는 수업이었음 흔한 요가 세션이라기보단 이론을 듣고 수행해보는 형식!,연희요가위크 4회권,4.0,100.0,0.95,False,gemini_vision_structured_output,"{""atmosphere"": false, ""difficulty"": false, ""instructor"": false, ""recovery"": false, ""revisit_intent"": false, ""space"": false}",요가의 주요한 몇가지 동작을 관절의 내회전 외회전에 집중하며 분해해보는 수업이었음.
review_0043,43,Screenshot 2026-05-15 at 11.05.52.JPG,reviewer_0018,2026-05-02,2,5.0,5.0,5.0,5.0,[연남장|커뮤니티허브]처음이라 좋은 아쉬탕가 with 베지어트,[연남장|커뮤니티허브] 처음이라 좋은 아쉬탕가 with 베지어트,[연남장|커뮤니티허브] 처음이라 좋은 아쉬탕가 with 베지어트,연남장커뮤니티허브처음이라좋은아쉬탕가with베지어트,연남장커뮤니티허브처음이라좋은아쉬탕가with베지어트,연남장,공간이 정말 봄 그 자체여서 너무 기분좋게 수련했습니다! 준형쌤의 젠틀하지만 단단한 티칭 덕분에 어려운 아쉬탕가도 재밌게 한 것 같아요. 수업 제목처럼 아쉬탕가가 처음 인 사람에게 딱 좋은 맛보기였습니다.,연희요가위크 4회권,4.0,100.0,0.98,False,gemini_vision_structured_output,"{""atmosphere"": true, ""difficulty"": true, ""instructor"": true, ""recovery"": false, ""revisit_intent"": false, ""space"": true}",공간이 정말 봄 그 자체여서 너무 기분좋게 수련했습니다!
review_0044,44,Screenshot 2026-05-15 at 11.06.02.JPG,reviewer_0018,2026-05-02,1,5.0,5.0,5.0,5.0,[연희정음 랜드마크] 빅블루의 호흡 회복 요가,[연희정음|랜드마크] 빅블루의 호흡 회복 요가,[연희정음|랜드마크] 빅블루의 호흡 회복 요가,연희정음랜드마크빅블루의호흡회복요가,연희정음랜드마크빅블루의호흡회복요가,연희정음,아름답고 몰입감 있는 공간에서 호흡할 수 있어서 좋았습니다. 앉는 자세부터 다시 배우면서 기반을 잘 다질 수 있었어요. 수업 끝에 선생님이 비트박스도 살짝 보여주셨는데 너무 신기하고 멋있었습니다 ㅎㅎ,,,100.0,1.0,False,gemini_vision_structured_output,"{""atmosphere"": true, ""difficulty"": false, ""instructor"": true, ""recovery"": true, ""revisit_intent"": false, ""space"": true}",아름답고 몰입감 있는 공간에서 호흡할 수 있어서 좋았습니다.
review_0045,45,Screenshot 2026-05-15 at 11.06.11.JPG,reviewer_0011,2026-05-02,6,5.0,5.0,5.0,5.0,[마이트리 | 연희스페셜] 올레벨 빈야사,[마이트리|연희스페셜] 올레벨 빈야사,[마이트리|연희스페셜] 올레벨 빈야사,마이트리연희스페셜올레벨빈야사,마이트리연희스페셜올레벨빈야사,마이트리,"궁금하던 석완선생님의 빈야사 수업 들을 수 있다니 연희요가위크 땡큐! 나긋하시면서
단단한 음성의 안내와 땀 뻘뻘 시퀀스 모두 좋았어요",연희요가위크 8회,,100.0,0.95,False,gemini_vision_structured_output,"{""atmosphere"": true, ""difficulty"": true, ""instructor"": true, ""recovery"": false, ""revisit_intent"": false, ""space"": false}",궁금하던 석완선생님의 빈야사 수업 들을 수 있다니 연희요가위크 땡큐!
review_0046,46,Screenshot 2026-05-15 at 11.06.21.JPG,reviewer_0014,2026-05-02,5,5.0,5.0,5.0,5.0,[빅블루요가|연희스페셜] 정렬 인텐시브: 견갑골 집중,[빅블루요가|연희스페셜] 정렬 인텐시브: 견갑골 집중,[빅블루요가|연희스페셜] 정렬 인텐시브: 견갑골 집중,빅블루요가연희스페셜정렬인텐시브견갑골집중,빅블루요가연희스페셜정렬인텐시브견갑골집중,빅블루요가,"이번 연희요가위크 때 빅블루요가에서 배운 것들이 참 많아요! 앞으로 수련하면서 더
익혀볼게요 감사합니다!",연희가위크 8회권,,100.0,0.95,False,gemini_vision_structured_output,"{""atmosphere"": false, ""difficulty"": false, ""instructor"": false, ""recovery"": false, ""revisit_intent"": true, ""space"": false}",이번 연희요가위크 때 빅블루요가에서 배운 것들이 참 많아요!
review_0047,47,Screenshot 2026-05-15 at 11.06.30.JPG,reviewer_0010,2026-05-02,4,5.0,5.0,5.0,5.0,[빅블루요가] 호흡 리커버리,[빅블루요가] 호흡 리커버리,[빅블루요가] 호흡 리커버리,빅블루요가호흡리커버리,빅블루요가호흡리커버리,빅블루요가,사바사나하고 일어나 앉았는데 골반이 너무나 편안해서 놀라웠던 기억..,연희요가위크 8회권,,100.0,0.95,False,gemini_vision_structured_output,"{""atmosphere"": false, ""difficulty"": false, ""instructor"": false, ""recovery"": true, ""revisit_intent"": false, ""space"": false}",사바사나하고 일어나 앉았는데 골반이 너무나 편안해서 놀라웠던 기억..
review_0048,48,Screenshot 2026-05-15 at 11.06.39.JPG,reviewer_0013,2026-05-02,1,5.0,5.0,5.0,5.0,[마이트리 | 연희스페셜] 올레벨 빈야사,[마이트리|연희스페셜] 올레벨 빈야사,[마이트리|연희스페셜] 올레벨 빈야사,마이트리연희스페셜올레벨빈야사,마이트리연희스페셜올레벨빈야사,마이트리,너~~~~~~ -무 좋았어요!!!!!!,,,100.0,0.95,False,gemini_vision_structured_output,"{""atmosphere"": false, ""difficulty"": false, ""instructor"": false, ""recovery"": false, ""revisit_intent"": true, ""space"": false}",너~~~~~~ -무 좋았어요!!!!!!
review_0049,49,Screenshot 2026-05-15 at 11.06.46.JPG,reviewer_0041,2026-05-02,1,5.0,5.0,5.0,5.0,[마이트리 | 연희스페셜] 독서와 요가,[마이트리|연희스페셜] 독서와 요가,[마이트리|연희스페셜] 독서와 요가,마이트리연희스페셜독서와요가,마이트리연희스페셜독서와요가,마이트리,"남자친구랑 같이 다녀왔습니다
강사님께서 요가에 관한 좋은 책 직접 소개해주시고, 책도 짧게나마 읽으며 감상 나누
는 시간 가졌어요.
명상은 오롯이 나에게 집중하는 시간! 요가도 다르지 않다고 생각했습니다.
남자친구는 요가가 처음인데, 열심히 따라하며 땀 흘렸어요 ㅎㅎ 재미있었다고 하더라
구요!
천천히, 재미있게 잘 지도해주셔서 즐거운 시간 보낼 수 있었습니다. 다음에 또 기회 있
었으면 좋겠습니다!!",,,100.0,0.98,False,gemini_vision_structured_output,"{""atmosphere"": true, ""difficulty"": true, ""instructor"": true, ""recovery"": false, ""revisit_intent"": true, ""space"": false}","천천히, 재미있게 잘 지도해주셔서 즐거운 시간 보낼 수 있었습니다. 다음에 또 기회 있었으면 좋겠습니다!!"
review_0050,50,Screenshot 2026-05-15 at 11.06.58.JPG,reviewer_0011,2026-05-02,1,5.0,5.0,5.0,5.0,[빅블루요가|연희스페셜] 정렬 인텐시브: 견갑골 집중,[빅블루요가|연희스페셜] 정렬 인텐시브: 견갑골 집중,[빅블루요가|연희스페셜] 정렬 인텐시브: 견갑골 집중,빅블루요가연희스페셜정렬인텐시브견갑골집중,빅블루요가연희스페셜정렬인텐시브견갑골집중,빅블루요가,요가를 오래 했지만 등을 쓰는게 서투르고 감각도 잘 모르겠는 채였는데요. 오늘 수업은 그런 제게 깨달음을 주는 수련이었습니다. 왜 바디카빙이라 하시는지 알 것 같아요. 시원하게 제자리를 잡은 느낌. 골반 정렬도 잡으러 가고 싶어요!,,,100.0,0.95,False,gemini_vision_structured_output,"{""atmosphere"": false, ""difficulty"": false, ""instructor"": true, ""recovery"": true, ""revisit_intent"": true, ""space"": false}",오늘 수업은 그런 제게 깨달음을 주는 수련이었습니다.
review_0051,51,Screenshot 2026-05-15 at 11.07.07.JPG,reviewer_0007,2026-05-02,1,5.0,5.0,5.0,5.0,[연남장|커뮤니티허브]처음이라 좋은 아쉬탕가 with 베지어트,[연남장|커뮤니티허브] 처음이라 좋은 아쉬탕가 with 베지어트,[연남장|커뮤니티허브] 처음이라 좋은 아쉬탕가 with 베지어트,연남장커뮤니티허브처음이라좋은아쉬탕가with베지어트,연남장커뮤니티허브처음이라좋은아쉬탕가with베지어트,연남장,"초보자들도 잘 따라갈 수 있도록 안내해주셔서
첫 아쉬탕가 요가였는데 재밌었어요.
실내에서 했지만 야외에서 하는 느낌이라 좋았습니다.",,,100.0,1.0,False,gemini_vision_structured_output,"{""atmosphere"": true, ""difficulty"": false, ""instructor"": true, ""recovery"": false, ""revisit_intent"": false, ""space"": true}",첫 아쉬탕가 요가였는데 재밌었어요.
review_0052,52,Screenshot 2026-05-15 at 11.07.15.JPG,reviewer_0017,2026-05-01,5,5.0,5.0,5.0,5.0,[빅블루요가] 정렬 에센스,[빅블루요가] 정렬 에센스,[빅블루요가] 정렬 에센스,빅블루요가정렬에센스,빅블루요가정렬에센스,빅블루요가,바디 카빙은 처음이에요! 관절 하나하나 느껴보며 수련해서 좋았어요ㅎㅎ,연희요가위크 10회권,10.0,100.0,0.98,False,gemini_vision_structured_output,"{""atmosphere"": false, ""difficulty"": true, ""instructor"": false, ""recovery"": true, ""revisit_intent"": true, ""space"": false}",관절 하나하나 느껴보며 수련해서 좋았어요ㅎㅎ
review_0053,53,Screenshot 2026-05-15 at 11.07.23.JPG,reviewer_0003,2026-05-01,4,5.0,5.0,5.0,5.0,[마인드플로우] 빈야사요가,[마인드플로우] 빈야사요가,[마인드플로우] 빈야사요가,마인드플로우빈야사요가,마인드플로우빈야사요가,마인드플로우,"저는 하타요가만 수련하다가 빈야사 요가는 처음 수련해 보았습니다. 유연하지도 않고, 근력도 부족하지만 선생님께서 개개인의 몸에 맞게 접근할 수 있는 자세까지 이끌어주셨습니다! 한 아사나를 오래 유지하는 하타요가보다는 움직임이 많아서 재미있었습니다!ㅎㅎ
이번 연희 요가위크 통해서 마인드 플로우에서 4회에 걸쳐 하타요가, 비기너 요가, 빈야사 요가를 수강했는데 매 수업 선생님께서 자신만의 아사나를 할 수 있도록 잘 이끌어주셔서 마음은 편했지만 몸은 부단히 노력한 수업을 경험할 수 있었습니다!
선생님께서 핸즈온도 많이 해주시고, 자리도 옮겨 가며 알려주셔서 감사하고 좋았습니다!
비록 4회지만 이름도 기억해 주시고, 갈 때마다 반갑게 맞이해주셔서 행복했습니다.",연희요가위크 4회권,4.0,100.0,0.95,False,gemini_vision_structured_output,"{""atmosphere"": true, ""difficulty"": true, ""instructor"": true, ""recovery"": false, ""revisit_intent"": true, ""space"": false}","선생님께서 개개인의 몸에 맞게 접근할 수 있는 자세까지 이끌어주셨고, 하타요가보다 움직임이 많아 재미있었습니다."
review_0054,54,Screenshot 2026-05-15 at 11.07.32.JPG,reviewer_0022,2026-05-01,1,5.0,5.0,5.0,5.0,[시이작] 땀나는아쉬탕가,[시이작] 땀나는 아쉬탕가,[시이작] 땀나는 아쉬탕가,시이작땀나는아쉬탕가,시이작땀나는아쉬탕가,시이작,"몸 상태가 안좋은데 하필 아쉬탕가를 신청해놨어서 걱정을 안고 갔습니다. 선생님께서
학생들 수준에 맞추어 잘 티칭해주셔서 나갈때는 한결 가뿐해진 몸으로 귀가할 수 있었
어요! 친구가 신청하자도 해서 몰랐는데 연희요가위크 홍보 인스타에서 뵌 분이시더라
구요! 실물로 보니까 신기하고 반가웠습니다 ㅎㅎ 목소리가 너무 좋으시더라구요..
제 마음까지 더 차분해지는 느낌 ㅎㅎ 암튼 아쉬탕가를 원래 별로 좋아하진 않는데 넘
나 만족스러운 수업이었습니다 ㅎㅎ",연희요가위크 4회권,4.0,100.0,0.98,False,gemini_vision_structured_output,"{""atmosphere"": true, ""difficulty"": true, ""instructor"": true, ""recovery"": true, ""revisit_intent"": true, ""space"": false}",선생님께서 학생들 수준에 맞추어 잘 티칭해주셔서 나갈때는 한결 가뿐해진 몸으로 귀가할 수 있었어요!
review_0055,55,Screenshot 2026-05-15 at 11.07.43.JPG,reviewer_0036,2026-05-01,2,5.0,5.0,5.0,5.0,[마인드플로우] 빈야사요가,[마인드플로우] 빈야사요가,[마인드플로우] 빈야사요가,마인드플로우빈야사요가,마인드플로우빈야사요가,마인드플로우,공간도 아늑했고 빈야사 수련도 좋았어요!,연희요가위크 4회권,4.0,100.0,1.0,False,gemini_vision_structured_output,"{""atmosphere"": true, ""difficulty"": false, ""instructor"": false, ""recovery"": false, ""revisit_intent"": false, ""space"": true}",공간도 아늑했고 빈야사 수련도 좋았어요!
review_0056,56,Screenshot 2026-05-15 at 11.07.51.JPG,reviewer_0029,2026-05-01,1,5.0,5.0,5.0,5.0,[마인드플로우] 비기너요가,[마인드플로우] 비기너요가,[마인드플로우] 비기너요가,마인드플로우비기너요가,마인드플로우비기너요가,마인드플로우,따뜻한 공간이었습니다. 오랜만에 여러 사람들과의 호흡도 감사했습니다.,연희요가위크 4회권,4.0,100.0,0.95,False,gemini_vision_structured_output,"{""atmosphere"": true, ""difficulty"": false, ""instructor"": false, ""recovery"": false, ""revisit_intent"": false, ""space"": true}",따뜻한 공간이었습니다.
review_0057,57,Screenshot 2026-05-15 at 11.07.59.JPG,reviewer_0001,2026-04-30,1,5.0,5.0,5.0,5.0,[마인드플로우] 빈야사요가,[마인드플로우] 빈야사요가,[마인드플로우] 빈야사요가,마인드플로우빈야사요가,마인드플로우빈야사요가,마인드플로우,천천히 따뜻한 수업 감사합니다. 공간이 주는 느낌이 참 좋았어요..!,연희요가위크 4회권,4,100.0,1.0,False,gemini_vision_structured_output,"{""atmosphere"": true, ""difficulty"": false, ""instructor"": false, ""recovery"": false, ""revisit_intent"": false, ""space"": true}",공간이 주는 느낌이 참 좋았어요..!
review_0058,58,Screenshot 2026-05-15 at 11.08.09.JPG,reviewer_0033,2026-04-30,3,5.0,5.0,5.0,5.0,[시이작] 땀나는 하타,[시이작] 땀나는 하타,[시이작] 땀나는 하타,시이작땀나는하타,시이작땀나는하타,시이작,일상에서도 요가의 연결 태도와 행복이 가득하라는 말씀이 행복했습니다 수업너무 좋았어요♡,연희요가위크 4회권,,100.0,1.0,False,gemini_vision_structured_output,"{""atmosphere"": true, ""difficulty"": false, ""instructor"": true, ""recovery"": false, ""revisit_intent"": false, ""space"": false}",일상에서도 요가의 연결 태도와 행복이 가득하라는 말씀이 행복했습니다 수업너무 좋았어요♡
review_0059,59,Screenshot 2026-05-15 at 11.08.22.JPG,reviewer_0015,2026-04-29,1,4.3,5.0,3.0,5.0,[마이트리] 아쉬탕가,[마이트리] 아쉬탕가,[마이트리] 아쉬탕가,마이트리아쉬탕가,마이트리아쉬탕가,마이트리,초급자에 맞는 지도를 잘해주셨습니다. 초보자부터 숙련까지 다양하게 있어서 좋은 자극이 되었습니다,,,100.0,1.0,False,gemini_vision_structured_output,"{""atmosphere"": false, ""difficulty"": true, ""instructor"": true, ""recovery"": false, ""revisit_intent"": false, ""space"": false}",초급자에 맞는 지도를 잘해주셨습니다.
review_0060,60,Screenshot 2026-05-15 at 11.08.30.JPG,reviewer_0024,2026-04-29,2,5.0,5.0,5.0,5.0,[시이작] 숨쉬는 테라피,[시이작] 숨쉬는 테라피,[시이작] 숨쉬는 테라피,시이작숨쉬는테라피,시이작숨쉬는테라피,시이작,너무나 평온한 시간이었습니다.,연희요가위크 4회권,4,100.0,1.0,False,gemini_vision_structured_output,"{""atmosphere"": true, ""difficulty"": false, ""instructor"": false, ""recovery"": true, ""revisit_intent"": false, ""space"": false}",너무나 평온한 시간이었습니다.
review_0061,61,Screenshot 2026-05-15 at 11.08.39.JPG,reviewer_0017,2026-04-28,1,5.0,5.0,5.0,5.0,[마인드플로우] 빈야사요가,[마인드플로우] 빈야사요가,[마인드플로우] 빈야사요가,마인드플로우빈야사요가,마인드플로우빈야사요가,마인드플로우,평일 저녁에 너무너무 힐링하는 시간이 되었습니다,연희요가위크 10회권,10,100.0,1.0,False,gemini_vision_structured_output,"{""atmosphere"": true, ""difficulty"": false, ""instructor"": false, ""recovery"": true, ""revisit_intent"": false, ""space"": false}",평일 저녁에 너무너무 힐링하는 시간이 되었습니다
review_0062,62,Screenshot 2026-05-15 at 11.08.46.JPG,reviewer_0039,2026-04-28,1,4.3,5.0,5.0,3.0,[연희정음 | 랜드마크] 명상 흐름의 슬로우 빈야사,[연희정음|랜드마크] 명상 흐름의 슬로우 빈야사,[연희정음|랜드마크] 명상 흐름의 슬로우 빈야사,연희정음랜드마크명상흐름의슬로우빈야사,연희정음랜드마크명상흐름의슬로우빈야사,연희정음,"수업이 정말 너무 좋았어요, 글라스로 둘러싸여있어서 덥긴 했는데, 햇빛을 받으면서 요가할 수 있다는게 너무 좋았고, 다만 화장실이 있다고 되어 있는데 완전히 다른 건물이라 불편하긴 했어요. 그걸 제외한 모든 부분이 맘에 들었답니다",,,100.0,1.0,False,gemini_vision_structured_output,"{""atmosphere"": true, ""difficulty"": false, ""instructor"": false, ""recovery"": false, ""revisit_intent"": true, ""space"": true}","햇빛을 받으면서 요가할 수 있다는게 너무 좋았고, 다만 화장실이 있다고 되어 있는데 완전히 다른 건물이라 불편하긴 했어요."
review_0063,63,Screenshot 2026-05-15 at 11.08.56.JPG,reviewer_0033,2026-04-28,2,5.0,5.0,5.0,5.0,[마인드플로우] 빈야사요가,[마인드플로우] 빈야사요가,[마인드플로우] 빈야사요가,마인드플로우빈야사요가,마인드플로우빈야사요가,마인드플로우,원장님은 고수였습니다. 편안한분위기 부드러운 목소리와 근력단련까지 부드러운카리스마에 압도당해 수업이 끝난지도 몰랐어요. 애대려다주고 오니 서대문구청이랑 가까워서 좋았어요.,연회요가위크 4회권,,100.0,1.0,False,gemini_vision_structured_output,"{""atmosphere"": true, ""difficulty"": false, ""instructor"": true, ""recovery"": false, ""revisit_intent"": false, ""space"": true}",원장님은 고수였습니다.
review_0064,64,Screenshot 2026-05-15 at 11.09.04.JPG,reviewer_0006,2026-04-27,1,5.0,5.0,5.0,5.0,[연희정음|랜드마크] 무릉 엠비언트 콘서트 - 무릉 숨비소리,[연희정음|랜드마크] 무릉 엠비언트 콘서트 - 무릉 숨비소리,[연희정음|랜드마크] 무릉 엠비언트 콘서트 - 무릉 숨비소리,연희정음랜드마크무릉엠비언트콘서트무릉숨비소리,연희정음랜드마크무릉엠비언트콘서트무릉숨비소리,연희정음,"우연히 처음 숨비소리의 음악을 접한 후 며칠이 지났는데도 아직도 가슴속에 여운이 낭낭하네요. 유리공간도 너무 아름다웠고 그 날 그 순간 함께 있던 모든 분들과 연주해주신 음악소리, 노래를 부르시던 목소리, 그 모든것들이 어우러져서 잊지못할 소중한 경험으로 남겨졌어요! 유리공간안에서 햇빛받으니 구름위에 붕뜬 상태에서 또 바다같은 음악! 하늘과 바다가 다 있었던 시간ㅜㅜ 말로 표현 못하겠어요!! 연희동 주민인게 자랑스러울 정도로 이번 연희가위크 넘넘 소중해요",,,100.0,1.0,False,gemini_vision_structured_output,"{""atmosphere"": true, ""difficulty"": false, ""instructor"": false, ""recovery"": true, ""revisit_intent"": true, ""space"": true}",유리공간안에서 햇빛받으니 구름위에 붕뜬 상태에서 또 바다같은 음악! 하늘과 바다가 다 있었던 시간ㅜㅜ 말로 표현 못하겠어요!!
review_0065,65,Screenshot 2026-05-15 at 11.09.15.JPG,reviewer_0035,2026-04-27,3,5.0,5.0,5.0,5.0,[빅블루요가] 정렬 에센스,[빅블루요가] 정렬 에센스,[빅블루요가] 정렬 에센스,빅블루요가정렬에센스,빅블루요가정렬에센스,빅블루요가,연희요가위크를 통해 처음 방문했어요 금방 예약마감된 이유가 있더라고요 복잡하고 생소한 자세가 아닌데도 제대로 된 자세로 유지하려니 엄청 힘들더라고요 그런데 마치고 나니 몸이 너무 개운해요 자주 찾게 될 것 같아요 감사합니다.,연희요가위크 4회권,4,100.0,1.0,False,gemini_vision_structured_output,"{""atmosphere"": true, ""difficulty"": true, ""instructor"": false, ""recovery"": true, ""revisit_intent"": true, ""space"": false}",그런데 마치고 나니 몸이 너무 개운해요
review_0066,66,Screenshot 2026-05-15 at 11.09.24.JPG,reviewer_0033,2026-04-27,1,5.0,5.0,5.0,5.0,[숨명상센터] 향과 소리로 깨우는 오감명상,[숨명상센터] 향과 소리로 깨우는 오감명상,[숨명상센터] 향과 소리로 깨우는 오감명상,숨명상센터향과소리로깨우는오감명상,숨명상센터향과소리로깨우는오감명상,숨명상센터,따뜻한 나만의 공간을 찾는 짧지만 소중하고 의미있는 수업이었습니다! 감사합니다,연희요가위크 8회권,,100.0,1.0,False,gemini_vision_structured_output,"{""atmosphere"": true, ""difficulty"": false, ""instructor"": false, ""recovery"": true, ""revisit_intent"": false, ""space"": true}",따뜻한 나만의 공간을 찾는 짧지만 소중하고 의미있는 수업이었습니다!
review_0067,67,Screenshot 2026-05-15 at 11.09.32.JPG,reviewer_0033,2026-04-27,2,5.0,5.0,5.0,5.0,[연희정음|랜드마크] 핸드팬에 잠기는 저녁 요가 명상 with 칼레트,[연희정음|랜드마크] 핸드팬에 잠기는 저녁 요가 명상 with 칼레트,[연희정음|랜드마크] 핸드팬에 잠기는 저녁 요가 명상 with 칼레트,연희정음랜드마크핸드팬에잠기는저녁요가명상with칼레트,연희정음랜드마크핸드팬에잠기는저녁요가명상with칼레트,연희정음,"너무 행복한 경험이었어요 이 공간을 이렇게 활용하다니! 웰니스에 관심많아서 다양한 체험 하는데, 여기서의 경험은 잊지못할것같아요",연희요가위크 8회권,,100.0,1.0,False,gemini_vision_structured_output,"{""atmosphere"": true, ""difficulty"": false, ""instructor"": true, ""recovery"": true, ""revisit_intent"": true, ""space"": true}",여기서의 경험은 잊지못할것같아요
review_0068,68,Screenshot 2026-05-15 at 11.09.39.JPG,reviewer_0033,2026-04-27,3,5.0,5.0,5.0,5.0,[연남장|커뮤니티허브]처음이라 좋은 아쉬탕가 with 베지어트,[연남장|커뮤니티허브] 처음이라 좋은 아쉬탕가 with 베지어트,[연남장|커뮤니티허브] 처음이라 좋은 아쉬탕가 with 베지어트,연남장커뮤니티허브처음이라좋은아쉬탕가with베지어트,연남장커뮤니티허브처음이라좋은아쉬탕가with베지어트,연남장,분위기도 좋고 날씨까지 완벽! 야외요가 좋아하는데 너무 더워서 힘들었다면 여기서하는 요가가 잘 맞을거에요:),연희요가위크 8회권,,100.0,1.0,False,gemini_vision_structured_output,"{""atmosphere"": true, ""difficulty"": false, ""instructor"": false, ""recovery"": false, ""revisit_intent"": false, ""space"": true}",야외요가 좋아하는데 너무 더워서 힘들었다면 여기서하는 요가가 잘 맞을거에요:)
review_0069,69,Screenshot 2026-05-15 at 11.09.47.JPG,reviewer_0041,2026-04-26,3,4.0,4.0,5.0,3.0,[연남장|커뮤니티허브]Forrestyoga의 움직임을 기반으로 내몸의 바른 사용법 찾아가기,[연남장|커뮤니티허브] Forrestyoga의 움직임을 기반으로 내몸의 바른 사용법 찾아가기,[연남장|커뮤니티허브] Forrestyoga의 움직임을 기반으로 내몸의 바른 사용법 찾아가기,연남장커뮤니티허브forrestyoga의움직임을기반으로내몸의바른사용법찾아가기,연남장커뮤니티허브forrestyoga의움직임을기반으로내몸의바른사용법찾아가기,연남장,요가위크 통해서 들었습니다. 연남장이 이렇게 멋진 공간으로 쓰일 수 있다니 놀라웠어요.,연희요가위크 4회권,4,94.01,1.0,False,gemini_vision_structured_output,"{""atmosphere"": true, ""difficulty"": false, ""instructor"": false, ""recovery"": false, ""revisit_intent"": false, ""space"": true}",연남장이 이렇게 멋진 공간으로 쓰일 수 있다니 놀라웠어요.
review_0070,70,Screenshot 2026-05-15 at 11.09.58.JPG,reviewer_0041,2026-04-26,2,4.3,4.0,4.0,5.0,[마이트리] 아쉬탕가,[마이트리] 아쉬탕가,[마이트리] 아쉬탕가,마이트리아쉬탕가,마이트리아쉬탕가,마이트리,요가위크 통해서 들었습니다. 굉장히 수업 인원이 많았고요. 아 인기있는 요가원인가 하는 생각이 들었습니다.,연희요가위크 4회권,4,100.0,1.0,False,gemini_vision_structured_output,"{""atmosphere"": true, ""difficulty"": false, ""instructor"": false, ""recovery"": false, ""revisit_intent"": false, ""space"": true}",굉장히 수업 인원이 많았고요 아 인기있는 요가원인가 하는 생각이 들었습니다
review_0071,71,Screenshot 2026-05-15 at 11.10.07.JPG,reviewer_0041,2026-04-26,1,4.7,5.0,5.0,4.0,[시이작] 땀나는 하타,[시이작] 땀나는 하타,[시이작] 땀나는 하타,시이작땀나는하타,시이작땀나는하타,시이작,요가위크 통해서 들었습니다 예전에 원데이로 방문해 본 요가원인데 또 다른 느낌이었어요 수업시작되면서 무게감있게 선생님 목소리 톤이 변하고 초보수련자지만 깊이 있는 호흡을 즐기고 왔습니다.,연희요가위크 4회권,4,100.0,1.0,False,gemini_vision_structured_output,"{""atmosphere"": true, ""difficulty"": true, ""instructor"": true, ""recovery"": false, ""revisit_intent"": true, ""space"": false}",수업시작되면서 무게감있게 선생님 목소리 톤이 변하고 초보수련자지만 깊이 있는 호흡을 즐기고 왔습니다.
review_0072,72,Screenshot 2026-05-15 at 11.10.15.JPG,reviewer_0017,2026-04-26,4,5.0,5.0,5.0,5.0,[연희정음|랜드마크]인요가와 저널링 with 프라우카,[연희정음|랜드마크] 인요가와 저널링 with 프라우카,[연희정음|랜드마크] 인요가와 저널링 with 프라우카,연희정음랜드마크인요가와저널링with프라우카,연희정음랜드마크인요가와저널링with프라우카,연희정음,요가와 저널링을 함께 할 수 있다니 너무 힐링이에요!,연희요가위크 10회권,10,100.0,1.0,False,gemini_vision_structured_output,"{""atmosphere"": true, ""difficulty"": false, ""instructor"": true, ""recovery"": true, ""revisit_intent"": false, ""space"": false}",요가와 저널링을 함께 할 수 있다니 너무 힐링이에요!
review_0073,73,Screenshot 2026-05-15 at 11.10.23.JPG,reviewer_0035,2026-04-26,2,5.0,5.0,5.0,5.0,[시이작] 땀나는 하타,[시이작] 땀나는 하타,[시이작] 땀나는 하타,시이작땀나는하타,시이작땀나는하타,시이작,늘 궁금했던 곳이었어요 차근차근 자세를 알려주시는데다가 생소한 자세도 시도해볼 수 있어 좋았습니다 공간도 참 따뜻하더라고요 요가위크덕분에 좋은 요가원을 알게되어 좋네요~,연희요가위크 4회권,4,100.0,1.0,False,gemini_vision_structured_output,"{""atmosphere"": true, ""difficulty"": false, ""instructor"": true, ""recovery"": false, ""revisit_intent"": true, ""space"": true}",요가위크덕분에 좋은 요가원을 알게되어 좋네요~
review_0074,74,Screenshot 2026-05-15 at 11.10.33.JPG,reviewer_0013,2026-04-26,3,5.0,5.0,5.0,5.0,[마인드플로우 | 연희스페셜] 몸으로 하는 선셋 자애 명상,[마인드플로우|연희스페셜] 몸으로 하는 선셋 자애 명상,[마인드플로우|연희스페셜] 몸으로 하는 선셋 자애 명상,마인드플로우연희스페셜몸으로하는선셋자애명상,마인드플로우연희스페셜몸으로하는선셋자애명상,마인드플로우,상냥한 안내에 맞춰 자유롭고 부드럽게 움직인 자애 명상 시간! 마음이 한결 편안하게 이완됨을 느꼈어요 좋은 시간 감사합니다,연희요가위크 8회권,,100.0,1.0,False,gemini_vision_structured_output,"{""atmosphere"": true, ""difficulty"": false, ""instructor"": true, ""recovery"": true, ""revisit_intent"": false, ""space"": false}",상냥한 안내에 맞춰 자유롭고 부드럽게 움직인 자애 명상 시간! 마음이 한결 편안하게 이완됨을 느꼈어요
review_0075,75,Screenshot 2026-05-15 at 11.10.40.JPG,reviewer_0013,2026-04-26,2,5.0,5.0,5.0,5.0,[연희정음|랜드마크] 핸드팬에 잠기는 저녁 요가 명상 with 칼레트,[연희정음|랜드마크] 핸드팬에 잠기는 저녁 요가 명상 with 칼레트,[연희정음|랜드마크] 핸드팬에 잠기는 저녁 요가 명상 with 칼레트,연희정음랜드마크핸드팬에잠기는저녁요가명상with칼레트,연희정음랜드마크핸드팬에잠기는저녁요가명상with칼레트,연희정음,특별한 공간에서 특별한 시간이었어요!,연희요가위크 8회권,8,100.0,1.0,False,gemini_vision_structured_output,"{""atmosphere"": true, ""difficulty"": false, ""instructor"": true, ""recovery"": true, ""revisit_intent"": false, ""space"": true}",특별한 공간에서 특별한 시간이었어요!
review_0076,76,Screenshot 2026-05-15 at 11.10.48.JPG,reviewer_0029,2026-04-26,1,5.0,5.0,5.0,5.0,[연남장|커뮤니티허브]처음이라 좋은 아쉬탕가 with 베지어트,[연남장|커뮤니티허브] 처음이라 좋은 아쉬탕가 with 베지어트,[연남장|커뮤니티허브] 처음이라 좋은 아쉬탕가 with 베지어트,연남장커뮤니티허브처음이라좋은아쉬탕가with베지어트,연남장커뮤니티허브처음이라좋은아쉬탕가with베지어트,연남장,연희가위크 참여로 연남장에서 아쉬탕가 수업을 들았어요 날씨가 너무 좋고 통창을 열어두고 한 수업이라 발리에 온것처럼 너무 기분좋은 수업이었습니다!,,,100.0,1.0,False,gemini_vision_structured_output,"{""atmosphere"": true, ""difficulty"": false, ""instructor"": false, ""recovery"": false, ""revisit_intent"": false, ""space"": true}",날씨가 너무 좋고 통창을 열어두고 한 수업이라 발리에 온것처럼 너무 기분좋은 수업이었습니다!
review_0077,77,Screenshot 2026-05-15 at 11.10.57.JPG,reviewer_0017,2026-04-26,3,5.0,5.0,5.0,5.0,[연남장|커뮤니티허브]처음이라 좋은 아쉬탕가 with 베지어트,[연남장|커뮤니티허브] 처음이라 좋은 아쉬탕가 with 베지어트,[연남장|커뮤니티허브] 처음이라 좋은 아쉬탕가 with 베지어트,연남장커뮤니티허브처음이라좋은아쉬탕가with베지어트,연남장커뮤니티허브처음이라좋은아쉬탕가with베지어트,연남장,편안한 공간에서 호흡을 가다듬고 몸을 깨우는 좋은 시간이었습니다ㅎㅎ,연희요가위크 10회권,10.0,100.0,0.95,False,gemini_vision_structured_output,"{""atmosphere"": true, ""difficulty"": false, ""instructor"": false, ""recovery"": true, ""revisit_intent"": false, ""space"": true}",편안한 공간에서 호흡을 가다듬고 몸을 깨우는 좋은 시간이었습니다ㅎㅎ
review_0078,78,Screenshot 2026-05-15 at 11.11.05.JPG,reviewer_0020,2026-04-25,2,5.0,5.0,5.0,5.0,[연희정음 | 랜드마크] 핸드팬에 잠기는 저녁 요가 명상 with 칼레트,[연희정음|랜드마크] 핸드팬에 잠기는 저녁 요가 명상 with 칼레트,[연희정음|랜드마크] 핸드팬에 잠기는 저녁 요가 명상 with 칼레트,연희정음랜드마크핸드팬에잠기는저녁요가명상with칼레트,연희정음랜드마크핸드팬에잠기는저녁요가명상with칼레트,연희정음,"한 시간이 이렇게 짧게 느껴질 줄이야! 색다른 공간에서의 요가, 그리고 마고사운드의 핸드팬 사운드까지, 여기에 칼레트 오일, '오후 6시' 향까지 마치 하루의 끝에서 나를 천천히 내려놓는 느낌이었어요. (앞으로 오후6시 향을 맡으면 이 순간이 떠오를 것 같아 너무 좋았어요) 은은하게 퍼지는 향과 울림 있는 사운드, 그리고 몸의 이완이 자연스럽게 이어지면서 시간이 흐르는 줄도 모른 채 깊이 몰입했던 순간. 덕분에 한주 마무리 잘하고 갑니다",연희요가위크 4회권,4,100.0,1.0,False,gemini_vision_structured_output,"{""atmosphere"": true, ""difficulty"": false, ""instructor"": false, ""recovery"": true, ""revisit_intent"": true, ""space"": true}","은은하게 퍼지는 향과 울림 있는 사운드, 그리고 몸의 이완이 자연스럽게 이어지면서 시간이 흐르는 줄도 모른 채 깊이 몰입했던 순간."
review_0079,79,Screenshot 2026-05-15 at 11.11.16.JPG,reviewer_0010,2026-04-25,2,3.7,5.0,3.0,3.0,[연희정음 랜드마크] 명상 흐름의 슬로우 빈야사,[연희정음|랜드마크] 명상 흐름의 슬로우 빈야사,[연희정음|랜드마크] 명상 흐름의 슬로우 빈야사,연희정음랜드마크명상흐름의슬로우빈야사,연희정음랜드마크명상흐름의슬로우빈야사,연희정음,요가 초보인데 부드럽게 안내해주신 고은쌤 감사합니다! 연희정음 유리상자(?)가 참신선했고 좋았는데 안에 벌레가 죽어있고 그래서 좀 흠칫했어요 수업 사이사이에 청소 한번하면 좋을듯! 연희요가위크 짱!!!,연희요가위크 4회권,4,100.0,1.0,False,gemini_vision_structured_output,"{""atmosphere"": false, ""difficulty"": false, ""instructor"": true, ""recovery"": false, ""revisit_intent"": false, ""space"": true}",연희정음 유리상자(?)가 참신선했고 좋았는데 안에 벌레가 죽어있고 그래서 좀 흠칫했어요 수업 사이사이에 청소 한번하면 좋을듯!
review_0080,80,Screenshot 2026-05-15 at 11.11.27.JPG,reviewer_0023,2026-04-25,1,5.0,5.0,5.0,5.0,[연희정음 | 랜드마크] 부드럽게 비기너요가,[연희정음|랜드마크] 부드럽게 비기너요가,[연희정음|랜드마크] 부드럽게 비기너요가,연희정음랜드마크부드럽게비기너요가,연희정음랜드마크부드럽게비기너요가,연희정음,오붓 덕분에 연희요가위크를 편하게 즐길 수 있네요! 연희정음 글래스 파빌리온에서 빈야사 수업을 들었습니다. 이색적인 공간에서의 새로운 경험이었어요~ 곳곳에서 연희요가위크 관계자분들의 세심한 준비를 엿볼 수 있었습니다!! 남은 기간도 신나게 즐겨볼게요!,,,100.0,1.0,False,gemini_vision_structured_output,"{""atmosphere"": true, ""difficulty"": false, ""instructor"": false, ""recovery"": false, ""revisit_intent"": true, ""space"": true}",이색적인 공간에서의 새로운 경험이었어요~
review_0081,81,Screenshot 2026-05-15 at 11.11.34.JPG,reviewer_0019,2026-04-25,1,4.7,5.0,5.0,4.0,[연희정음 랜드마크] 봄햇살 아래 나른한 힐링요가,[연희정음|랜드마크] 봄햇살 아래 나른한 힐링요가,[연희정음|랜드마크] 봄햇살 아래 나른한 힐링요가,연희정음랜드마크봄햇살아래나른한힐링요가,연희정음랜드마크봄햇살아래나른한힐링요가,연희정음,글라스파빌리온에서 뜨거운 태양 느끼며 젠틀한 하타요가를 했어요. 선생님께서 큐잉을 잘 해주셔서 집중하며 요가할 수 있었어요. 여행지에서 요가한 느낌이에요.,연희요가위크 4회권,4,100.0,1.0,False,gemini_vision_structured_output,"{""atmosphere"": true, ""difficulty"": false, ""instructor"": true, ""recovery"": true, ""revisit_intent"": false, ""space"": true}",여행지에서 요가한 느낌이에요.
review_0082,82,Screenshot 2026-05-15 at 11.11.42.JPG,reviewer_0034,2026-04-25,2,4.7,4.0,5.0,5.0,[빅블루요가] 정렬 에센스,[빅블루요가] 정렬 에센스,[빅블루요가] 정렬 에센스,빅블루요가정렬에센스,빅블루요가정렬에센스,빅블루요가,몸의 정렬에 초점을 맞춰 진행하는 수업이라 요가지만 요가와 조금은 다릅니다. 몸을 바르게 세우는 것을 지도해주시는데 집중해서 잘 따라갈 수 있었습니다. 요가원에 수업에 대한 자료들이 있긴 하지만 요가위크 기간인만큼 빅블루에서는 어떤점을 중점으로 다루는지 수업 시작 전에 짧게 설명해주시면 좋을 것 같아요.,연희요가위크 10회권,10,100.0,1.0,False,gemini_vision_structured_output,"{""atmosphere"": true, ""difficulty"": false, ""instructor"": false, ""recovery"": false, ""revisit_intent"": false, ""space"": true}",몸의 정렬에 초점을 맞춰 진행하는 수업이라 요가지만 요가와 조금은 다릅니다.
review_0083,83,Screenshot 2026-05-15 at 11.11.51.JPG,reviewer_0034,2026-04-25,1,5.0,5.0,5.0,5.0,[너울너울] 소매틱뮤직 'Handpan Doodle',[너울너울] 소매틱뮤직 'Handpan Doodle',[너울너울] 소매틱뮤직 'Handpan Doodle',너울너울소매틱뮤직handpandoodle,너울너울소매틱뮤직handpandoodle,너울너울,"핸드팬을 보기도 쉽지 않은데 직접 다뤄볼 수 있어서 행복했습니다. 연희요가위크 기간에 꼭꼭 너울너울에 방문하세요. 안가시면,,안가시면,,아니요? 꼭 가셔요",연희요가위크 10회권,10,100.0,1.0,False,gemini_vision_structured_output,"{""atmosphere"": true, ""difficulty"": false, ""instructor"": false, ""recovery"": false, ""revisit_intent"": true, ""space"": true}",핸드팬을 보기도 쉽지 않은데 직접 다뤄볼 수 있어서 행복했습니다.
review_0084,84,Screenshot 2026-05-15 at 11.12.01.JPG,reviewer_0010,2026-04-24,1,5.0,5.0,5.0,5.0,[빅블루요가] 정렬 에센스,[빅블루요가] 정렬 에센스,[빅블루요가] 정렬 에센스,빅블루요가정렬에센스,빅블루요가정렬에센스,빅블루요가,몸을 어떻게 써야 하는지 좋은 안내를 많이 해주셔서 앞으로 수련할 때 도움이 많이 될 것 같아요! 수련하고 나니 하체가 어찌나 가벼운지 이런 느낌은 간만이었아요!,연희요가위크 8회권,,100.0,1.0,False,gemini_vision_structured_output,"{""atmosphere"": false, ""difficulty"": false, ""instructor"": true, ""recovery"": true, ""revisit_intent"": false, ""space"": false}",수련하고 나니 하체가 어찌나 가벼운지 이런 느낌은 간만이었아요!
review_0085,85,Screenshot 2026-05-15 at 11.12.09.JPG,reviewer_0035,2026-04-24,1,5.0,5.0,5.0,5.0,[빅블루요가] 정렬 에센스,[빅블루요가] 정렬 에센스,[빅블루요가] 정렬 에센스,빅블루요가정렬에센스,빅블루요가정렬에센스,빅블루요가,시설도 깔끔하고 티칭도 좋고 뭐 하나 나무랄 곳이 없네요~ 종종 찾아갈래요,연희요가위크 4회권,4,100.0,1.0,False,gemini_vision_structured_output,"{""atmosphere"": false, ""difficulty"": false, ""instructor"": true, ""recovery"": false, ""revisit_intent"": true, ""space"": true}",시설도 깔끔하고 티칭도 좋고 뭐 하나 나무랄 곳이 없네요~
review_0086,86,Screenshot 2026-05-15 at 11.12.18.JPG,reviewer_0010,2026-04-24,1,4.3,5.0,5.0,3.0,[시이작] 땀나는 빈야사,[시이작] 땀나는 빈야사,[시이작] 땀나는 빈야사,시이작땀나는빈야사,시이작땀나는빈야사,시이작,"작지만 아늑한 공간이고 집중이 잘돼요
8명정도 수련했는데 이게 최대일듯!
초보자인데 큐잉을 잘해주셔서 이해가 빨리 돼요",연희요가위크 4회권,4,100.0,0.98,False,gemini_vision_structured_output,"{""atmosphere"": true, ""difficulty"": true, ""instructor"": true, ""recovery"": false, ""revisit_intent"": false, ""space"": true}",초보자인데 큐잉을 잘해주셔서 이해가 빨리 돼요
review_0087,87,Screenshot 2026-05-15 at 11.12.27.JPG,reviewer_0009,2026-04-24,1,5.0,5.0,5.0,5.0,[마인드플로우] 비기너요가,[마인드플로우] 비기너요가,[마인드플로우] 비기너요가,마인드플로우비기너요가,마인드플로우비기너요가,마인드플로우,거리의 자동차 경적소리를 지나 문을 열고 들어가자마자 고요함과 단아함이 느껴지는 담백한 홀이 금방 길찾아 헤매며 온 나그네를 따뜻하게 맞이해줍니다. 느림이 부끄럽지 않도록 안내해주시는 원장님의 차분함이 덩달아 내몸도 고요히 가라앉혀 주는곳이네요. 기본에 충실하며 조심히 따라가는동안 어느새 몸음 풀리고 들뜬 마음도 가라앉히기 좋은 아늑한 공간입니다. 한시간 얼굴에 미소를 머금게 되네요~ 수련잘했습니다. 낯설어하지 마시고 꼭 한발 디뎌보시길,,,100.0,1.0,False,gemini_vision_structured_output,"{""atmosphere"": true, ""difficulty"": false, ""instructor"": true, ""recovery"": true, ""revisit_intent"": true, ""space"": true}",느림이 부끄럽지 않도록 안내해주시는 원장님의 차분함이 덩달아 내몸도 고요히 가라앉혀 주는곳이네요.
review_0088,88,Screenshot 2026-05-15 at 11.12.38.JPG,reviewer_0007,2026-04-23,2,5.0,5.0,5.0,5.0,[너울너울] 소매틱뮤직 'Handpan Doodle',[너울너울] 소매틱뮤직 'Handpan Doodle',[너울너울] 소매틱뮤직 'Handpan Doodle',너울너울소매틱뮤직handpandoodle,너울너울소매틱뮤직handpandoodle,너울너울,"모두 핸드팬 수업 들으러 가주세여... 너무너무 좋아요..!! 박치라서 4박자고 뭐고 치면서 버벅거렸는데, 걍 얼렁뚱땅 두둥겨도 소리가 넘 이뻐요:) 핸드팬 하나하나가 소리도 각각 다르고, 악기는 쳐본적도 없었는데, 연주자가 된 듯한 느낌에 흠뻑 취할 수 있었습니다.. 무엇보다 선생님 연주 시범 보여주실때마다 무료공연 바로 오픈... 감사합니다..!",연희요가위크 10회권,10,100.0,1.0,False,gemini_vision_structured_output,"{""atmosphere"": true, ""difficulty"": true, ""instructor"": true, ""recovery"": false, ""revisit_intent"": true, ""space"": false}","악기는 쳐본적도 없었는데, 연주자가 된 듯한 느낌에 흠뻑 취할 수 있었습니다.."
review_0089,89,Screenshot 2026-05-15 at 11.12.46.JPG,reviewer_0042,2026-04-23,1,5.0,5.0,5.0,5.0,[마이트리] 테라피,[마이트리] 테라피,[마이트리] 테라피,마이트리테라피,마이트리테라피,마이트리,몸풀고 개운했던 마이트리에서의 테라피 수업! 점심시간에 할 수 있어서도 좋더라구요. 공간도 넓고 분위기도 밝고 좋아요,연희요가위크 20회권,,100.0,1.0,False,gemini_vision_structured_output,"{""atmosphere"": true, ""difficulty"": false, ""instructor"": false, ""recovery"": true, ""revisit_intent"": false, ""space"": true}",몸풀고 개운했던 마이트리에서의 테라피 수업!
review_0090,90,Screenshot 2026-05-15 at 11.12.55.JPG,reviewer_0036,2026-04-23,1,5.0,5.0,5.0,5.0,[시이작] 땀나는 하타,[시이작] 땀나는 하타,[시이작] 땀나는 하타,시이작땀나는하타,시이작땀나는하타,시이작,열린창문으로 바람느끼면서 요가하니 너무 좋았어요! 요가위크로 하타 수련했는데 오랜만의 요가라 조금 어려웠지만 제 가능 범위내에서 수련하도록 지도해주셔서 좋았습니다!,연희요가위크 4회권,4,100.0,1.0,False,gemini_vision_structured_output,"{""atmosphere"": true, ""difficulty"": true, ""instructor"": true, ""recovery"": false, ""revisit_intent"": false, ""space"": true}",열린창문으로 바람느끼면서 요가하니 너무 좋았어요!
review_0091,91,Screenshot 2026-05-15 at 11.13.05.JPG,reviewer_0007,2026-04-22,1,5.0,5.0,5.0,5.0,[시작] 다독이는 인요가,[시이작] 다독이는 인요가,[시이작] 다독이는 인요가,시이작다독이는인요가,시이작다독이는인요가,시이작,"연희요가위크 참여:) 인요가 수업을 들었습니다! 회사에서 잔뜩 화가 나있었는데 몸이 제대로 이완되어서 잠이 솔솔 쏟아졌어요^^ 오늘 요가원의 최대 인원이 뭔가 초과된 느낌이었지만, 수업은 좋았습니다!",연희요가위크 10회권,10,100.0,0.98,False,gemini_vision_structured_output,"{""atmosphere"": true, ""difficulty"": false, ""instructor"": false, ""recovery"": true, ""revisit_intent"": false, ""space"": true}",회사에서 잔뜩 화가 나있었는데 몸이 제대로 이완되어서 잠이 솔솔 쏟아졌어요
review_0092,92,Screenshot 2026-05-15 at 11.13.15.JPG,reviewer_0008,2026-04-22,1,5.0,5.0,5.0,5.0,[빅블루요가] 호흡 리커버리,[빅블루요가] 호흡 리커버리,[빅블루요가] 호흡 리커버리,빅블루요가호흡리커버리,빅블루요가호흡리커버리,빅블루요가,너무 좋았어요. 선생님이 몸에 대해서도 잘 아시는 것 같고 분위기도 조용하고 무엇보다 노래가 없어서 좋았습니다..! 도구를 사용한 요가는 경험해봤지만 봉을 쓰는건 처음이었어요. 전 두통이 평소에 심한데 목과 어깨근육이 이완됐는지 머리가 너무 맑아졌습니다. 짱....,연희요가위크 10회권,10,100.0,1.0,False,gemini_vision_structured_output,"{""atmosphere"": true, ""difficulty"": false, ""instructor"": true, ""recovery"": true, ""revisit_intent"": false, ""space"": true}",전 두통이 평소에 심한데 목과 어깨근육이 이완됐는지 머리가 너무 맑아졌습니다.
review_0093,93,Screenshot 2026-05-15 at 11.13.25.JPG,reviewer_0033,2026-04-21,1,5.0,5.0,5.0,5.0,[빅블루요가] 호흡 리커버리,[빅블루요가] 호흡 리커버리,[빅블루요가] 호흡 리커버리,빅블루요가호흡리커버리,빅블루요가호흡리커버리,빅블루요가,쉼과 아픈곳을 치료받는 기분이라 너무좋았어요^^ 남자원장님께서 자세 및 부은곳을 지압 해주실 때마다 자세가 확실히 좋아지고 힐링됬습니다^^ 전 아이가 어려 평일 오전만 가능해서 또 수업듣고싶어서 결제하러 기존 스케줄 다시 쪼여서 꼭올꺼요!!! 감사해요~~^^,연희요가위크 4회권,4,100.0,1.0,False,gemini_vision_structured_output,"{""atmosphere"": true, ""difficulty"": false, ""instructor"": true, ""recovery"": true, ""revisit_intent"": true, ""space"": false}",남자원장님께서 자세 및 부은곳을 지압 해주실 때마다 자세가 확실히 좋아지고 힐링됬습니다^^
review_0094,94,Screenshot 2026-05-15 at 11.13.34.JPG,reviewer_0022,2026-04-20,1,5.0,5.0,5.0,5.0,[빅블루요가] 정렬 에센스,[빅블루요가] 정렬 에센스,[빅블루요가] 정렬 에센스,빅블루요가정렬에센스,빅블루요가정렬에센스,빅블루요가,"오늘 수업 정말 최고였어요! 아사나를 완성하는 것에만 급급했는데, 선생님께서 알려주신 새로운 접근법과 디테일한 근육 사용법 덕분에 요가가 한결 편안해졌습니다. 무게중심 하나로 동작의 깊이가 달라지는 경험이 정말 신선했어요. 또 요가원 공간 곳곳에 선생님의 애정이 담긴 소품들이 가득해서, 그 에너지를 받으며 기분 좋게 수련하고 갑니다. 나마스테",연희요가위크 4회권,4,100.0,1.0,False,gemini_vision_structured_output,"{""atmosphere"": true, ""difficulty"": false, ""instructor"": true, ""recovery"": false, ""revisit_intent"": true, ""space"": true}",선생님께서 알려주신 새로운 접근법과 디테일한 근육 사용법 덕분에 요가가 한결 편안해졌습니다.
review_0095,95,Screenshot 2026-05-15 at 11.13.44.JPG,reviewer_0040,2026-04-20,2,5.0,5.0,5.0,5.0,Ashtanga Full Primary,[시이작] 아쉬탕가 풀프라이머리,[시이작] 아쉬탕가 풀프라이머리,시이작아쉬탕가풀프라이머리,시이작아쉬탕가풀프라이머리,시이작,선생님의 큐잉과 시퀀스가 매끄럽고 좋았어요~ 다음에 다른 수업도 들어보고싶어요,,,100.0,1.0,False,gemini_vision_structured_output,"{""atmosphere"": false, ""difficulty"": false, ""instructor"": true, ""recovery"": false, ""revisit_intent"": true, ""space"": false}",선생님의 큐잉과 시퀀스가 매끄럽고 좋았어요~
review_0096,96,Screenshot 2026-05-15 at 11.14.03.JPG,reviewer_0030,2026-04-20,1,5.0,5.0,5.0,5.0,[시이작] 아쉬탕가 풀프라이머리,[시이작] 아쉬탕가 풀프라이머리,[시이작] 아쉬탕가 풀프라이머리,시이작아쉬탕가풀프라이머리,시이작아쉬탕가풀프라이머리,시이작,다양한 아사나 동작으로 구성된 알찬수업이 아침을 상쾌하게 깨워줬어요! 즐겁게 요가하고 갑니다!,,,100.0,1.0,False,gemini_vision_structured_output,"{""atmosphere"": true, ""difficulty"": false, ""instructor"": false, ""recovery"": true, ""revisit_intent"": true, ""space"": false}",다양한 아사나 동작으로 구성된 알찬수업이 아침을 상쾌하게 깨워줬어요!
