_hype_row_id,class_base_key,class_title_base,studio_key,reservation_count,reservation_records,pass_reservation_count,one_time_reservation_count,unknown_reservation_count,cancellation_count,cancellation_records,review_count,avg_overall_rating,avg_class_rating,avg_atmosphere_rating,avg_facility_rating,avg_visit_count,review_needs_review_count,instructor_tag_count,space_tag_count,atmosphere_tag_count,difficulty_tag_count,recovery_tag_count,revisit_intent_tag_count,net_reservation_count,cancellation_rate,review_rate_per_reservation,pass_reservation_share,one_time_reservation_share,participant_price_proxy_krw,reservation_hype,review_hype,satisfaction_hype,revisit_hype,payment_hype,operations_stability,price_proxy_note,hype_match_key,capacity_match_key,capacity_match_score,capacity_match_status,studio_key_capacity,class_title_capacity,capacity_session_count,total_reserved_count_capacity,total_capacity,avg_capacity,min_capacity,max_capacity,avg_fill_rate,median_fill_rate,sold_out_session_count,high_fill_session_count,low_fill_session_count,empty_session_count,capacity_needs_review_count,first_class_date,last_class_date,weighted_fill_rate,sold_out_session_share,high_fill_session_share,capacity_hype_segment
0,마인드플로우빈야사요가,[마인드플로우] 빈야사요가,마인드플로우,110,102,60,42,0,57,55,6,4.95,5.0,5.0,4.833333333333333,1.8333333333333333,0,2,4,6,1,1,1,53,0.3413173652694611,0.0545454545454545,0.5454545454545454,0.3818181818181818,2100000,99.4,76.5,99.0,37.76,99.4,65.87,"1회권은 25,000원, 패스 예약은 회당 단가 후보의 중간값 17,500원으로 계산한 참가자 결제 반응 추정 지표",마인드플로우빈야사요가,마인드플로우빈야사요가,100.0,exact_normalized,마인드플로우,빈야사요가,17,110,159,9.352941176470589,5,11,0.6911764705882353,0.7,3,8,3,0,0,2026-04-20,2026-05-08,0.6918238993710691,0.17647058823529413,0.47058823529411764,steady_middle
1,빅블루요가정렬에센스,[빅블루요가] 정렬 에센스,빅블루요가,104,102,86,16,0,94,94,9,4.888888888888889,4.888888888888889,5.0,4.777777777777778,2.888888888888889,0,4,4,6,2,3,7,10,0.4747474747474747,0.0865384615384615,0.8269230769230769,0.1538461538461538,1905000,73.49,82.53,97.78,60.2,98.19,52.53,"1회권은 25,000원, 패스 예약은 회당 단가 후보의 중간값 17,500원으로 계산한 참가자 결제 반응 추정 지표",빅블루요가정렬에센스,빅블루요가정렬에센스,100.0,exact_normalized,빅블루요가,정렬 에센스,17,104,109,6.411764705882353,5,9,0.9445352941176469,1.0,13,16,0,0,0,2026-04-20,2026-05-09,0.9541284403669725,0.7647058823529411,0.9411764705882353,expand_or_repeat_candidate
2,마인드플로우비기너요가,[마인드플로우] 비기너요가,마인드플로우,77,74,49,25,0,41,39,3,5.0,5.0,5.0,5.0,2.333333333333333,0,2,3,3,0,1,2,36,0.3474576271186441,0.0389610389610389,0.6363636363636364,0.3246753246753247,1482500,98.19,69.88,100.0,56.12,96.99,65.25,"1회권은 25,000원, 패스 예약은 회당 단가 후보의 중간값 17,500원으로 계산한 참가자 결제 반응 추정 지표",마인드플로우비기너요가,마인드플로우비기너요가,100.0,exact_normalized,마인드플로우,비기너요가,16,77,123,7.6875,2,10,0.6427125,0.625,5,5,5,0,0,2026-04-20,2026-05-08,0.6260162601626016,0.3125,0.3125,steady_middle
3,빅블루요가호흡리커버리,[빅블루요가] 호흡 리커버리,빅블루요가,63,62,51,11,0,49,47,5,5.0,5.0,5.0,5.0,2.2,0,3,1,3,0,5,2,14,0.4375,0.0793650793650793,0.8095238095238095,0.1746031746031746,1167500,81.93,80.42,100.0,54.08,95.78,56.25,"1회권은 25,000원, 패스 예약은 회당 단가 후보의 중간값 17,500원으로 계산한 참가자 결제 반응 추정 지표",빅블루요가호흡리커버리,빅블루요가호흡리커버리,100.0,exact_normalized,빅블루요가,호흡 리커버리,12,63,73,6.083333333333333,5,8,0.84445,1.0,8,8,2,0,0,2026-04-20,2026-05-07,0.863013698630137,0.6666666666666666,0.6666666666666666,expand_or_repeat_candidate
4,마이트리테라피,[마이트리] 테라피,마이트리,51,51,37,14,0,35,31,1,5.0,5.0,5.0,5.0,1.0,0,0,1,1,0,1,0,16,0.4069767441860465,0.0196078431372549,0.7254901960784313,0.2745098039215686,997500,89.76,49.1,100.0,12.24,94.58,59.3,"1회권은 25,000원, 패스 예약은 회당 단가 후보의 중간값 17,500원으로 계산한 참가자 결제 반응 추정 지표",마이트리테라피,마이트리테라피,100.0,exact_normalized,마이트리,테라피,12,51,63,5.25,5,7,0.8095249999999999,1.0,7,9,2,1,0,2026-04-20,2026-05-08,0.8095238095238095,0.5833333333333334,0.75,steady_middle
5,마인드플로우하타요가,[마인드플로우] 하타요가,마인드플로우,49,43,23,20,0,33,27,2,4.85,5.0,5.0,4.5,2.0,0,1,1,1,0,0,1,16,0.4024390243902439,0.0408163265306122,0.4693877551020408,0.4081632653061224,902500,89.76,65.66,97.0,45.92,93.37,59.76,"1회권은 25,000원, 패스 예약은 회당 단가 후보의 중간값 17,500원으로 계산한 참가자 결제 반응 추정 지표",마인드플로우하타요가,마인드플로우하타요가,100.0,exact_normalized,마인드플로우,하타요가,9,49,78,8.666666666666666,6,10,0.6185222222222222,0.6667,3,4,3,1,0,2026-04-22,2026-05-08,0.6282051282051282,0.3333333333333333,0.4444444444444444,steady_middle
6,무릉티마인드풀니스세션,[무릉] 티마인드풀니스 세션,무릉,47,45,37,8,0,14,13,1,5.0,5.0,5.0,5.0,3.0,0,0,0,1,0,0,1,33,0.2295081967213114,0.0212765957446808,0.7872340425531915,0.1702127659574468,847500,96.99,49.7,100.0,68.37,90.96,77.05,"1회권은 25,000원, 패스 예약은 회당 단가 후보의 중간값 17,500원으로 계산한 참가자 결제 반응 추정 지표",무릉티마인드풀니스세션,무릉티마인드풀니스세션,100.0,exact_normalized,무릉,티마인드풀니스 세션,10,45,50,5.0,5,5,0.9,1.0,8,9,1,0,0,2026-05-02,2026-05-09,0.9,0.8,0.9,expand_or_repeat_candidate
7,마이트리하타,[마이트리] 하타,마이트리,46,46,37,9,0,27,27,0,,,,,,0,0,0,0,0,0,0,19,0.3698630136986301,0.0,0.8043478260869565,0.1956521739130435,872500,95.18,20.48,,,92.17,63.01,"1회권은 25,000원, 패스 예약은 회당 단가 후보의 중간값 17,500원으로 계산한 참가자 결제 반응 추정 지표",마이트리하타,마이트리하타,100.0,exact_normalized,마이트리,하타,11,46,58,5.2727272727272725,5,8,0.8022727272727272,1.0,6,6,1,0,0,2026-04-20,2026-05-08,0.7931034482758621,0.5454545454545454,0.5454545454545454,steady_middle
8,시이작땀나는빈야사,[시이작] 땀나는 빈야사,시이작,37,35,27,8,0,24,24,1,4.3,5.0,5.0,3.0,1.0,0,1,1,1,1,0,0,13,0.3934426229508196,0.027027027027027,0.7297297297297297,0.2162162162162162,672500,80.12,50.3,86.0,12.24,88.55,60.66,"1회권은 25,000원, 패스 예약은 회당 단가 후보의 중간값 17,500원으로 계산한 참가자 결제 반응 추정 지표",시이작땀나는빈야사,시이작땀나는빈야사,100.0,exact_normalized,시이작,땀나는 빈야사,9,37,39,4.333333333333333,4,5,0.9500000000000001,1.0,7,8,0,0,0,2026-04-23,2026-05-08,0.9487179487179487,0.7777777777777778,0.8888888888888888,expand_or_repeat_candidate
9,마이트리빈야사,[마이트리] 빈야사,마이트리,35,32,20,12,0,31,31,2,5.0,5.0,5.0,5.0,2.0,0,1,1,1,0,0,2,4,0.4696969696969697,0.0571428571428571,0.5714285714285714,0.3428571428571428,650000,37.35,68.38,100.0,45.92,87.35,53.03,"1회권은 25,000원, 패스 예약은 회당 단가 후보의 중간값 17,500원으로 계산한 참가자 결제 반응 추정 지표",마이트리빈야사,마이트리빈야사,100.0,exact_normalized,마이트리,빈야사,12,31,62,5.166666666666667,5,7,0.5023833333333333,0.5143,3,4,6,3,0,2026-04-21,2026-05-09,0.5,0.25,0.3333333333333333,steady_middle
10,시이작땀나는아쉬탕가,[시이작] 땀나는 아쉬탕가,시이작,35,32,16,16,0,20,20,2,5.0,5.0,5.0,5.0,3.5,0,1,0,2,2,2,2,15,0.3636363636363636,0.0571428571428571,0.4571428571428571,0.4571428571428571,680000,85.54,68.38,100.0,78.57,89.76,63.64,"1회권은 25,000원, 패스 예약은 회당 단가 후보의 중간값 17,500원으로 계산한 참가자 결제 반응 추정 지표",시이작땀나는아쉬탕가,시이작땀나는아쉬탕가,100.0,exact_normalized,시이작,땀나는 아쉬탕가,9,35,36,4.0,4,4,0.9722222222222222,1.0,8,8,0,0,0,2026-04-21,2026-05-07,0.9722222222222222,0.8888888888888888,0.8888888888888888,expand_or_repeat_candidate
11,시이작땀나는하타,[시이작] 땀나는 하타,시이작,33,33,28,5,0,28,28,4,4.925,5.0,5.0,4.75,1.75,0,4,2,4,2,0,2,5,0.4590163934426229,0.1212121212121212,0.8484848484848485,0.1515151515151515,615000,45.18,88.56,98.5,35.71,84.94,54.1,"1회권은 25,000원, 패스 예약은 회당 단가 후보의 중간값 17,500원으로 계산한 참가자 결제 반응 추정 지표",시이작땀나는하타,시이작땀나는하타,100.0,exact_normalized,시이작,땀나는 하타,8,33,36,4.5,4,7,0.90625,1.0,7,7,1,0,0,2026-04-21,2026-05-07,0.9166666666666666,0.875,0.875,expand_or_repeat_candidate
12,연남장커뮤니티허브바람과땀그리고알아차림봄날의역동적명상,"[연남장|커뮤니티허브] 바람과 땀, 그리고 알아차림 - 봄날의 역동적 명상",연남장,32,32,22,10,0,24,23,1,5.0,5.0,5.0,5.0,4.0,0,1,0,1,0,0,1,8,0.4285714285714285,0.03125,0.6875,0.3125,635000,67.47,50.91,100.0,83.67,86.14,57.14,"1회권은 25,000원, 패스 예약은 회당 단가 후보의 중간값 17,500원으로 계산한 참가자 결제 반응 추정 지표",연남장바람과땀그리고알아차림봄날의역동적명상,연남장바람과땀그리고알아차림봄날의역동적명상,100.0,exact_normalized,연남장,"바람과 땀, 그리고 알아차림 - 봄날의 역동적 명상",1,30,30,30.0,30,30,1.0,1.0,1,1,0,0,0,2026-05-09,2026-05-09,1.0,1.0,1.0,small_capacity_or_niche_strength
13,너울너울소매틱뮤직handpandoodle,[너울너울] 소매틱뮤직 'Handpan Doodle',너울너울,30,30,23,7,0,25,25,3,5.0,5.0,5.0,5.0,3.333333333333333,0,2,2,3,1,0,2,5,0.4545454545454545,0.1,0.7666666666666667,0.2333333333333333,577500,45.18,81.62,100.0,76.53,78.31,54.55,"1회권은 25,000원, 패스 예약은 회당 단가 후보의 중간값 17,500원으로 계산한 참가자 결제 반응 추정 지표",너울너울소매틱뮤직HandpanDoodle,너울너울소매틱뮤직HandpanDoodle,100.0,exact_normalized,너울너울,소매틱뮤직 'Handpan Doodle',8,30,41,5.125,5,6,0.725,0.9,4,5,3,0,0,2026-04-22,2026-05-05,0.7317073170731707,0.5,0.625,steady_middle
14,연남장커뮤니티허브forrestyoga의움직임을기반으로내몸의바른사용법찾아가기,[연남장|커뮤니티허브] Forrestyoga의 움직임을 기반으로 내몸의 바른 사용법 찾아가기,연남장,30,28,15,13,0,16,15,1,4.0,4.0,5.0,3.0,3.0,0,0,1,1,0,0,0,14,0.3478260869565217,0.0333333333333333,0.5,0.4333333333333333,587500,81.93,51.81,80.0,68.37,81.33,65.22,"1회권은 25,000원, 패스 예약은 회당 단가 후보의 중간값 17,500원으로 계산한 참가자 결제 반응 추정 지표",연남장Forrestyoga의움직임을기반으로내몸의바른사용법찾아가기,연남장Forrestyoga의움직임을기반으로내몸의바른사용법찾아가기,100.0,exact_normalized,연남장,Forrestyoga의 움직임을 기반으로 내몸의 바른 사용법 찾아가기,1,30,30,30.0,30,30,1.0,1.0,1,1,0,0,0,2026-04-26,2026-04-26,1.0,1.0,1.0,expand_or_repeat_candidate
15,연남장커뮤니티허브딥어웨이크하타,[연남장|커뮤니티허브] 딥어웨이크 하타,연남장,30,30,19,11,0,19,18,1,4.7,5.0,5.0,4.0,1.0,0,1,1,1,0,1,0,11,0.3877551020408163,0.0333333333333333,0.6333333333333333,0.3666666666666666,607500,77.11,51.81,94.0,12.24,83.73,61.22,"1회권은 25,000원, 패스 예약은 회당 단가 후보의 중간값 17,500원으로 계산한 참가자 결제 반응 추정 지표",연남장딥어웨이크하타,연남장딥어웨이크하타,100.0,exact_normalized,연남장,딥어웨이크 하타,1,30,30,30.0,30,30,1.0,1.0,1,1,0,0,0,2026-05-09,2026-05-09,1.0,1.0,1.0,expand_or_repeat_candidate
16,연남장커뮤니티허브짠짠막걸리요가with복순도가,[연남장|커뮤니티허브] 짠짠! 막걸리요가! with 복순도가,연남장,30,27,13,14,0,13,13,0,,,,,,0,0,0,0,0,0,0,17,0.3023255813953488,0.0,0.4333333333333333,0.4666666666666667,577500,92.77,20.48,,,78.31,69.77,"1회권은 25,000원, 패스 예약은 회당 단가 후보의 중간값 17,500원으로 계산한 참가자 결제 반응 추정 지표",연남장짠짠막걸리요가with복순도가,연남장짠짠막걸리요가with복순도가,100.0,exact_normalized,연남장,짠짠! 막걸리요가! with 복순도가,1,30,30,30.0,30,30,1.0,1.0,1,1,0,0,0,2026-05-05,2026-05-05,1.0,1.0,1.0,expand_or_repeat_candidate
17,연남장커뮤니티허브하루를내려놓는요가와바이올린,[연남장|커뮤니티허브] 하루를 내려놓는 요가와 바이올린,연남장,30,28,16,12,0,11,11,0,,,,,,0,0,0,0,0,0,0,19,0.2682926829268293,0.0,0.5333333333333333,0.4,580000,95.18,20.48,,,80.12,73.17,"1회권은 25,000원, 패스 예약은 회당 단가 후보의 중간값 17,500원으로 계산한 참가자 결제 반응 추정 지표",연남장하루를내려놓는요가와바이올린,연남장하루를내려놓는요가와바이올린,100.0,exact_normalized,연남장,하루를 내려놓는 요가와 바이올린,1,30,30,30.0,30,30,1.0,1.0,1,1,0,0,0,2026-05-09,2026-05-09,1.0,1.0,1.0,expand_or_repeat_candidate
18,연남장커뮤니티허브처음이라좋은아쉬탕가with베지어트,[연남장|커뮤니티허브] 처음이라 좋은 아쉬탕가 with 베지어트,연남장,28,27,15,12,0,13,12,5,5.0,5.0,5.0,5.0,2.0,0,2,5,5,1,1,0,15,0.3170731707317073,0.1785714285714285,0.5357142857142857,0.4285714285714285,562500,85.54,94.88,100.0,45.92,76.51,68.29,"1회권은 25,000원, 패스 예약은 회당 단가 후보의 중간값 17,500원으로 계산한 참가자 결제 반응 추정 지표",연남장처음이라좋은아쉬탕가with베지어트,연남장처음이라좋은아쉬탕가with베지어트,100.0,exact_normalized,연남장,처음이라 좋은 아쉬탕가 with 베지어트,1,28,28,28.0,28,28,1.0,1.0,1,1,0,0,0,2026-04-26,2026-04-26,1.0,1.0,1.0,expand_or_repeat_candidate
19,연남장커뮤니티허브마인드풀니스테라피요가아카샤은채,[연남장|커뮤니티허브] 마인드풀니스 테라피 요가 (아카샤(은채)),연남장,28,28,14,14,0,13,12,0,,,,,,0,0,0,0,0,0,0,15,0.3170731707317073,0.0,0.5,0.5,595000,85.54,20.48,,,82.53,68.29,"1회권은 25,000원, 패스 예약은 회당 단가 후보의 중간값 17,500원으로 계산한 참가자 결제 반응 추정 지표",연남장마인드풀니스테라피요가,연남장마인드풀니스테라피요가,100.0,exact_normalized,연남장,마인드풀니스 테라피 요가 (아카샤(은채)),1,28,28,28.0,28,28,1.0,1.0,1,1,0,0,0,2026-04-26,2026-04-26,1.0,1.0,1.0,expand_or_repeat_candidate
20,연남장커뮤니티허브매트필라테스로부상없는몸만들기,[연남장|커뮤니티허브] 매트 필라테스로 부상 없는 몸 만들기,연남장,28,26,16,10,0,12,12,0,,,,,,0,0,0,0,0,0,0,16,0.3,0.0,0.5714285714285714,0.3571428571428571,530000,89.76,20.48,,,74.7,70.0,"1회권은 25,000원, 패스 예약은 회당 단가 후보의 중간값 17,500원으로 계산한 참가자 결제 반응 추정 지표",연남장매트필라테스로부상없는몸만들기,연남장매트필라테스로부상없는몸만들기,100.0,exact_normalized,연남장,매트 필라테스로 부상 없는 몸 만들기,1,24,30,30.0,30,30,0.8,0.8,0,1,0,0,0,2026-05-09,2026-05-09,0.8,0.0,1.0,steady_middle
21,연남장커뮤니티허브being감각을깨우는하타요가,[연남장|커뮤니티허브] Being 감각을 깨우는 하타요가,연남장,27,26,16,10,0,18,18,2,4.65,5.0,4.5,4.5,5.0,0,2,2,1,0,0,0,9,0.4,0.074074074074074,0.5925925925925926,0.3703703703703703,530000,70.48,71.69,93.0,90.82,74.7,60.0,"1회권은 25,000원, 패스 예약은 회당 단가 후보의 중간값 17,500원으로 계산한 참가자 결제 반응 추정 지표",연남장Being감각을깨우는하타요가,연남장Being감각을깨우는하타요가,100.0,exact_normalized,연남장,Being 감각을 깨우는 하타요가,1,27,28,28.0,28,28,0.9643,0.9643,0,1,0,0,0,2026-05-05,2026-05-05,0.9642857142857143,0.0,1.0,expand_or_repeat_candidate
22,시이작다독이는인요가,[시이작] 다독이는 인요가,시이작,25,25,20,5,0,23,23,1,5.0,5.0,5.0,5.0,1.0,0,0,1,1,0,1,0,2,0.4791666666666667,0.04,0.8,0.2,475000,22.89,53.31,100.0,12.24,71.69,52.08,"1회권은 25,000원, 패스 예약은 회당 단가 후보의 중간값 17,500원으로 계산한 참가자 결제 반응 추정 지표",시이작다독이는인요가,시이작다독이는인요가,100.0,exact_normalized,시이작,다독이는 인요가,7,25,28,4.0,4,4,0.8928571428571429,1.0,4,4,0,0,0,2026-04-22,2026-05-09,0.8928571428571429,0.5714285714285714,0.5714285714285714,small_capacity_or_niche_strength
23,연남장커뮤니티허브차근차근몸을깨우는하타요가,[연남장|커뮤니티허브] 차근 차근 몸을 깨우는 하타요가,연남장,25,25,17,8,0,15,15,0,,,,,,0,0,0,0,0,0,0,10,0.375,0.0,0.68,0.32,497500,73.49,20.48,,,72.89,62.5,"1회권은 25,000원, 패스 예약은 회당 단가 후보의 중간값 17,500원으로 계산한 참가자 결제 반응 추정 지표",연남장차근차근몸을깨우는하타요가,연남장차근차근몸을깨우는하타요가,100.0,exact_normalized,연남장,차근 차근 몸을 깨우는 하타요가,1,25,29,29.0,29,29,0.8621,0.8621,0,1,0,0,0,2026-04-26,2026-04-26,0.8620689655172413,0.0,1.0,expand_or_repeat_candidate
24,대저택프라이빗deeprest인요가핸드팬사운드,[대저택프라이빗] Deep Rest 인요가 & 핸드팬 사운드,대저택프라이빗,24,24,17,7,0,7,7,1,4.0,5.0,5.0,2.0,2.0,0,0,0,1,0,1,0,17,0.2258064516129032,0.0416666666666666,0.7083333333333334,0.2916666666666667,472500,92.77,54.52,80.0,45.92,70.48,77.42,"1회권은 25,000원, 패스 예약은 회당 단가 후보의 중간값 17,500원으로 계산한 참가자 결제 반응 추정 지표",대저택프라이빗DeepRest인요가핸드팬사운드,대저택프라이빗DeepRest인요가핸드팬사운드,100.0,exact_normalized,대저택프라이빗,Deep Rest 인요가 & 핸드팬 사운드,3,24,24,8.0,5,10,1.0,1.0,3,3,0,0,0,2026-05-01,2026-05-02,1.0,1.0,1.0,expand_or_repeat_candidate
25,연희정음랜드마크무릉엠비언트콘서트무릉숨비소리,[연희정음|랜드마크] 무릉 엠비언트 콘서트 - 무릉 숨비소리,연희정음,23,21,14,7,0,11,11,2,5.0,5.0,5.0,5.0,1.5,0,0,2,2,0,2,1,12,0.3235294117647059,0.0869565217391304,0.6086956521739131,0.3043478260869565,420000,78.92,73.5,100.0,29.59,68.07,67.65,"1회권은 25,000원, 패스 예약은 회당 단가 후보의 중간값 17,500원으로 계산한 참가자 결제 반응 추정 지표",연희정음무릉엠비언트콘서트무릉숨비소리,연희정음무릉엠비언트콘서트무릉숨비소리,100.0,exact_normalized,연희정음,무릉 엠비언트 콘서트 - 무릉 숨비소리,2,23,25,12.5,10,15,0.9,0.9,1,2,0,0,0,2026-04-25,2026-04-26,0.92,0.5,1.0,expand_or_repeat_candidate
26,마이트리얼라인요가,[마이트리] 얼라인 요가,마이트리,22,22,17,5,0,12,12,1,5.0,5.0,5.0,5.0,1.0,0,0,0,1,1,1,0,10,0.3529411764705882,0.0454545454545454,0.7727272727272727,0.2272727272727272,422500,73.49,55.12,100.0,12.24,69.28,64.71,"1회권은 25,000원, 패스 예약은 회당 단가 후보의 중간값 17,500원으로 계산한 참가자 결제 반응 추정 지표",마이트리얼라인요가,마이트리얼라인요가,100.0,exact_normalized,마이트리,얼라인 요가,4,22,25,6.25,5,10,0.85,1.0,3,3,1,0,0,2026-04-21,2026-05-09,0.88,0.75,0.75,expand_or_repeat_candidate
27,마이트리연희스페셜올레벨빈야사,[마이트리|연희스페셜] 올레벨 빈야사,마이트리,20,20,11,9,0,16,15,3,5.0,5.0,5.0,5.0,4.0,0,2,0,2,2,0,2,4,0.4444444444444444,0.15,0.55,0.45,417500,37.35,90.36,100.0,83.67,66.87,55.56,"1회권은 25,000원, 패스 예약은 회당 단가 후보의 중간값 17,500원으로 계산한 참가자 결제 반응 추정 지표",마이트리올레벨빈야사,마이트리올레벨빈야사,100.0,exact_normalized,마이트리,올레벨 빈야사,1,20,20,20.0,20,20,1.0,1.0,1,1,0,0,0,2026-05-02,2026-05-02,1.0,1.0,1.0,expand_or_repeat_candidate
28,연희정음랜드마크인요가와저널링with프라우카,[연희정음|랜드마크] 인요가와 저널링 with 프라우카,연희정음,20,20,15,5,0,10,10,2,5.0,5.0,5.0,5.0,4.0,0,1,1,2,0,2,0,10,0.3333333333333333,0.1,0.75,0.25,387500,73.49,76.21,100.0,83.67,63.25,66.67,"1회권은 25,000원, 패스 예약은 회당 단가 후보의 중간값 17,500원으로 계산한 참가자 결제 반응 추정 지표",연희정음인요가와저널링with프라우카,연희정음인요가와저널링with프라우카,100.0,exact_normalized,연희정음,인요가와 저널링 with 프라우카,1,20,20,20.0,20,20,1.0,1.0,1,1,0,0,0,2026-04-26,2026-04-26,1.0,1.0,1.0,expand_or_repeat_candidate
29,마이트리연희스페셜roottorisevinyasa,[마이트리|연희스페셜] Root to Rise (Vinyasa),마이트리,20,19,9,10,0,9,9,0,,,,,,0,0,0,0,0,0,0,11,0.3103448275862069,0.0,0.45,0.5,407500,77.11,20.48,,,65.66,68.97,"1회권은 25,000원, 패스 예약은 회당 단가 후보의 중간값 17,500원으로 계산한 참가자 결제 반응 추정 지표",마이트리RoottoRise,마이트리RoottoRise,100.0,exact_normalized,마이트리,Root to Rise (Vinyasa),1,20,20,20.0,20,20,1.0,1.0,1,1,0,0,0,2026-05-03,2026-05-03,1.0,1.0,1.0,expand_or_repeat_candidate
30,마이트리연희스페셜꽁샘과도전하는에카파다라자카포타,[마이트리|연희스페셜] 꽁샘과 도전하는 에카파다라자카포타,마이트리,20,17,10,7,0,5,5,0,,,,,,0,0,0,0,0,0,0,15,0.2,0.0,0.5,0.35,350000,85.54,20.48,,,60.84,80.0,"1회권은 25,000원, 패스 예약은 회당 단가 후보의 중간값 17,500원으로 계산한 참가자 결제 반응 추정 지표",마이트리꽁샘과도전하는에카파다라자카포타,마이트리꽁샘과도전하는에카파다라자카포타,100.0,exact_normalized,마이트리,꽁샘과 도전하는 에카파다라자카포타,1,20,20,20.0,20,20,1.0,1.0,1,1,0,0,0,2026-05-03,2026-05-03,1.0,1.0,1.0,expand_or_repeat_candidate
31,마이트리아쉬탕가,[마이트리] 아쉬탕가,마이트리,19,19,11,8,0,14,14,2,4.3,4.5,3.5,5.0,1.5,0,1,1,1,1,0,0,5,0.4242424242424242,0.1052631578947368,0.5789473684210527,0.4210526315789473,392500,45.18,78.31,86.0,29.59,64.46,57.58,"1회권은 25,000원, 패스 예약은 회당 단가 후보의 중간값 17,500원으로 계산한 참가자 결제 반응 추정 지표",마이트리아쉬탕가,마이트리아쉬탕가,100.0,exact_normalized,마이트리,아쉬탕가,6,19,30,5.0,5,5,0.6333333333333333,0.7,3,3,3,0,0,2026-04-22,2026-05-08,0.6333333333333333,0.5,0.5,steady_middle
32,연남장커뮤니티허브헤드폰으로몰입하는사일런트핸드팬명상with칼레트,[연남장|커뮤니티허브] 헤드폰으로 몰입하는 사일런트 핸드팬 명상 with 칼레트,연남장,17,16,4,12,0,11,11,1,5.0,5.0,5.0,5.0,1.0,0,1,1,1,0,1,0,6,0.3928571428571428,0.0588235294117647,0.2352941176470588,0.7058823529411765,370000,55.42,57.53,100.0,12.24,62.05,60.71,"1회권은 25,000원, 패스 예약은 회당 단가 후보의 중간값 17,500원으로 계산한 참가자 결제 반응 추정 지표",연남장헤드폰으로몰입하는사일런트핸드팬명상with칼레트,연남장헤드폰으로몰입하는사일런트핸드팬명상with칼레트,100.0,exact_normalized,연남장,헤드폰으로 몰입하는 사일런트 핸드팬 명상 with 칼레트,1,16,17,17.0,17,17,0.9412,0.9412,0,1,0,0,0,2026-05-09,2026-05-09,0.9411764705882353,0.0,1.0,small_capacity_or_niche_strength
33,마이트리연희스페셜독서와요가,[마이트리|연희스페셜] 독서와 요가,마이트리,15,14,9,5,0,12,12,2,5.0,5.0,5.0,5.0,2.5,0,2,0,2,1,1,2,3,0.4444444444444444,0.1333333333333333,0.6,0.3333333333333333,282500,31.33,83.73,100.0,58.16,56.63,55.56,"1회권은 25,000원, 패스 예약은 회당 단가 후보의 중간값 17,500원으로 계산한 참가자 결제 반응 추정 지표",마이트리독서와요가,마이트리독서와요가,100.0,exact_normalized,마이트리,독서와 요가,1,15,15,15.0,15,15,1.0,1.0,1,1,0,0,0,2026-05-02,2026-05-02,1.0,1.0,1.0,expand_or_repeat_candidate
34,마이트리하타베이직,[마이트리] 하타베이직,마이트리,15,15,10,5,0,8,8,1,5.0,5.0,5.0,5.0,4.0,0,1,1,1,0,0,0,7,0.3478260869565217,0.0666666666666666,0.6666666666666666,0.3333333333333333,300000,62.65,58.14,100.0,83.67,59.64,65.22,"1회권은 25,000원, 패스 예약은 회당 단가 후보의 중간값 17,500원으로 계산한 참가자 결제 반응 추정 지표",마이트리하타베이직,마이트리하타베이직,100.0,exact_normalized,마이트리,하타베이직,3,15,15,5.0,5,5,1.0,1.0,3,3,0,0,0,2026-04-23,2026-05-07,1.0,1.0,1.0,small_capacity_or_niche_strength
35,대저택프라이빗바디페인팅체감명상,[대저택프라이빗] 바디페인팅 체감명상,대저택프라이빗,14,14,9,5,0,7,7,1,5.0,5.0,5.0,5.0,7.0,0,0,0,1,0,1,0,7,0.3333333333333333,0.0714285714285714,0.6428571428571429,0.3571428571428571,282500,62.65,59.04,100.0,95.92,56.63,66.67,"1회권은 25,000원, 패스 예약은 회당 단가 후보의 중간값 17,500원으로 계산한 참가자 결제 반응 추정 지표",대저택프라이빗바디페인팅체감명상,대저택프라이빗바디페인팅체감명상,100.0,exact_normalized,대저택프라이빗,바디페인팅 체감명상,1,14,14,14.0,14,14,1.0,1.0,1,1,0,0,0,2026-05-05,2026-05-05,1.0,1.0,1.0,small_capacity_or_niche_strength
36,시이작연희스페셜러닝으로이어지는명상with프라우카,[시이작|연희스페셜] 러닝으로 이어지는 명상 with 프라우카,시이작,14,14,8,6,0,8,8,1,5.0,5.0,5.0,5.0,1.0,0,1,0,1,0,1,1,6,0.3636363636363636,0.0714285714285714,0.5714285714285714,0.4285714285714285,290000,55.42,59.04,100.0,12.24,58.43,63.64,"1회권은 25,000원, 패스 예약은 회당 단가 후보의 중간값 17,500원으로 계산한 참가자 결제 반응 추정 지표",시이작러닝으로이어지는명상with프라우카,시이작러닝으로이어지는명상with프라우카,100.0,exact_normalized,시이작,러닝으로 이어지는 명상 with 프라우카,1,14,14,14.0,14,14,1.0,1.0,1,1,0,0,0,2026-04-25,2026-04-25,1.0,1.0,1.0,small_capacity_or_niche_strength
37,시이작숨쉬는테라피,[시이작] 숨쉬는 테라피,시이작,13,13,7,6,0,7,7,2,5.0,5.0,5.0,5.0,1.5,0,1,1,2,0,2,1,6,0.35,0.1538461538461538,0.5384615384615384,0.4615384615384615,272500,55.42,85.54,100.0,29.59,54.82,65.0,"1회권은 25,000원, 패스 예약은 회당 단가 후보의 중간값 17,500원으로 계산한 참가자 결제 반응 추정 지표",시이작숨쉬는테라피,시이작숨쉬는테라피,100.0,exact_normalized,시이작,숨쉬는 테라피,4,13,16,4.0,4,4,0.8125,0.875,2,2,0,0,0,2026-04-21,2026-05-06,0.8125,0.5,0.5,steady_middle
38,연남장커뮤니티허브부담없이시작하는파트너서킷트레이닝,[연남장|커뮤니티허브] 부담없이 시작하는 파트너 서킷 트레이닝,연남장,13,12,7,5,0,10,10,0,,,,,,0,0,0,0,0,0,0,3,0.4347826086956521,0.0,0.5384615384615384,0.3846153846153846,247500,31.33,20.48,,,51.2,56.52,"1회권은 25,000원, 패스 예약은 회당 단가 후보의 중간값 17,500원으로 계산한 참가자 결제 반응 추정 지표",연남장부담없이시작하는파트너서킷트레이닝,연남장부담없이시작하는파트너서킷트레이닝,100.0,exact_normalized,연남장,부담없이 시작하는 파트너 서킷 트레이닝,1,13,20,20.0,20,20,0.65,0.65,0,0,0,0,0,2026-05-05,2026-05-05,0.65,0.0,0.0,steady_middle
39,연남장커뮤니티허브비트박스공연과호흡소리로몰입하는요가,[연남장|커뮤니티허브] 비트박스 공연과 호흡소리로 몰입하는 요가,연남장,13,12,10,2,0,7,7,0,,,,,,0,0,0,0,0,0,0,6,0.35,0.0,0.7692307692307693,0.1538461538461538,225000,55.42,20.48,,,50.0,65.0,"1회권은 25,000원, 패스 예약은 회당 단가 후보의 중간값 17,500원으로 계산한 참가자 결제 반응 추정 지표",연남장비트박스공연과호흡소리로몰입하는요가,연남장비트박스공연과호흡소리로몰입하는요가,100.0,exact_normalized,연남장,비트박스 공연과 호흡소리로 몰입하는 요가,1,13,30,30.0,30,30,0.4333,0.4333,0,0,1,0,0,2026-04-26,2026-04-26,0.43333333333333335,0.0,0.0,demand_development_candidate
40,시이작아쉬탕가풀프라이머리,[시이작] 아쉬탕가 풀프라이머리,시이작,12,12,6,6,0,11,11,2,5.0,5.0,5.0,5.0,1.5,0,1,0,1,0,1,2,1,0.4782608695652174,0.1666666666666666,0.5,0.5,255000,14.46,86.15,100.0,29.59,53.01,52.17,"1회권은 25,000원, 패스 예약은 회당 단가 후보의 중간값 17,500원으로 계산한 참가자 결제 반응 추정 지표",시이작아쉬탕가풀프라이머리,시이작아쉬탕가풀프라이머리,100.0,exact_normalized,시이작,아쉬탕가 풀프라이머리,3,12,13,4.333333333333333,4,5,0.9166666666666666,1.0,2,2,0,0,0,2026-04-20,2026-05-04,0.9230769230769231,0.6666666666666666,0.6666666666666666,expand_or_repeat_candidate
41,시이작깨어나는하타,[시이작] 깨어나는 하타,시이작,12,10,4,6,0,4,3,0,,,,,,0,0,0,0,0,0,0,8,0.25,0.0,0.3333333333333333,0.5,220000,67.47,20.48,,,47.59,75.0,"1회권은 25,000원, 패스 예약은 회당 단가 후보의 중간값 17,500원으로 계산한 참가자 결제 반응 추정 지표",시이작깨어나는하타,시이작깨어나는하타,100.0,exact_normalized,시이작,깨어나는 하타,3,12,12,4.0,4,4,1.0,1.0,3,3,0,0,0,2026-04-20,2026-05-04,1.0,1.0,1.0,small_capacity_or_niche_strength
42,시이작연희스페셜마인드풀러닝breathflow움직이는명상,[시이작|연희스페셜] 마인드풀 러닝 Breath & Flow: 움직이는 명상,시이작,12,12,6,6,0,13,13,0,,,,,,0,0,0,0,0,0,0,-1,0.52,0.0,0.5,0.5,255000,9.04,20.48,,,53.01,48.0,"1회권은 25,000원, 패스 예약은 회당 단가 후보의 중간값 17,500원으로 계산한 참가자 결제 반응 추정 지표",시이작마인드풀러닝BreathFlow움직이는명상,시이작마인드풀러닝BreathFlow움직이는명상,100.0,exact_normalized,시이작,마인드풀 러닝 Breath & Flow: 움직이는 명상,1,12,15,15.0,15,15,0.8,0.8,0,1,0,0,0,2026-05-03,2026-05-03,0.8,0.0,1.0,steady_middle
43,숨명상센터향과소리로깨우는오감명상,[숨명상센터] 향과 소리로 깨우는 오감명상,숨명상센터,11,11,10,1,0,3,3,1,5.0,5.0,5.0,5.0,1.0,0,0,1,1,0,1,0,8,0.2142857142857142,0.0909090909090909,0.9090909090909092,0.0909090909090909,200000,67.47,62.35,100.0,12.24,40.36,78.57,"1회권은 25,000원, 패스 예약은 회당 단가 후보의 중간값 17,500원으로 계산한 참가자 결제 반응 추정 지표",숨명상센터향과소리로깨우는오감명상,숨명상센터향과소리로깨우는오감명상,100.0,exact_normalized,숨명상센터,향과 소리로 깨우는 오감명상,2,11,16,8.0,8,8,0.6875,0.6875,0,0,0,0,0,2026-04-21,2026-04-23,0.6875,0.0,0.0,steady_middle
44,데이스타콜라보연희스페셜요기를위한저강도크로스핏체험,[데이스타콜라보|연희스페셜] 요기를 위한 저강도 크로스핏 체험,데이스타콜라보,11,11,9,2,0,11,11,0,,,,,,0,0,0,0,0,0,0,0,0.5,0.0,0.8181818181818182,0.1818181818181818,207500,10.24,20.48,,,46.39,50.0,"1회권은 25,000원, 패스 예약은 회당 단가 후보의 중간값 17,500원으로 계산한 참가자 결제 반응 추정 지표",데이스타콜라보요기를위한저강도크로스핏체험,데이스타콜라보요기를위한저강도크로스핏체험,100.0,exact_normalized,데이스타콜라보,요기를 위한 저강도 크로스핏 체험,1,11,13,13.0,13,13,0.8462,0.8462,0,1,0,0,0,2026-05-09,2026-05-09,0.8461538461538461,0.0,1.0,steady_middle
45,마이트리빈야사어드밴스,[마이트리] 빈야사 어드밴스,마이트리,11,11,11,0,0,6,6,0,,,,,,0,0,0,0,0,0,0,5,0.3529411764705882,0.0,1.0,0.0,192500,45.18,20.48,,,36.14,64.71,"1회권은 25,000원, 패스 예약은 회당 단가 후보의 중간값 17,500원으로 계산한 참가자 결제 반응 추정 지표",마이트리빈야사어드밴스,마이트리빈야사어드밴스,100.0,exact_normalized,마이트리,빈야사 어드밴스,3,11,15,5.0,5,5,0.7333333333333334,0.8,1,2,1,0,0,2026-04-23,2026-05-07,0.7333333333333333,0.3333333333333333,0.6666666666666666,steady_middle
46,숨명상센터마음의평온을찾는호흡명상,[숨명상센터] 마음의 평온을 찾는 호흡명상,숨명상센터,11,11,11,0,0,9,9,0,,,,,,0,0,0,0,0,0,0,2,0.45,0.0,1.0,0.0,192500,22.89,20.48,,,36.14,55.0,"1회권은 25,000원, 패스 예약은 회당 단가 후보의 중간값 17,500원으로 계산한 참가자 결제 반응 추정 지표",숨명상센터마음의평온을찾는호흡명상,숨명상센터마음의평온을찾는호흡명상,100.0,exact_normalized,숨명상센터,마음의 평온을 찾는 호흡명상,2,11,16,8.0,8,8,0.6875,0.6875,1,1,1,0,0,2026-04-23,2026-04-30,0.6875,0.5,0.5,steady_middle
47,숨명상센터안산트레킹오감명상,[숨명상센터] 안산 트레킹 오감 명상,숨명상센터,11,11,7,4,0,13,13,0,,,,,,0,0,0,0,0,0,0,-2,0.5416666666666666,0.0,0.6363636363636364,0.3636363636363636,222500,7.23,20.48,,,48.8,45.83,"1회권은 25,000원, 패스 예약은 회당 단가 후보의 중간값 17,500원으로 계산한 참가자 결제 반응 추정 지표",숨명상센터안산트레킹오감명상,숨명상센터안산트레킹오감명상,100.0,exact_normalized,숨명상센터,안산 트레킹 오감 명상,2,11,16,8.0,8,8,0.6875,0.6875,0,0,0,0,0,2026-04-30,2026-05-03,0.6875,0.0,0.0,steady_middle
48,연희정음랜드마크명상흐름의슬로우빈야사,[연희정음|랜드마크] 명상 흐름의 슬로우 빈야사,연희정음,10,10,6,4,0,8,7,2,4.0,5.0,4.0,3.0,1.5,0,1,2,1,0,0,1,2,0.4444444444444444,0.2,0.6,0.4,205000,22.89,87.35,80.0,29.59,44.58,55.56,"1회권은 25,000원, 패스 예약은 회당 단가 후보의 중간값 17,500원으로 계산한 참가자 결제 반응 추정 지표",연희정음명상흐름의슬로우빈야사,연희정음명상흐름의슬로우빈야사,100.0,exact_normalized,연희정음,명상 흐름의 슬로우 빈야사,1,10,10,10.0,10,10,1.0,1.0,1,1,0,0,0,2026-04-25,2026-04-25,1.0,1.0,1.0,expand_or_repeat_candidate
49,대저택프라이빗연결하는사운드배스,[대저택프라이빗] 연결하는 사운드 배스,대저택프라이빗,10,10,8,2,0,7,7,1,5.0,5.0,5.0,5.0,6.0,0,0,1,1,0,1,0,3,0.4117647058823529,0.1,0.8,0.2,190000,31.33,64.46,100.0,92.86,32.53,58.82,"1회권은 25,000원, 패스 예약은 회당 단가 후보의 중간값 17,500원으로 계산한 참가자 결제 반응 추정 지표",대저택프라이빗연결하는사운드배스,대저택프라이빗연결하는사운드배스,100.0,exact_normalized,대저택프라이빗,연결하는 사운드 배스,1,10,10,10.0,10,10,1.0,1.0,1,1,0,0,0,2026-05-01,2026-05-01,1.0,1.0,1.0,small_capacity_or_niche_strength
50,비전스트롤콜라보옥상요가커피와요가,[비전스트롤 콜라보|옥상요가] 커피와 요가,비전스트롤 콜라보,10,9,6,3,0,7,7,1,5.0,5.0,5.0,5.0,3.0,0,0,1,1,0,1,0,3,0.4117647058823529,0.1,0.6,0.3,180000,31.33,64.46,100.0,68.37,27.71,58.82,"1회권은 25,000원, 패스 예약은 회당 단가 후보의 중간값 17,500원으로 계산한 참가자 결제 반응 추정 지표",비전스트롤콜라보커피와요가,비전스트롤콜라보커피와요가,100.0,exact_normalized,비전스트롤 콜라보,커피와 요가,1,10,10,10.0,10,10,1.0,1.0,1,1,0,0,0,2026-05-02,2026-05-02,1.0,1.0,1.0,small_capacity_or_niche_strength
51,연희정음랜드마크봄햇살아래나른한힐링요가,[연희정음|랜드마크] 봄햇살 아래 나른한 힐링요가,연희정음,10,10,6,4,0,22,19,1,4.7,5.0,5.0,4.0,1.0,0,1,1,1,0,1,0,-12,0.6875,0.1,0.6,0.4,205000,0.6,64.46,94.0,12.24,44.58,31.25,"1회권은 25,000원, 패스 예약은 회당 단가 후보의 중간값 17,500원으로 계산한 참가자 결제 반응 추정 지표",연희정음봄햇살아래나른한힐링요가,연희정음봄햇살아래나른한힐링요가,100.0,exact_normalized,연희정음,봄햇살 아래 나른한 힐링요가,1,10,10,10.0,10,10,1.0,1.0,1,1,0,0,0,2026-04-25,2026-04-25,1.0,1.0,1.0,small_capacity_or_niche_strength
52,연희정음랜드마크부드럽게비기너요가,[연희정음|랜드마크] 부드럽게 비기너요가,연희정음,10,9,7,2,0,7,6,1,5.0,5.0,5.0,5.0,1.0,0,0,1,1,0,0,1,3,0.4117647058823529,0.1,0.7,0.2,172500,31.33,64.46,100.0,12.24,23.49,58.82,"1회권은 25,000원, 패스 예약은 회당 단가 후보의 중간값 17,500원으로 계산한 참가자 결제 반응 추정 지표",연희정음부드럽게비기너요가,연희정음부드럽게비기너요가,100.0,exact_normalized,연희정음,부드럽게 비기너요가,1,10,10,10.0,10,10,1.0,1.0,1,1,0,0,0,2026-04-25,2026-04-25,1.0,1.0,1.0,small_capacity_or_niche_strength
53,대저택프라이빗tci기질검사로나를이해하고긍정감자키링만들기,"[대저택프라이빗] TCI 기질검사로 나를 이해하고, '긍정감자' 키링 만들기",대저택프라이빗,10,10,8,2,0,9,7,0,,,,,,0,0,0,0,0,0,0,1,0.4736842105263157,0.0,0.8,0.2,190000,14.46,20.48,,,32.53,52.63,"1회권은 25,000원, 패스 예약은 회당 단가 후보의 중간값 17,500원으로 계산한 참가자 결제 반응 추정 지표",대저택프라이빗TCI기질검사로나를이해하고긍정감자키링만들기,대저택프라이빗TCI기질검사로나를이해하고긍정감자키링만들기,100.0,exact_normalized,대저택프라이빗,"TCI 기질검사로 나를 이해하고, '긍정감자' 키링 만들기",1,10,10,10.0,10,10,1.0,1.0,1,1,0,0,0,2026-05-05,2026-05-05,1.0,1.0,1.0,small_capacity_or_niche_strength
54,대저택프라이빗핸드팬사운드스케이프일렁illung,[대저택프라이빗] 핸드팬 사운드스케이프 ‘일렁’ <Illung>,대저택프라이빗,10,10,10,0,0,12,12,0,,,,,,0,0,0,0,0,0,0,-2,0.5454545454545454,0.0,1.0,0.0,175000,7.23,20.48,,,25.9,45.45,"1회권은 25,000원, 패스 예약은 회당 단가 후보의 중간값 17,500원으로 계산한 참가자 결제 반응 추정 지표",대저택프라이빗핸드팬사운드스케이프일렁Illung,대저택프라이빗핸드팬사운드스케이프일렁Illung,100.0,exact_normalized,대저택프라이빗,핸드팬 사운드스케이프 ‘일렁’ <Illung>,1,10,10,10.0,10,10,1.0,1.0,1,1,0,0,0,2026-05-01,2026-05-01,1.0,1.0,1.0,small_capacity_or_niche_strength
55,마이트리하타집중,[마이트리] 하타 집중,마이트리,10,9,6,3,0,4,4,0,,,,,,0,0,0,0,0,0,0,6,0.2857142857142857,0.0,0.6,0.3,180000,55.42,20.48,,,27.71,71.43,"1회권은 25,000원, 패스 예약은 회당 단가 후보의 중간값 17,500원으로 계산한 참가자 결제 반응 추정 지표",마이트리하타집중,마이트리하타집중,100.0,exact_normalized,마이트리,하타 집중,3,10,15,5.0,5,5,0.6666666666666666,0.6,0,1,0,0,0,2026-04-22,2026-05-06,0.6666666666666666,0.0,0.3333333333333333,steady_middle
56,마인드플로우느긋하고자유로운흐름움직임명상,"[마인드플로우] 느긋하고 자유로운 흐름, 움직임 명상",마인드플로우,10,10,7,3,0,3,3,0,,,,,,0,0,0,0,0,0,0,7,0.2307692307692307,0.0,0.7,0.3,197500,62.65,20.48,,,38.55,76.92,"1회권은 25,000원, 패스 예약은 회당 단가 후보의 중간값 17,500원으로 계산한 참가자 결제 반응 추정 지표",마인드플로우느긋하고자유로운흐름움직임명상,마인드플로우느긋하고자유로운흐름움직임명상,100.0,exact_normalized,마인드플로우,"느긋하고 자유로운 흐름, 움직임 명상",1,10,11,11.0,11,11,0.9091,0.9091,0,1,0,0,0,2026-05-09,2026-05-09,0.9090909090909091,0.0,1.0,small_capacity_or_niche_strength
57,시이작깨어나는빈야사,[시이작] 깨어나는 빈야사,시이작,10,10,8,2,0,6,6,0,,,,,,0,0,0,0,0,0,0,4,0.375,0.0,0.8,0.2,190000,37.35,20.48,,,32.53,62.5,"1회권은 25,000원, 패스 예약은 회당 단가 후보의 중간값 17,500원으로 계산한 참가자 결제 반응 추정 지표",시이작깨어나는빈야사,시이작깨어나는빈야사,100.0,exact_normalized,시이작,깨어나는 빈야사,3,10,12,4.0,4,4,0.8333333333333334,1.0,2,2,0,0,0,2026-04-22,2026-05-06,0.8333333333333334,0.6666666666666666,0.6666666666666666,steady_middle
58,시이작연희스페셜tci기질검사로나를이해하고긍정감자키링만들기,"[시이작|연희스페셜] TCI 기질검사로 나를 이해하고, ‘긍정감자’ 키링 만들기",시이작,10,10,7,3,0,3,3,0,,,,,,0,0,0,0,0,0,0,7,0.2307692307692307,0.0,0.7,0.3,197500,62.65,20.48,,,38.55,76.92,"1회권은 25,000원, 패스 예약은 회당 단가 후보의 중간값 17,500원으로 계산한 참가자 결제 반응 추정 지표",시이작TCI기질검사로나를이해하고긍정감자키링만들기,시이작TCI기질검사로나를이해하고긍정감자키링만들기,100.0,exact_normalized,시이작,"TCI 기질검사로 나를 이해하고, ‘긍정감자’ 키링 만들기",1,10,10,10.0,10,10,1.0,1.0,1,1,0,0,0,2026-05-03,2026-05-03,1.0,1.0,1.0,small_capacity_or_niche_strength
59,시이작초급빈야사,[시이작] 초급 빈야사,시이작,10,10,8,2,0,17,17,0,,,,,,0,0,0,0,0,0,0,-7,0.6296296296296297,0.0,0.8,0.2,190000,1.81,20.48,,,32.53,37.04,"1회권은 25,000원, 패스 예약은 회당 단가 후보의 중간값 17,500원으로 계산한 참가자 결제 반응 추정 지표",시이작초급빈야사,시이작초급빈야사,100.0,exact_normalized,시이작,초급 빈야사,3,10,12,4.0,4,4,0.8333333333333334,1.0,2,2,0,0,0,2026-04-23,2026-05-07,0.8333333333333334,0.6666666666666666,0.6666666666666666,steady_middle
60,빅블루요가후굴의정렬,[빅블루요가] 후굴의 정렬,빅블루요가,9,9,3,6,0,3,3,3,5.0,5.0,5.0,5.0,4.333333333333333,0,2,1,2,0,1,2,6,0.25,0.3333333333333333,0.3333333333333333,0.6666666666666666,202500,55.42,94.57,100.0,88.78,42.17,75.0,"1회권은 25,000원, 패스 예약은 회당 단가 후보의 중간값 17,500원으로 계산한 참가자 결제 반응 추정 지표",빅블루요가후굴의정렬,빅블루요가후굴의정렬,100.0,exact_normalized,빅블루요가,후굴의 정렬,1,9,9,9.0,9,9,1.0,1.0,1,1,0,0,0,2026-05-05,2026-05-05,1.0,1.0,1.0,expand_or_repeat_candidate
61,빅블루요가연희스페셜정렬인텐시브견갑골집중,[빅블루요가|연희스페셜] 정렬 인텐시브: 견갑골 집중,빅블루요가,9,9,7,2,0,7,7,2,5.0,5.0,5.0,5.0,3.0,0,1,0,0,0,1,2,2,0.4375,0.2222222222222222,0.7777777777777778,0.2222222222222222,172500,22.89,87.95,100.0,68.37,23.49,56.25,"1회권은 25,000원, 패스 예약은 회당 단가 후보의 중간값 17,500원으로 계산한 참가자 결제 반응 추정 지표",빅블루요가정렬인텐시브견갑골집중,빅블루요가정렬인텐시브견갑골집중,100.0,exact_normalized,빅블루요가,정렬 인텐시브: 견갑골 집중,1,9,9,9.0,9,9,1.0,1.0,1,1,0,0,0,2026-05-02,2026-05-02,1.0,1.0,1.0,expand_or_repeat_candidate
62,마인드플로우연희스페셜몸으로하는선셋자애명상,[마인드플로우|연희스페셜] 몸으로 하는 선셋 자애 명상,마인드플로우,9,8,7,1,0,7,7,1,5.0,5.0,5.0,5.0,3.0,0,1,0,1,0,1,0,2,0.4375,0.1111111111111111,0.7777777777777778,0.1111111111111111,147500,22.89,68.08,100.0,68.37,16.27,56.25,"1회권은 25,000원, 패스 예약은 회당 단가 후보의 중간값 17,500원으로 계산한 참가자 결제 반응 추정 지표",마인드플로우몸으로하는선셋자애명상,마인드플로우몸으로하는선셋자애명상,100.0,exact_normalized,마인드플로우,몸으로 하는 선셋 자애 명상,1,9,9,9.0,9,9,1.0,1.0,1,1,0,0,0,2026-04-26,2026-04-26,1.0,1.0,1.0,small_capacity_or_niche_strength
63,마인드플로우움직임명상,[마인드플로우] 움직임명상,마인드플로우,9,9,7,2,0,8,8,1,5.0,5.0,5.0,5.0,7.0,0,0,0,1,0,1,0,1,0.4705882352941176,0.1111111111111111,0.7777777777777778,0.2222222222222222,172500,14.46,68.08,100.0,95.92,23.49,52.94,"1회권은 25,000원, 패스 예약은 회당 단가 후보의 중간값 17,500원으로 계산한 참가자 결제 반응 추정 지표",마인드플로우움직임명상,마인드플로우움직임명상,100.0,exact_normalized,마인드플로우,움직임명상,4,9,26,6.5,4,10,0.458325,0.41664999999999996,1,1,2,1,0,2026-04-22,2026-05-08,0.34615384615384615,0.25,0.25,demand_development_candidate
64,연남장호흡으로몰입하는아쉬탕가,[연남장] 호흡으로 몰입하는 아쉬탕가,연남장,9,7,1,6,0,3,3,1,5.0,5.0,5.0,5.0,1.0,0,0,0,0,0,1,0,6,0.25,0.1111111111111111,0.1111111111111111,0.6666666666666666,167500,55.42,68.08,100.0,12.24,20.48,75.0,"1회권은 25,000원, 패스 예약은 회당 단가 후보의 중간값 17,500원으로 계산한 참가자 결제 반응 추정 지표",연남장호흡으로몰입하는아쉬탕가,연남장호흡으로몰입하는아쉬탕가,100.0,exact_normalized,연남장,호흡으로 몰입하는 아쉬탕가,1,9,9,9.0,9,9,1.0,1.0,1,1,0,0,0,2026-05-05,2026-05-05,1.0,1.0,1.0,small_capacity_or_niche_strength
65,연희정음랜드마크빅블루의호흡회복요가,[연희정음|랜드마크] 빅블루의 호흡 회복 요가,연희정음,9,9,3,6,0,6,5,1,5.0,5.0,5.0,5.0,1.0,0,1,1,1,0,1,0,3,0.4,0.1111111111111111,0.3333333333333333,0.6666666666666666,202500,31.33,68.08,100.0,12.24,42.17,60.0,"1회권은 25,000원, 패스 예약은 회당 단가 후보의 중간값 17,500원으로 계산한 참가자 결제 반응 추정 지표",연희정음빅블루의호흡회복요가,연희정음빅블루의호흡회복요가,100.0,exact_normalized,연희정음,빅블루의 호흡 회복 요가,1,9,10,10.0,10,10,0.9,0.9,0,1,0,0,0,2026-04-26,2026-04-26,0.9,0.0,1.0,small_capacity_or_niche_strength
66,연희정음랜드마크핸드팬에잠기는저녁요가명상with칼레트,[연희정음|랜드마크] 핸드팬에 잠기는 저녁 요가 명상 with 칼레트,연희정음,8,7,5,2,0,6,6,3,5.0,5.0,5.0,5.0,2.0,0,2,3,3,0,3,2,2,0.4285714285714285,0.375,0.625,0.25,137500,22.89,95.18,100.0,45.92,12.65,57.14,"1회권은 25,000원, 패스 예약은 회당 단가 후보의 중간값 17,500원으로 계산한 참가자 결제 반응 추정 지표",연희정음핸드팬에잠기는저녁요가명상with칼레트,연희정음핸드팬에잠기는저녁요가명상with칼레트,100.0,exact_normalized,연희정음,핸드팬에 잠기는 저녁 요가 명상 with 칼레트,1,8,8,8.0,8,8,1.0,1.0,1,1,0,0,0,2026-04-25,2026-04-25,1.0,1.0,1.0,expand_or_repeat_candidate
67,대저택프라이빗gentlehathaflowinenglish,[대저택프라이빗] Gentle Hatha Flow in English,대저택프라이빗,8,8,6,2,0,6,6,2,3.5,4.5,3.0,3.0,2.0,0,1,2,2,0,1,1,2,0.4285714285714285,0.25,0.75,0.25,155000,22.89,88.56,70.0,45.92,18.67,57.14,"1회권은 25,000원, 패스 예약은 회당 단가 후보의 중간값 17,500원으로 계산한 참가자 결제 반응 추정 지표",대저택프라이빗GentleHathaFlowinEnglish,대저택프라이빗GentleHathaFlowinEnglish,100.0,exact_normalized,대저택프라이빗,Gentle Hatha Flow in English,1,8,8,8.0,8,8,1.0,1.0,1,1,0,0,0,2026-05-05,2026-05-05,1.0,1.0,1.0,expand_or_repeat_candidate
68,대저택프라이빗단단하게뿌리내리며자유롭게흐르는빈야사,[대저택프라이빗] 단단하게 뿌리 내리며 자유롭게 흐르는 빈야사,대저택프라이빗,8,8,7,1,0,3,3,1,3.3,4.0,3.0,3.0,2.0,0,0,1,1,0,0,0,5,0.2727272727272727,0.125,0.875,0.125,147500,45.18,70.78,66.0,45.92,16.27,72.73,"1회권은 25,000원, 패스 예약은 회당 단가 후보의 중간값 17,500원으로 계산한 참가자 결제 반응 추정 지표",대저택프라이빗단단하게뿌리내리며자유롭게흐르는빈야사,대저택프라이빗단단하게뿌리내리며자유롭게흐르는빈야사,100.0,exact_normalized,대저택프라이빗,단단하게 뿌리 내리며 자유롭게 흐르는 빈야사,1,8,8,8.0,8,8,1.0,1.0,1,1,0,0,0,2026-05-01,2026-05-01,1.0,1.0,1.0,expand_or_repeat_candidate
69,마이트리빈야사ad,[마이트리] 빈야사 AD,마이트리,8,8,7,1,0,4,4,1,5.0,5.0,5.0,5.0,8.0,0,0,1,1,0,1,1,4,0.3333333333333333,0.125,0.875,0.125,147500,37.35,70.78,100.0,98.98,16.27,66.67,"1회권은 25,000원, 패스 예약은 회당 단가 후보의 중간값 17,500원으로 계산한 참가자 결제 반응 추정 지표",마이트리빈야사AD,마이트리빈야사AD,100.0,exact_normalized,마이트리,빈야사 AD,2,8,10,5.0,5,5,0.8,0.8,0,2,0,0,0,2026-04-24,2026-05-08,0.8,0.0,1.0,steady_middle
70,빅블루요가연희스페셜정렬인텐시브고관절집중,[빅블루요가|연희스페셜] 정렬 인텐시브: 고관절 집중,빅블루요가,8,7,6,1,0,3,3,1,3.3,3.0,3.0,4.0,3.0,0,0,0,0,0,0,0,5,0.2727272727272727,0.125,0.75,0.125,130000,45.18,70.78,66.0,68.37,10.84,72.73,"1회권은 25,000원, 패스 예약은 회당 단가 후보의 중간값 17,500원으로 계산한 참가자 결제 반응 추정 지표",빅블루요가정렬인텐시브고관절집중,빅블루요가정렬인텐시브고관절집중,100.0,exact_normalized,빅블루요가,정렬 인텐시브: 고관절 집중,1,8,8,8.0,8,8,1.0,1.0,1,1,0,0,0,2026-05-01,2026-05-01,1.0,1.0,1.0,expand_or_repeat_candidate
71,대저택프라이빗봄햇살아래나른한힐링요가,[대저택프라이빗] 봄햇살 아래 나른한 힐링요가,대저택프라이빗,8,7,1,6,0,0,0,0,,,,,,0,0,0,0,0,0,0,8,0.0,0.0,0.125,0.75,167500,67.47,20.48,,,20.48,100.0,"1회권은 25,000원, 패스 예약은 회당 단가 후보의 중간값 17,500원으로 계산한 참가자 결제 반응 추정 지표",대저택프라이빗봄햇살아래나른한힐링요가,대저택프라이빗봄햇살아래나른한힐링요가,100.0,exact_normalized,대저택프라이빗,봄햇살 아래 나른한 힐링요가,1,8,8,8.0,8,8,1.0,1.0,1,1,0,0,0,2026-05-05,2026-05-05,1.0,1.0,1.0,small_capacity_or_niche_strength
72,시이작테라피쉬운요가,[시이작] 테라피 쉬운 요가,시이작,8,8,8,0,0,3,3,0,,,,,,0,0,0,0,0,0,0,5,0.2727272727272727,0.0,1.0,0.0,140000,45.18,20.48,,,13.86,72.73,"1회권은 25,000원, 패스 예약은 회당 단가 후보의 중간값 17,500원으로 계산한 참가자 결제 반응 추정 지표",시이작테라피쉬운요가,시이작테라피쉬운요가,100.0,exact_normalized,시이작,테라피 쉬운 요가,2,8,8,4.0,4,4,1.0,1.0,2,2,0,0,0,2026-04-28,2026-05-05,1.0,1.0,1.0,small_capacity_or_niche_strength
73,연남장커뮤니티허브숨비소리사운드리추얼,[연남장|커뮤니티허브] 숨비소리 사운드 리추얼,연남장,8,8,2,6,0,7,7,0,,,,,,0,0,0,0,0,0,0,1,0.4666666666666667,0.0,0.25,0.75,185000,14.46,20.48,,,29.52,53.33,"1회권은 25,000원, 패스 예약은 회당 단가 후보의 중간값 17,500원으로 계산한 참가자 결제 반응 추정 지표",연남장숨비소리사운드리추얼,연남장숨비소리사운드리추얼,100.0,exact_normalized,연남장,숨비소리 사운드 리추얼,1,8,20,20.0,20,20,0.4,0.4,0,0,1,0,0,2026-04-26,2026-04-26,0.4,0.0,0.0,demand_development_candidate
74,빅블루요가연희스페셜호흡어드밴스숨의리듬익히기,[빅블루요가|연희스페셜] 호흡어드밴스 : 숨의 리듬 익히기,빅블루요가,7,7,6,1,0,2,2,1,5.0,5.0,5.0,5.0,3.0,0,0,1,1,0,1,1,5,0.2222222222222222,0.1428571428571428,0.8571428571428571,0.1428571428571428,130000,45.18,72.59,100.0,68.37,10.84,77.78,"1회권은 25,000원, 패스 예약은 회당 단가 후보의 중간값 17,500원으로 계산한 참가자 결제 반응 추정 지표",빅블루요가호흡어드밴스숨의리듬익히기,빅블루요가호흡어드밴스숨의리듬익히기,100.0,exact_normalized,빅블루요가,호흡어드밴스 : 숨의 리듬 익히기,1,7,7,7.0,7,7,1.0,1.0,1,1,0,0,0,2026-04-25,2026-04-25,1.0,1.0,1.0,expand_or_repeat_candidate
75,대저택프라이빗친해지고싶은사람과함께하는파트너링요가,[대저택프라이빗] 친해지고 싶은 사람과 함께 하는 파트너링 요가,대저택프라이빗,6,4,1,3,0,0,0,0,,,,,,0,0,0,0,0,0,0,6,0.0,0.0,0.1666666666666666,0.5,92500,55.42,20.48,,,6.63,100.0,"1회권은 25,000원, 패스 예약은 회당 단가 후보의 중간값 17,500원으로 계산한 참가자 결제 반응 추정 지표",대저택프라이빗친해지고싶은사람과함께하는파트너링요가,대저택프라이빗친해지고싶은사람과함께하는파트너링요가,100.0,exact_normalized,대저택프라이빗,친해지고 싶은 사람과 함께 하는 파트너링 요가,1,6,6,6.0,6,6,1.0,1.0,1,1,0,0,0,2026-05-01,2026-05-01,1.0,1.0,1.0,small_capacity_or_niche_strength
76,마인드플로우차근차근기본을다지는비기너요가,[마인드플로우] 차근차근 기본을 다지는 비기너 요가,마인드플로우,6,6,4,2,0,9,9,0,,,,,,0,0,0,0,0,0,0,-3,0.6,0.0,0.6666666666666666,0.3333333333333333,120000,5.42,20.48,,,9.04,40.0,"1회권은 25,000원, 패스 예약은 회당 단가 후보의 중간값 17,500원으로 계산한 참가자 결제 반응 추정 지표",마인드플로우차근차근기본을다지는비기너요가,마인드플로우차근차근기본을다지는비기너요가,100.0,exact_normalized,마인드플로우,차근차근 기본을 다지는 비기너 요가,1,6,6,6.0,6,6,1.0,1.0,1,1,0,0,0,2026-05-09,2026-05-09,1.0,1.0,1.0,small_capacity_or_niche_strength
77,숨명상센터몸을깨우는액티브명상,[숨명상센터] 몸을 깨우는 액티브 명상,숨명상센터,6,5,3,2,0,1,1,0,,,,,,0,0,0,0,0,0,0,5,0.1428571428571428,0.0,0.5,0.3333333333333333,102500,45.18,20.48,,,7.83,85.71,"1회권은 25,000원, 패스 예약은 회당 단가 후보의 중간값 17,500원으로 계산한 참가자 결제 반응 추정 지표",숨명상센터몸을깨우는액티브명상,숨명상센터몸을깨우는액티브명상,100.0,exact_normalized,숨명상센터,몸을 깨우는 액티브 명상,1,6,6,6.0,6,6,1.0,1.0,1,1,0,0,0,2026-05-05,2026-05-05,1.0,1.0,1.0,small_capacity_or_niche_strength
78,숨명상센터숙면을위한바디스캔,[숨명상센터] 숙면을 위한 바디스캔,숨명상센터,5,5,5,0,0,4,4,0,,,,,,0,0,0,0,0,0,0,1,0.4444444444444444,0.0,1.0,0.0,87500,14.46,20.48,,,5.42,55.56,"1회권은 25,000원, 패스 예약은 회당 단가 후보의 중간값 17,500원으로 계산한 참가자 결제 반응 추정 지표",숨명상센터숙면을위한바디스캔,숨명상센터숙면을위한바디스캔,100.0,exact_normalized,숨명상센터,숙면을 위한 바디스캔,1,5,6,6.0,6,6,0.8333,0.8333,0,1,0,0,0,2026-04-28,2026-04-28,0.8333333333333334,0.0,1.0,steady_middle
79,연희정음랜드마크예술명상콘서트피아노기타연주와그림감상을하며마음에스며드는명상콘서트,"[연희정음|랜드마크] 예술 명상 콘서트-피아노 기타 연주와 그림 감상을 하며, 마음에 스며드는 명상 콘서트",연희정음,4,3,1,2,0,2,2,0,,,,,,0,0,0,0,0,0,0,2,0.3333333333333333,0.0,0.25,0.5,67500,22.89,20.48,,,4.22,66.67,"1회권은 25,000원, 패스 예약은 회당 단가 후보의 중간값 17,500원으로 계산한 참가자 결제 반응 추정 지표",연희정음예술명상콘서트피아노기타연주와그림감상을하며마음에스며드는명상콘서트,연희정음예술명상콘서트피아노기타연주와그림감상을하며마음에스며드는명상콘서트,100.0,exact_normalized,연희정음,"예술 명상 콘서트-피아노 기타 연주와 그림 감상을 하며, 마음에 스며드는 명상 콘서트",1,4,20,20.0,20,20,0.2,0.2,0,0,1,0,0,2026-04-26,2026-04-26,0.2,0.0,0.0,demand_development_candidate
80,연희정음핸드팬사운드스케이프일렁,[연희정음] 핸드팬 사운드스케이프 '일렁',연희정음,2,2,2,0,0,1,1,0,,,,,,0,0,0,0,0,0,0,1,0.3333333333333333,0.0,1.0,0.0,35000,14.46,20.48,,,3.01,66.67,"1회권은 25,000원, 패스 예약은 회당 단가 후보의 중간값 17,500원으로 계산한 참가자 결제 반응 추정 지표",연희정음핸드팬사운드스케이프일렁,연희정음핸드팬사운드스케이프일렁,100.0,exact_normalized,연희정음,핸드팬 사운드스케이프 '일렁',1,2,15,15.0,15,15,0.1333,0.1333,0,0,1,0,0,2026-04-26,2026-04-26,0.13333333333333333,0.0,0.0,demand_development_candidate
81,시이작어린이날키즈요가나는무엇이든될수있다동물요가5세8세,[시이작|어린이날 키즈요가] 나는 무엇이든 될 수 있다! 동물요가(5세~8세),시이작,0,0,0,0,0,6,5,0,,,,,,0,0,0,0,0,0,0,-6,1.0,0.0,0.0,0.0,0,3.61,20.48,,,1.2,0.0,"1회권은 25,000원, 패스 예약은 회당 단가 후보의 중간값 17,500원으로 계산한 참가자 결제 반응 추정 지표",시이작나는무엇이든될수있다동물요가,시이작나는무엇이든될수있다동물요가,100.0,exact_normalized,시이작,나는 무엇이든 될 수 있다! 동물요가(5세~8세),1,0,9,9.0,9,9,0.0,0.0,0,0,1,1,0,2026-05-05,2026-05-05,0.0,0.0,0.0,demand_development_candidate
82,연남장커뮤니티허브무료요가음악디제잉파티,[연남장|커뮤니티허브] (무료) 요가음악 디제잉 파티,연남장,0,0,0,0,0,6,6,0,,,,,,0,0,0,0,0,0,0,-6,1.0,0.0,0.0,0.0,0,3.61,20.48,,,1.2,0.0,"1회권은 25,000원, 패스 예약은 회당 단가 후보의 중간값 17,500원으로 계산한 참가자 결제 반응 추정 지표",연남장요가음악디제잉파티,연남장요가음악디제잉파티,100.0,exact_normalized,연남장,(무료) 요가음악 디제잉 파티,1,0,1,1.0,1,1,0.0,0.0,0,0,1,1,0,2026-05-05,2026-05-05,0.0,0.0,0.0,demand_development_candidate
