source_file,source_sheet,source_cell,date_label,class_date,start_time,end_time,location_text,class_title_text,instructor_text,capacity,raw_entry,needs_review
program_obud_delivery.xlsx,0322_연희축제프로그램,R6C1,2026. 4. 20. 월,2026-04-20,07:00,,시이작,아쉬탕가 풀프라이머리(90분),준형,4,"07:00
[시이작]
 아쉬탕가 풀프라이머리(90분)
- 준형
정원 4명",False
program_obud_delivery.xlsx,0322_연희축제프로그램,R7C1,2026. 4. 20. 월,2026-04-20,10:00,,빅블루요가,정렬 에센스(80분),환 (정원 5명),5,"10:00
[빅블루요가]
정렬 에센스(80분)
-환 (정원 5명)",False
program_obud_delivery.xlsx,0322_연희축제프로그램,R8C1,2026. 4. 20. 월,2026-04-20,10:30,,마인드플로우,비기너요가(60분),유미,10,"10:30
[마인드플로우]
비기너요가(60분)
-유미
정원 10명",False
program_obud_delivery.xlsx,0322_연희축제프로그램,R9C1,2026. 4. 20. 월,2026-04-20,11:50,,마이트리,테라피(60분),성욱 -정원 5명,5,"11:50
[마이트리]
테라피(60분)
-성욱 -정원 5명",False
program_obud_delivery.xlsx,0322_연희축제프로그램,R10C1,2026. 4. 20. 월,2026-04-20,18:30,,시이작,깨어나는 하타 (60분),준호,4,"18:30
[시이작]
깨어나는 하타 (60분)
- 준호
정원 4명",False
program_obud_delivery.xlsx,0322_연희축제프로그램,R11C1,2026. 4. 20. 월,2026-04-20,18:30,,마인드플로우,비기너요가(60분),유미,10,"18:30
[마인드플로우]
비기너요가(60분)
-유미
정원 10명",False
program_obud_delivery.xlsx,0322_연희축제프로그램,R12C1,2026. 4. 20. 월,2026-04-20,19:00,,빅블루요가,호흡 리커버리 (70분),환 (정원 5명),5,"19:00
[빅블루요가]
호흡 리커버리 (70분)
-환 (정원 5명)",False
program_obud_delivery.xlsx,0322_연희축제프로그램,R13C1,2026. 4. 20. 월,2026-04-20,19:00,,마이트리,하타 (60분),마이트리 성욱 -정원5명,5,"19:00
[마이트리]
하타 (60분)
-마이트리 성욱 -정원5명",False
program_obud_delivery.xlsx,0322_연희축제프로그램,R14C1,2026. 4. 20. 월,2026-04-20,20:00,,마인드플로우,빈야사요가(60분),유미 정원 10명,10,"20:00
[마인드플로우]
빈야사요가(60분)
-유미 정원 10명",False
program_obud_delivery.xlsx,0322_연희축제프로그램,R15C1,2026. 4. 20. 월,2026-04-20,20:30,,마이트리,테라피(60분),마이트리 성욱 -정원5명,5,"20:30
[마이트리]
테라피(60분)
-마이트리 성욱 -정원5명",False
program_obud_delivery.xlsx,0322_연희축제프로그램,R6C2,2026. 4. 21.화,2026-04-21,07:00,,마이트리,하타(60분),성욱 -정원5명,5,"07:00
[마이트리]
하타(60분)
-성욱 -정원5명",False
program_obud_delivery.xlsx,0322_연희축제프로그램,R7C2,2026. 4. 21.화,2026-04-21,08:45,,시이작,테라피 요가(60분),준형,4,"08:45
[시이작]
테라피 요가(60분)
- 준형
정원 4명",False
program_obud_delivery.xlsx,0322_연희축제프로그램,R8C2,2026. 4. 21.화,2026-04-21,10:00,,빅블루요가,호흡 리커버리 (80분),환 (정원 5명),5,"10:00
[빅블루요가]
호흡 리커버리 (80분)
-환 (정원 5명)",False
program_obud_delivery.xlsx,0322_연희축제프로그램,R9C2,2026. 4. 21.화,2026-04-21,10:30,,마인드플로우,빈야사요가(60분),유미 정원 10명,10,"10:30
[마인드플로우]
빈야사요가(60분)
-유미 정원 10명",False
program_obud_delivery.xlsx,0322_연희축제프로그램,R10C2,2026. 4. 21.화,2026-04-21,11:00,,숨명상센터,향과 소리로 깨우는 오감 명상 (60분),수지 (정원 8명),8,"11:00
[숨명상센터]
향과 소리로 깨우는 오감 명상 (60분)
-수지 (정원 8명)",False
program_obud_delivery.xlsx,0322_연희축제프로그램,R11C2,2026. 4. 21.화,2026-04-21,18:30,,시이작,땀나는 아쉬탕가(60분),준형,4,"18:30
[시이작]
땀나는 아쉬탕가(60분)
-준형
정원 4명",False
program_obud_delivery.xlsx,0322_연희축제프로그램,R12C2,2026. 4. 21.화,2026-04-21,18:30,,마인드플로우,빈야사요가(60분),유미 정원 10명,10,"18:30
[마인드플로우]
빈야사요가(60분)
-유미 정원 10명",False
program_obud_delivery.xlsx,0322_연희축제프로그램,R13C2,2026. 4. 21.화,2026-04-21,19:00,,마이트리,얼라인 요가 (60분),준아 -정원5명,5,"19:00
[마이트리]
얼라인 요가 (60분)
-준아 -정원5명",False
program_obud_delivery.xlsx,0322_연희축제프로그램,R14C2,2026. 4. 21.화,2026-04-21,19:00,,빅블루요가,정렬 에센스(80분),환 (정원 5명),5,"19:00
[빅블루요가]
정렬 에센스(80분)
-환 (정원 5명)",False
program_obud_delivery.xlsx,0322_연희축제프로그램,R15C2,2026. 4. 21.화,2026-04-21,19:50,,시이작,땀나는 하타(60분),수인,4,"19:50
[시이작]
땀나는 하타(60분)
-수인
정원 4명",False
program_obud_delivery.xlsx,0322_연희축제프로그램,R16C2,2026. 4. 21.화,2026-04-21,20:00,,마인드플로우,비기너요가(60분),유미 정원 10명,10,"20:00
[마인드플로우]
비기너요가(60분)
-유미 정원 10명",False
program_obud_delivery.xlsx,0322_연희축제프로그램,R17C2,2026. 4. 21.화,2026-04-21,20:30,,마이트리,빈야사 (60분),준아 -정원5명,5,"20:30
[마이트리]
빈야사 (60분)
-준아 -정원5명",False
program_obud_delivery.xlsx,0322_연희축제프로그램,R6C3,2026. 4. 22.수,2026-04-22,07:00,,시이작,땀나는 아쉬탕가(60분),준형,4,"07:00
[시이작]
땀나는 아쉬탕가(60분)
-준형
정원 4명",False
program_obud_delivery.xlsx,0322_연희축제프로그램,R7C3,2026. 4. 22.수,2026-04-22,10:00,,빅블루요가,정렬 에센스(80분),환 (정원 5명),5,"10:00
[빅블루요가]
정렬 에센스(80분)
-환 (정원 5명)",False
program_obud_delivery.xlsx,0322_연희축제프로그램,R8C3,2026. 4. 22.수,2026-04-22,10:30,,마인드플로우,하타요가(60분),유미 정원 10명,10,"10:30
[마인드플로우]
하타요가(60분)
-유미 정원 10명",False
program_obud_delivery.xlsx,0322_연희축제프로그램,R9C3,2026. 4. 22.수,2026-04-22,11:50,,마이트리,빈야사 (60분),성욱 -정원5명,5,"11:50
[마이트리]
빈야사 (60분)
-성욱 -정원5명",False
program_obud_delivery.xlsx,0322_연희축제프로그램,R10C3,2026. 4. 22.수,2026-04-22,12:00,,시이작,숨쉬는 테라피(60분),수인,4,"12:00
[시이작]
숨쉬는 테라피(60분)
-수인
정원 4명",False
program_obud_delivery.xlsx,0322_연희축제프로그램,R11C3,2026. 4. 22.수,2026-04-22,18:30,,시이작,깨어나는 빈야사(60분),예진,4,"18:30
[시이작]
깨어나는 빈야사(60분)
-예진
정원 4명",False
program_obud_delivery.xlsx,0322_연희축제프로그램,R12C3,2026. 4. 22.수,2026-04-22,18:30,,마인드플로우,움직임명상(60분),유미 정원 10명,10,"18:30
[마인드플로우]
움직임명상(60분)
-유미 정원 10명",False
program_obud_delivery.xlsx,0322_연희축제프로그램,R13C3,2026. 4. 22.수,2026-04-22,19:00,,마이트리,하타 요가 (60분),연우 -정원 5명,5,"19:00
[마이트리]
하타 요가 (60분)
-연우 -정원 5명",False
program_obud_delivery.xlsx,0322_연희축제프로그램,R14C3,2026. 4. 22.수,2026-04-22,19:00,,너울너울,"소매틱뮤직,‘Handpan Doodle’ (60분)",미지수,5,"19:00
[너울너울]
소매틱뮤직,‘Handpan Doodle’ (60분)
-미지수
정원 5명",False
program_obud_delivery.xlsx,0322_연희축제프로그램,R15C3,2026. 4. 22.수,2026-04-22,19:00,,빅블루요가,호흡 리커버리 (70분),환 (정원 5명),5,"19:00
[빅블루요가]
호흡 리커버리 (70분)
-환 (정원 5명)",False
program_obud_delivery.xlsx,0322_연희축제프로그램,R16C3,2026. 4. 22.수,2026-04-22,19:50,,시이작,다독이는 인요가(60분),예진,4,"19:50
[시이작]
다독이는 인요가(60분)
-예진
정원 4명",False
program_obud_delivery.xlsx,0322_연희축제프로그램,R17C3,2026. 4. 22.수,2026-04-22,20:00,,마인드플로우,하타요가(60분),유미 정원 10명,10,"20:00
[마인드플로우]
하타요가(60분)
-유미 정원 10명",False
program_obud_delivery.xlsx,0322_연희축제프로그램,R18C3,2026. 4. 22.수,2026-04-22,20:30,,마이트리,아쉬탕가 (60분),연우 -정원5명,5,"20:30
[마이트리]
아쉬탕가 (60분)
-연우 -정원5명",False
program_obud_delivery.xlsx,0322_연희축제프로그램,R6C4,2026. 4. 23.목,2026-04-23,07:00,,시이작,초급 빈야사(60분),준형,4,"07:00
[시이작]
초급 빈야사(60분)
-준형
정원 4명",False
program_obud_delivery.xlsx,0322_연희축제프로그램,R7C4,2026. 4. 23.목,2026-04-23,07:00,,마이트리,빈야사 (60분),성욱 - 정원5명,5,"07:00
[마이트리]
빈야사 (60분)
-성욱 - 정원5명",False
program_obud_delivery.xlsx,0322_연희축제프로그램,R8C4,2026. 4. 23.목,2026-04-23,10:00,,마이트리,하타베이직 (60분),성욱 -정원5명,5,"10:00
[마이트리]
하타베이직 (60분)
- 성욱 -정원5명",False
program_obud_delivery.xlsx,0322_연희축제프로그램,R9C4,2026. 4. 23.목,2026-04-23,10:00,,빅블루요가,호흡 리커버리 (80분),환 (정원 5명),5,"10:00
[빅블루요가]
호흡 리커버리 (80분)
-환 (정원 5명)",False
program_obud_delivery.xlsx,0322_연희축제프로그램,R10C4,2026. 4. 23.목,2026-04-23,10:30,,마인드플로우,빈야사요가(60분),보람 정원 10명,10,"10:30
[마인드플로우]
빈야사요가(60분)
- 보람 정원 10명",False
program_obud_delivery.xlsx,0322_연희축제프로그램,R11C4,2026. 4. 23.목,2026-04-23,12:00,,시이작,땀나는 하타 (60분),수인,4,"12:00
[시이작]
땀나는 하타 (60분)
-수인
정원 4명",False
program_obud_delivery.xlsx,0322_연희축제프로그램,R12C4,2026. 4. 23.목,2026-04-23,14:00,,숨명상센터,향과 소리로 깨우는 오감 명상 (60분),숨명상센터 수지 (정원 8명),8,"14:00
[숨명상센터]
향과 소리로 깨우는 오감 명상 (60분)
-숨명상센터 수지 (정원 8명)",False
program_obud_delivery.xlsx,0322_연희축제프로그램,R13C4,2026. 4. 23.목,2026-04-23,17:00,,너울너울,"소매틱뮤직,‘Handpan Doodle’ (60분)",미지수,5,"17:00
[너울너울]
소매틱뮤직,‘Handpan Doodle’ (60분)
-미지수
정원 5명",False
program_obud_delivery.xlsx,0322_연희축제프로그램,R14C4,2026. 4. 23.목,2026-04-23,18:30,,시이작,땀나는 빈야사(60분),준형,4,"18:30
[시이작]
땀나는 빈야사(60분)
-준형
정원 4명",False
program_obud_delivery.xlsx,0322_연희축제프로그램,R15C4,2026. 4. 23.목,2026-04-23,18:30,,마인드플로우,빈야사요가(60분),유미 정원 10명,10,"18:30
[마인드플로우]
빈야사요가(60분)
-유미 정원 10명",False
program_obud_delivery.xlsx,0322_연희축제프로그램,R16C4,2026. 4. 23.목,2026-04-23,19:00,,너울너울,"소매틱뮤직,‘Handpan Doodle’ (60분)",미지수,5,"19:00
[너울너울]
소매틱뮤직,‘Handpan Doodle’ (60분)
-미지수
정원 5명",False
program_obud_delivery.xlsx,0322_연희축제프로그램,R17C4,2026. 4. 23.목,2026-04-23,19:00,,빅블루요가,정렬 에센스(80분),환 (정원 5명),5,"19:00
[빅블루요가]
정렬 에센스(80분)
-환 (정원 5명)",False
program_obud_delivery.xlsx,0322_연희축제프로그램,R18C4,2026. 4. 23.목,2026-04-23,19:00,,마이트리,테라피 (60분),준아 -정원5명,5,"19:00
[마이트리]
테라피 (60분)
-준아 -정원5명",False
program_obud_delivery.xlsx,0322_연희축제프로그램,R19C4,2026. 4. 23.목,2026-04-23,19:30,,숨명상센터,향과 소리로 깨우는 오감 명상 (60분),숨명상센터 수지 (정원 8명),8,"19:30
[숨명상센터]
향과 소리로 깨우는 오감 명상 (60분)
-숨명상센터 수지 (정원 8명)",False
program_obud_delivery.xlsx,0322_연희축제프로그램,R20C4,2026. 4. 23.목,2026-04-23,19:50,,시이작,땀나는 아쉬탕가(60분),준형,4,"19:50
[시이작]
땀나는 아쉬탕가(60분)
-준형
정원 4명",False
program_obud_delivery.xlsx,0322_연희축제프로그램,R21C4,2026. 4. 23.목,2026-04-23,20:00,,마인드플로우,비기너요가(60분),유미 정원 10명,10,"20:00
[마인드플로우]
비기너요가(60분)
-유미 정원 10명",False
program_obud_delivery.xlsx,0322_연희축제프로그램,R22C4,2026. 4. 23.목,2026-04-23,20:30,,마이트리,빈야사 어드밴스(60분),준아 -정원5명,5,"20:30
[마이트리]
빈야사 어드밴스(60분)
-준아 -정원5명",False
program_obud_delivery.xlsx,0322_연희축제프로그램,R6C5,2026. 4. 24.금,2026-04-24,08:45,,시이작,땀나는 빈야사(60분),준형,4,"08:45
[시이작]
땀나는 빈야사(60분)
-준형
정원 4명",False
program_obud_delivery.xlsx,0322_연희축제프로그램,R7C5,2026. 4. 24.금,2026-04-24,10:00,,빅블루요가,정렬 에센스(80분),환 (정원 5명),5,"10:00
[빅블루요가]
정렬 에센스(80분)
-환 (정원 5명)",False
program_obud_delivery.xlsx,0322_연희축제프로그램,R8C5,2026. 4. 24.금,2026-04-24,10:30,,마인드플로우,비기너요가(60분),유미 정원 10명,10,"10:30
[마인드플로우]
비기너요가(60분)
-유미 정원 10명",False
program_obud_delivery.xlsx,0322_연희축제프로그램,R9C5,2026. 4. 24.금,2026-04-24,11:50,,마이트리,하타(60분),지바나 정원5명,5,"11:50
[마이트리]
하타(60분)
-지바나 정원5명",False
program_obud_delivery.xlsx,0322_연희축제프로그램,R10C5,2026. 4. 24.금,2026-04-24,17:00,,너울너울,"소매틱뮤직,‘Handpan Doodle’ (60분)",미지수,5,"17:00
[너울너울]
소매틱뮤직,‘Handpan Doodle’ (60분)
-미지수
정원 5명",False
program_obud_delivery.xlsx,0322_연희축제프로그램,R11C5,2026. 4. 24.금,2026-04-24,18:30,,시이작,다독이는 인요가(60분),예진,4,"18:30
[시이작]
다독이는 인요가(60분)
-예진
정원 4명",False
program_obud_delivery.xlsx,0322_연희축제프로그램,R12C5,2026. 4. 24.금,2026-04-24,18:30,,마인드플로우,하타요가(60분),고은 정원 10명,10,"18:30
[마인드플로우]
하타요가(60분)
- 고은 정원 10명",False
program_obud_delivery.xlsx,0322_연희축제프로그램,R13C5,2026. 4. 24.금,2026-04-24,19:00,,마이트리,아쉬탕가 (60분),연우 정원5명,5,"19:00
[마이트리]
아쉬탕가 (60분)
-연우 정원5명",False
program_obud_delivery.xlsx,0322_연희축제프로그램,R14C5,2026. 4. 24.금,2026-04-24,19:00,,너울너울,"소매틱뮤직,‘Handpan Doodle’ (60분)",미지수,5,"19:00
[너울너울]
소매틱뮤직,‘Handpan Doodle’ (60분)
-미지수
정원 5명",False
program_obud_delivery.xlsx,0322_연희축제프로그램,R15C5,2026. 4. 24.금,2026-04-24,19:50,,시이작,땀나는 빈야사(60분),준형,4,"19:50
[시이작]
땀나는 빈야사(60분)
-준형
정원 4명",False
program_obud_delivery.xlsx,0322_연희축제프로그램,R16C5,2026. 4. 24.금,2026-04-24,20:00,,마인드플로우,빈야사요가(60분),고은 정원 10명,10,"20:00
[마인드플로우]
빈야사요가(60분)
-고은 정원 10명",False
program_obud_delivery.xlsx,0322_연희축제프로그램,R17C5,2026. 4. 24.금,2026-04-24,20:30,,마이트리,테라피 (60분),연우 - 정원5명,5,"20:30
[마이트리]
테라피 (60분)
-연우 - 정원5명",False
program_obud_delivery.xlsx,0322_연희축제프로그램,R6C6,2026. 4. 25.토,2026-04-25,10:00,,연희정음|랜드마크,부드럽게 비기너 요가(60분),글래스파빌리온 마인드플로우 유미,15,"10:00
[연희정음|랜드마크]
부드럽게 비기너 요가(60분)
-글래스파빌리온 마인드플로우 유미 
정원 15명",False
program_obud_delivery.xlsx,0322_연희축제프로그램,R7C6,2026. 4. 25.토,2026-04-25,10:00,,빅블루요가,호흡 리커버리 : 안정된 숨 쉬기 (80분),환 (정원 5명),5,"10:00
[빅블루요가]
호흡 리커버리 : 안정된 숨 쉬기 (80분)
-환 (정원 5명)",False
program_obud_delivery.xlsx,0322_연희축제프로그램,R8C6,2026. 4. 25.토,2026-04-25,11:00,,마이트리,빈야사 (60분),성욱 - 정원5명,5,"11:00
[마이트리]
빈야사 (60분)
-성욱 - 정원5명",False
program_obud_delivery.xlsx,0322_연희축제프로그램,R9C6,2026. 4. 25.토,2026-04-25,12:00,,연희정음|랜드마크,무릉 엠비언트 콘서트,글래스파빌리온 무릉 숨비소리,15,"12:00
[연희정음|랜드마크]
무릉 엠비언트 콘서트
-글래스파빌리온 무릉 숨비소리
정원 15명",False
program_obud_delivery.xlsx,0322_연희축제프로그램,R10C6,2026. 4. 25.토,2026-04-25,14:00,,연희정음|랜드마크,봄햇살 아래 나른한 힐링요가(60분),글래스파빌리온 시이작 수인,15,"14:00
[연희정음|랜드마크]
봄햇살 아래 나른한 힐링요가(60분)
-글래스파빌리온  시이작 수인
정원 15명",False
program_obud_delivery.xlsx,0322_연희축제프로그램,R11C6,2026. 4. 25.토,2026-04-25,14:00,,,비트박스 배우기(60분),빅블루요가 환 (정원 10명),10,"14:00
비트박스 배우기(60분)
-빅블루요가 환 (정원 10명)",False
program_obud_delivery.xlsx,0322_연희축제프로그램,R12C6,2026. 4. 25.토,2026-04-25,16:00,,연희정음|랜드마크,명상 흐름의 슬로우 빈야사(60분),글래스파빌리온 마인드플로우 고은,15,"16:00
[연희정음|랜드마크]
 명상 흐름의 슬로우 빈야사(60분)
-글래스파빌리온 마인드플로우 고은
정원 15명",False
program_obud_delivery.xlsx,0322_연희축제프로그램,R13C6,2026. 4. 25.토,2026-04-25,18:00,,연희정음|랜드마크,핸드팬 메디테이션 & 요가 (60분),연희정음 시이작 준형 / 마고사운드,15,"18:00
[연희정음|랜드마크]
핸드팬 메디테이션 & 요가 (60분)
-연희정음 시이작 준형 / 마고사운드
정원 15명",False
program_obud_delivery.xlsx,0322_연희축제프로그램,R6C7,2026. 4. 26.일,2026-04-26,10:00,,연남장|커뮤니티허브,차근차근 몸을 깨우는 하타 요가(60분),마인드플로우 유미,30,"10:00
[연남장|커뮤니티허브]
차근차근 몸을 깨우는 하타 요가(60분)
-마인드플로우 유미
정원 : 30명",False
program_obud_delivery.xlsx,0322_연희축제프로그램,R7C7,2026. 4. 26.일,2026-04-26,10:00,,연희정음|랜드마크,요가 (60분),환 (정원 5명),5,"10:00
[연희정음|랜드마크]
요가 (60분)
-환 (정원 5명)",False
program_obud_delivery.xlsx,0322_연희축제프로그램,R8C7,2026. 4. 26.일,2026-04-26,12:00,,연희정음|랜드마크,무릉 엠비언트 콘서트,연희정음 3층 무릉 숨비소리,20,"12:00
[연희정음|랜드마크]
무릉 엠비언트 콘서트
-연희정음 3층 무릉 숨비소리
정원 20명",False
program_obud_delivery.xlsx,0322_연희축제프로그램,R9C7,2026. 4. 26.일,2026-04-26,12:00,,연남장|커뮤니티허브,초급 아쉬탕가-베지어트 이벤트 클래스(60분),연남장 시이작 준형,30,"12:00
[연남장|커뮤니티허브]
초급 아쉬탕가-베지어트 이벤트 클래스(60분)
-연남장 시이작 준형
정원 30명",False
program_obud_delivery.xlsx,0322_연희축제프로그램,R10C7,2026. 4. 26.일,2026-04-26,13:15,14:30,연남장|커뮤니티허브,비트박스 공연과 호흡소리 요가(미정),연남장 환 정원 30명,30,"13:15-14:30
[연남장|커뮤니티허브]
비트박스 공연과 호흡소리 요가(미정)
-연남장 환 정원 30명",False
program_obud_delivery.xlsx,0322_연희축제프로그램,R11C7,2026. 4. 26.일,2026-04-26,14:00,,연희정음|랜드마크,인요가와 저널링(60분),시이작 예진,20,"14:00
[연희정음|랜드마크]
인요가와 저널링(60분)
-시이작 예진
정원 20명",False
program_obud_delivery.xlsx,0322_연희축제프로그램,R12C7,2026. 4. 26.일,2026-04-26,15:00,,연남장|커뮤니티허브,아카샤의 테라피 요가,아카샤(은채),30,"15:00
[연남장|커뮤니티허브]
아카샤의 테라피 요가
-아카샤(은채)
정원 30명",False
program_obud_delivery.xlsx,0322_연희축제프로그램,R13C7,2026. 4. 26.일,2026-04-26,16:30,,연남장|커뮤니티허브,Forrestyoga의 움직임을 기반으로,미쉘 정원 30명,30,"16:30
[연남장|커뮤니티허브]
Forrestyoga의 움직임을 기반으로 
내몸의 바른 사용법 찾아가기
-미쉘 정원 30명",False
program_obud_delivery.xlsx,0322_연희축제프로그램,R14C7,2026. 4. 26.일,2026-04-26,18:00,,연희정음|랜드마크,"예술 명상 콘서트-피아노 기타 연주와 그림 감상을 하며,",숨명상센터 수지,20,"18;00
[연희정음|랜드마크]
예술 명상 콘서트-피아노 기타 연주와 그림 감상을 하며, 
마음에 스며드는 명상 콘서트
- 숨명상센터 수지
정원 20명",False
program_obud_delivery.xlsx,0322_연희축제프로그램,R15C7,2026. 4. 26.일,2026-04-26,18:00,,마인드플로우|연희스페셜,몸으로 하는 선셋 자애 명상 (60분),유미 정원 10명,10,"18:00
[마인드플로우|연희스페셜]
몸으로 하는 선셋 자애 명상 (60분)
- 유미 정원 10명",False
program_obud_delivery.xlsx,0322_연희축제프로그램,R16C7,2026. 4. 26.일,2026-04-26,18:00,,연남장|커뮤니티허브,(요가위크한정) 숨비소리 사운들 리추얼(60분),연남장 무릉 숨비소리,50,"18:00
[연남장|커뮤니티허브]
(요가위크한정) 숨비소리 사운들 리추얼(60분)
- 연남장  무릉 숨비소리
정원 50명",False
program_obud_delivery.xlsx,0322_연희축제프로그램,R17C7,2026. 4. 26.일,2026-04-26,19:00,,연희정음|랜드마크,(미정) 핸드팬 사운드스케이프 ‘일렁’ <Illung>,너울너울 미지수,20,"19:00
[연희정음|랜드마크]
(미정) 핸드팬 사운드스케이프 ‘일렁’ <Illung>
-너울너울 미지수
정원  20명",False
program_obud_delivery.xlsx,0322_연희축제프로그램,R18C7,2026. 4. 26.일,2026-04-26,19:50,,시이작,땀나는 하타(90분),시이작 수인,5,"19:50
[시이작]
땀나는 하타(90분)
-시이작 수인
정원 5명",False
program_obud_delivery.xlsx,0322_연희축제프로그램,R27C1,2026. 4. 27.월,2026-04-27,07:00,,시이작,아쉬탕가 풀프라이머리(90분),준형,4,"07:00
[시이작]
 아쉬탕가 풀프라이머리(90분)
- 준형
정원 4명",False
program_obud_delivery.xlsx,0322_연희축제프로그램,R28C1,2026. 4. 27.월,2026-04-27,10:00,,빅블루요가,정렬 에센스(80분),환 (정원 5명),5,"10:00
[빅블루요가]
정렬 에센스(80분)
-환 (정원 5명)",False
program_obud_delivery.xlsx,0322_연희축제프로그램,R29C1,2026. 4. 27.월,2026-04-27,10:30,,마인드플로우,비기너요가(60분),유미,10,"10:30
[마인드플로우]
비기너요가(60분)
-유미
정원 10명",False
program_obud_delivery.xlsx,0322_연희축제프로그램,R30C1,2026. 4. 27.월,2026-04-27,11:50,,마이트리,테라피(60분),성욱 -정원 5명,5,"11:50
[마이트리]
테라피(60분)
-성욱 -정원 5명",False
program_obud_delivery.xlsx,0322_연희축제프로그램,R31C1,2026. 4. 27.월,2026-04-27,18:30,,시이작,깨어나는 하타 (60분),준호,4,"18:30
[시이작]
깨어나는 하타 (60분)
- 준호
정원 4명",False
program_obud_delivery.xlsx,0322_연희축제프로그램,R32C1,2026. 4. 27.월,2026-04-27,18:30,,마인드플로우,비기너요가(60분),유미,10,"18:30
[마인드플로우]
비기너요가(60분)
-유미
정원 10명",False
program_obud_delivery.xlsx,0322_연희축제프로그램,R33C1,2026. 4. 27.월,2026-04-27,19:00,,빅블루요가,호흡 리커버리 (70분),환 (정원 5명),5,"19:00
[빅블루요가]
호흡 리커버리 (70분)
-환 (정원 5명)",False
program_obud_delivery.xlsx,0322_연희축제프로그램,R34C1,2026. 4. 27.월,2026-04-27,19:00,,마이트리,하타 (60분),마이트리 성욱 -정원5명,5,"19:00
[마이트리]
하타 (60분)
-마이트리 성욱 -정원5명",False
program_obud_delivery.xlsx,0322_연희축제프로그램,R35C1,2026. 4. 27.월,2026-04-27,20:00,,마인드플로우,빈야사요가(60분),유미 정원 10명,10,"20:00
[마인드플로우]
빈야사요가(60분)
-유미 정원 10명",False
program_obud_delivery.xlsx,0322_연희축제프로그램,R36C1,2026. 4. 27.월,2026-04-27,20:30,,마이트리,테라피(60분),마이트리 성욱 -정원5명,5,"20:30
[마이트리]
테라피(60분)
-마이트리 성욱 -정원5명",False
program_obud_delivery.xlsx,0322_연희축제프로그램,R27C2,2026. 4. 28.화,2026-04-28,07:00,,마이트리,하타(60분),성욱 -정원5명,5,"07:00
[마이트리]
하타(60분)
-성욱 -정원5명",False
program_obud_delivery.xlsx,0322_연희축제프로그램,R28C2,2026. 4. 28.화,2026-04-28,08:45,,시이작,테라피 요가(60분),준형,4,"08:45
[시이작]
테라피 요가(60분)
- 준형
정원 4명",False
program_obud_delivery.xlsx,0322_연희축제프로그램,R29C2,2026. 4. 28.화,2026-04-28,10:00,,빅블루요가,호흡 리커버리 (80분),환 (정원 5명),5,"10:00
[빅블루요가]
호흡 리커버리 (80분)
-환 (정원 5명)",False
program_obud_delivery.xlsx,0322_연희축제프로그램,R30C2,2026. 4. 28.화,2026-04-28,10:30,,마인드플로우,빈야사요가(60분),유미 정원 10명,10,"10:30
[마인드플로우]
빈야사요가(60분)
-유미 정원 10명",False
program_obud_delivery.xlsx,0322_연희축제프로그램,R31C2,2026. 4. 28.화,2026-04-28,11:00,,숨명상센터,숙면을 위한 바디스캔 (60분),수지 (정원 8명),8,"11:00
[숨명상센터]
숙면을 위한 바디스캔 (60분)
-수지 (정원 8명)",False
program_obud_delivery.xlsx,0322_연희축제프로그램,R32C2,2026. 4. 28.화,2026-04-28,18:30,,시이작,땀나는 아쉬탕가(60분),준형,4,"18:30
[시이작]
땀나는 아쉬탕가(60분)
-준형
정원 4명",False
program_obud_delivery.xlsx,0322_연희축제프로그램,R33C2,2026. 4. 28.화,2026-04-28,18:30,,마인드플로우,빈야사요가(60분),유미 정원 10명,10,"18:30
[마인드플로우]
빈야사요가(60분)
-유미 정원 10명",False
program_obud_delivery.xlsx,0322_연희축제프로그램,R34C2,2026. 4. 28.화,2026-04-28,19:00,,마이트리,얼라인 요가 (60분),준아 -정원5명,5,"19:00
[마이트리]
얼라인 요가 (60분)
-준아 -정원5명",False
program_obud_delivery.xlsx,0322_연희축제프로그램,R35C2,2026. 4. 28.화,2026-04-28,19:00,,빅블루요가,정렬 에센스(80분),환 (정원 5명),5,"19:00
[빅블루요가]
정렬 에센스(80분)
-환 (정원 5명)",False
program_obud_delivery.xlsx,0322_연희축제프로그램,R36C2,2026. 4. 28.화,2026-04-28,19:30,,숨명상센터,숙면을 위한 바디스캔 (60분),수지 (정원 8명),8,"19:30
[숨명상센터]
숙면을 위한 바디스캔 (60분)
-수지 (정원 8명)",False
program_obud_delivery.xlsx,0322_연희축제프로그램,R37C2,2026. 4. 28.화,2026-04-28,19:50,,시이작,땀나는 하타(60분),수인,4,"19:50
[시이작]
땀나는 하타(60분)
-수인
정원 4명",False
program_obud_delivery.xlsx,0322_연희축제프로그램,R38C2,2026. 4. 28.화,2026-04-28,20:00,,마인드플로우,비기너요가(60분),유미 정원 10명,10,"20:00
[마인드플로우]
비기너요가(60분)
-유미 정원 10명",False
program_obud_delivery.xlsx,0322_연희축제프로그램,R39C2,2026. 4. 28.화,2026-04-28,20:30,,마이트리,빈야사 (60분),준아 -정원5명,5,"20:30
[마이트리]
빈야사 (60분)
-준아 -정원5명",False
program_obud_delivery.xlsx,0322_연희축제프로그램,R27C3,2026. 4. 29.수,2026-04-29,07:00,,시이작,땀나는 아쉬탕가(60분),준형,4,"07:00
[시이작]
땀나는 아쉬탕가(60분)
-준형
정원 4명",False
program_obud_delivery.xlsx,0322_연희축제프로그램,R28C3,2026. 4. 29.수,2026-04-29,10:00,,빅블루요가,정렬 에센스(80분),환 (정원 5명),5,"10:00
[빅블루요가]
정렬 에센스(80분)
-환 (정원 5명)",False
program_obud_delivery.xlsx,0322_연희축제프로그램,R29C3,2026. 4. 29.수,2026-04-29,10:30,,마인드플로우,하타요가(60분),유미 정원 10명,10,"10:30
[마인드플로우]
하타요가(60분)
-유미 정원 10명",False
program_obud_delivery.xlsx,0322_연희축제프로그램,R30C3,2026. 4. 29.수,2026-04-29,11:50,,마이트리,빈야사 (60분),성욱 -정원5명,5,"11:50
[마이트리]
빈야사 (60분)
-성욱 -정원5명",False
program_obud_delivery.xlsx,0322_연희축제프로그램,R31C3,2026. 4. 29.수,2026-04-29,12:00,,시이작,숨쉬는 테라피(60분),수인,4,"12:00
[시이작]
숨쉬는 테라피(60분)
-수인
정원 4명",False
program_obud_delivery.xlsx,0322_연희축제프로그램,R32C3,2026. 4. 29.수,2026-04-29,18:30,,시이작,깨어나는 빈야사(60분),예진,4,"18:30
[시이작]
깨어나는 빈야사(60분)
-예진
정원 4명",False
program_obud_delivery.xlsx,0322_연희축제프로그램,R33C3,2026. 4. 29.수,2026-04-29,18:30,,마인드플로우,움직임명상(60분),유미 정원 10명,10,"18:30
[마인드플로우]
움직임명상(60분)
-유미 정원 10명",False
program_obud_delivery.xlsx,0322_연희축제프로그램,R34C3,2026. 4. 29.수,2026-04-29,19:00,,마이트리,하타 요가 (60분),연우 -정원 5명,5,"19:00
[마이트리]
하타 요가 (60분)
-연우 -정원 5명",False
program_obud_delivery.xlsx,0322_연희축제프로그램,R35C3,2026. 4. 29.수,2026-04-29,19:00,,빅블루요가,호흡 리커버리 (70분),환 (정원 5명),5,"19:00
[빅블루요가]
호흡 리커버리 (70분)
-환 (정원 5명)",False
program_obud_delivery.xlsx,0322_연희축제프로그램,R36C3,2026. 4. 29.수,2026-04-29,19:50,,시이작,다독이는 인요가(60분),예진,4,"19:50
[시이작]
다독이는 인요가(60분)
-예진
정원 4명",False
program_obud_delivery.xlsx,0322_연희축제프로그램,R37C3,2026. 4. 29.수,2026-04-29,20:00,,마인드플로우,하타요가(60분),유미 정원 10명,10,"20:00
[마인드플로우]
하타요가(60분)
-유미 정원 10명",False
program_obud_delivery.xlsx,0322_연희축제프로그램,R38C3,2026. 4. 29.수,2026-04-29,20:30,,마이트리,아쉬탕가 (60분),연우 -정원5명,5,"20:30
[마이트리]
아쉬탕가 (60분)
-연우 -정원5명",False
program_obud_delivery.xlsx,0322_연희축제프로그램,R27C4,2026. 4. 30.목,2026-04-30,07:00,,시이작,초급 빈야사(60분),준형,4,"07:00
[시이작]
초급 빈야사(60분)
-준형
정원 4명",False
program_obud_delivery.xlsx,0322_연희축제프로그램,R28C4,2026. 4. 30.목,2026-04-30,07:00,,마이트리,빈야사 (60분),성욱 - 정원5명,5,"07:00
[마이트리]
빈야사 (60분)
-성욱 - 정원5명",False
program_obud_delivery.xlsx,0322_연희축제프로그램,R29C4,2026. 4. 30.목,2026-04-30,10:00,,마이트리,하타베이직 (60분),성욱 -정원5명,5,"10:00
[마이트리]
하타베이직 (60분)
- 성욱 -정원5명",False
program_obud_delivery.xlsx,0322_연희축제프로그램,R30C4,2026. 4. 30.목,2026-04-30,10:00,,빅블루요가,호흡 리커버리 (80분),환 (정원 5명),5,"10:00
[빅블루요가]
호흡 리커버리 (80분)
-환 (정원 5명)",False
program_obud_delivery.xlsx,0322_연희축제프로그램,R31C4,2026. 4. 30.목,2026-04-30,10:30,,마인드플로우,빈야사요가(60분),보람 정원 10명,10,"10:30
[마인드플로우]
빈야사요가(60분)
- 보람 정원 10명",False
program_obud_delivery.xlsx,0322_연희축제프로그램,R32C4,2026. 4. 30.목,2026-04-30,12:00,,시이작,땀나는 하타 (60분),수인,4,"12:00
[시이작]
땀나는 하타 (60분)
-수인
정원 4명",False
program_obud_delivery.xlsx,0322_연희축제프로그램,R33C4,2026. 4. 30.목,2026-04-30,14:00,,숨명상센터,숙면을 위한 바디스캔 (60분),수지 (정원 8명),8,"14:00
[숨명상센터]
숙면을 위한 바디스캔 (60분)
-수지 (정원 8명)",False
program_obud_delivery.xlsx,0322_연희축제프로그램,R34C4,2026. 4. 30.목,2026-04-30,17:00,,너울너울,"소매틱뮤직,‘Handpan Doodle’ (60분)",미지수,5,"17:00
[너울너울]
소매틱뮤직,‘Handpan Doodle’ (60분)
-미지수
정원 5명",False
program_obud_delivery.xlsx,0322_연희축제프로그램,R35C4,2026. 4. 30.목,2026-04-30,18:30,,시이작,땀나는 빈야사(60분),준형,4,"18:30
[시이작]
땀나는 빈야사(60분)
-준형
정원 4명",False
program_obud_delivery.xlsx,0322_연희축제프로그램,R36C4,2026. 4. 30.목,2026-04-30,18:30,,마인드플로우,빈야사요가(60분),유미 정원 10명,10,"18:30
[마인드플로우]
빈야사요가(60분)
-유미 정원 10명",False
program_obud_delivery.xlsx,0322_연희축제프로그램,R37C4,2026. 4. 30.목,2026-04-30,19:00,,너울너울,"소매틱뮤직,‘Handpan Doodle’ (60분)",미지수,5,"19:00
[너울너울]
소매틱뮤직,‘Handpan Doodle’ (60분)
-미지수
정원 5명",False
program_obud_delivery.xlsx,0322_연희축제프로그램,R38C4,2026. 4. 30.목,2026-04-30,19:00,,빅블루요가,정렬 에센스(80분),환 (정원 5명),5,"19:00
[빅블루요가]
정렬 에센스(80분)
-환 (정원 5명)",False
program_obud_delivery.xlsx,0322_연희축제프로그램,R39C4,2026. 4. 30.목,2026-04-30,19:00,,마이트리,테라피 (60분),준아 -정원5명,5,"19:00
[마이트리]
테라피 (60분)
-준아 -정원5명",False
program_obud_delivery.xlsx,0322_연희축제프로그램,R40C4,2026. 4. 30.목,2026-04-30,19:30,,숨명상센터,숙면을 위한 바디스캔 (60분),숨명상센터 수지 (정원 8명),8,"19:30
[숨명상센터]
숙면을 위한 바디스캔 (60분)
-숨명상센터 수지 (정원 8명)",False
program_obud_delivery.xlsx,0322_연희축제프로그램,R41C4,2026. 4. 30.목,2026-04-30,19:50,,시이작,땀나는 아쉬탕가(60분),준형,4,"19:50
[시이작]
땀나는 아쉬탕가(60분)
-준형
정원 4명",False
program_obud_delivery.xlsx,0322_연희축제프로그램,R42C4,2026. 4. 30.목,2026-04-30,20:00,,마인드플로우,비기너요가(60분),유미 정원 10명,10,"20:00
[마인드플로우]
비기너요가(60분)
-유미 정원 10명",False
program_obud_delivery.xlsx,0322_연희축제프로그램,R43C4,2026. 4. 30.목,2026-04-30,20:30,,마이트리,빈야사 어드밴스(60분),준아 -정원5명,5,"20:30
[마이트리]
빈야사 어드밴스(60분)
-준아 -정원5명",False
program_obud_delivery.xlsx,0322_연희축제프로그램,R27C5,2026. 5. 1. 금 (노동절),2026-05-01,08:45,,시이작,땀나는 빈야사(60분),준형,4,"08:45
[시이작]
땀나는 빈야사(60분)
-준형
정원 4명",False
program_obud_delivery.xlsx,0322_연희축제프로그램,R28C5,2026. 5. 1. 금 (노동절),2026-05-01,10:00,,바운드하우스| 대저택 프라이빗,친해지고 싶은 사람과 함께 하는 파트너링 요가(60분),시이작 예진,15,"10:00
[바운드하우스| 대저택 프라이빗]
친해지고 싶은 사람과 함께 하는 파트너링 요가(60분)
-시이작 예진
정원 15명",False
program_obud_delivery.xlsx,0322_연희축제프로그램,R29C5,2026. 5. 1. 금 (노동절),2026-05-01,10:00,,빅블루요가,정렬 에센스 : 하체의 견고한 토대 (80분),빅블루요가 : 환 (정원 5명),5,"10:00
[빅블루요가]
정렬 에센스 : 하체의 견고한 토대 (80분)
- 빅블루요가 : 환 (정원 5명)",False
program_obud_delivery.xlsx,0322_연희축제프로그램,R30C5,2026. 5. 1. 금 (노동절),2026-05-01,10:30,,마인드플로우,비기너요가(60분),유미 정원 10명,10,"10:30
[마인드플로우]
비기너요가(60분)
- 유미 정원 10명",False
program_obud_delivery.xlsx,0322_연희축제프로그램,R31C5,2026. 5. 1. 금 (노동절),2026-05-01,11:50,,마이트리,하타(60분),지바나 -정원5명,5,"11:50
[마이트리]
하타(60분)
-지바나 -정원5명",False
program_obud_delivery.xlsx,0322_연희축제프로그램,R32C5,2026. 5. 1. 금 (노동절),2026-05-01,12:00,,바운드하우스| 대저택 프라이빗,연결하는 사운드 배스(60분),무릉,15,"12:00
[바운드하우스| 대저택 프라이빗]
연결하는 사운드 배스(60분)
- 무릉 
정원 15명",False
program_obud_delivery.xlsx,0322_연희축제프로그램,R33C5,2026. 5. 1. 금 (노동절),2026-05-01,13:30,,빅블루요가,정렬 인텐시브 : 고관절 집중 (90분),환 (정원 5명),5,"13:30
[빅블루요가]
정렬 인텐시브 : 고관절 집중 (90분)
-환 (정원 5명)",False
program_obud_delivery.xlsx,0322_연희축제프로그램,R34C5,2026. 5. 1. 금 (노동절),2026-05-01,14:00,,너울너울,"소매틱뮤직,‘Handpan Doodle’ (60분)",미지수 정원 5명,5,"14:00
[너울너울]
소매틱뮤직,‘Handpan Doodle’ (60분)
-미지수 정원 5명",False
program_obud_delivery.xlsx,0322_연희축제프로그램,R35C5,2026. 5. 1. 금 (노동절),2026-05-01,16:00,,바운드하우스| 대저택 프라이빗,단단하게 뿌리 내리며 자유롭게 흐르는 빈야사(60분),유미,15,"16:00
[바운드하우스| 대저택 프라이빗]
단단하게 뿌리 내리며 자유롭게 흐르는 빈야사(60분)
- 유미
정원 15명",False
program_obud_delivery.xlsx,0322_연희축제프로그램,R36C5,2026. 5. 1. 금 (노동절),2026-05-01,18:30,,시이작,다독이는 인요가(60분),예진 정원 4명,4,"18:30
[시이작]
다독이는 인요가(60분)
-예진 정원 4명",False
program_obud_delivery.xlsx,0322_연희축제프로그램,R37C5,2026. 5. 1. 금 (노동절),2026-05-01,18:30,,마인드플로우,하타요가(60분),고은,10,"18:30
[마인드플로우]
하타요가(60분)
- 고은
정원 10명",False
program_obud_delivery.xlsx,0322_연희축제프로그램,R38C5,2026. 5. 1. 금 (노동절),2026-05-01,19:00,,마이트리,아쉬탕가 (60분),연우 -정원5명,5,"19:00
[마이트리]
아쉬탕가 (60분)
-연우 -정원5명",False
program_obud_delivery.xlsx,0322_연희축제프로그램,R39C5,2026. 5. 1. 금 (노동절),2026-05-01,19:00,,바운드하우스| 대저택 프라이빗,핸드팬 사운드스케이프 ‘일렁’ <Illung>(60분),미지수,15,"19:00
[바운드하우스| 대저택 프라이빗]
핸드팬 사운드스케이프 ‘일렁’ <Illung>(60분)
-미지수
정원 15명",False
program_obud_delivery.xlsx,0322_연희축제프로그램,R40C5,2026. 5. 1. 금 (노동절),2026-05-01,19:50,,시이작,땀나는 빈야사(60분),준형,4,"19:50
[시이작]
땀나는 빈야사(60분)
- 준형
정원 4명",False
program_obud_delivery.xlsx,0322_연희축제프로그램,R41C5,2026. 5. 1. 금 (노동절),2026-05-01,20:00,,마인드플로우,빈야사요가(60분),고은 정원 10명,10,"20:00
[마인드플로우]
빈야사요가(60분)
- 고은 정원 10명",False
program_obud_delivery.xlsx,0322_연희축제프로그램,R42C5,2026. 5. 1. 금 (노동절),2026-05-01,20:30,,마이트리,테라피 (60분),연우 -정원5명,5,"20:30
[마이트리]
테라피 (60분)
-연우 -정원5명",False
program_obud_delivery.xlsx,0322_연희축제프로그램,R27C6,2026. 5. 2.토,2026-05-02,10:00,,,(미정) Gentle Hatha Flow in English (60분),연남장 시이작 수인,15,"10:00
(미정) Gentle Hatha Flow in English (60분)
-연남장 시이작 수인
정원 15명",False
program_obud_delivery.xlsx,0322_연희축제프로그램,R28C6,2026. 5. 2.토,2026-05-02,10:00,,빅블루요가,정렬 에센스 : 도구를 활용한,환 (정원 5명),5,"10:00
[빅블루요가]
정렬 에센스 : 도구를 활용한 
움직임(80분)
-환 (정원 5명)",False
program_obud_delivery.xlsx,0322_연희축제프로그램,R29C6,2026. 5. 2.토,2026-05-02,10:00,,카페비전스트롤콜라보 | 옥상요가,커피와 요가,비전스트롤 옥상 시이작 박준형,10,"10:00
[카페비전스트롤콜라보 | 옥상요가]
커피와 요가
-비전스트롤 옥상 시이작 박준형
정원 10명",False
program_obud_delivery.xlsx,0322_연희축제프로그램,R30C6,2026. 5. 2.토,2026-05-02,11:00,,마이트리,빈야사 (60분),성욱 - 정원5명,5,"11:00
[마이트리]
빈야사 (60분)
-성욱 - 정원5명",False
program_obud_delivery.xlsx,0322_연희축제프로그램,R31C6,2026. 5. 2.토,2026-05-02,13:30,,빅블루요가,정렬 인텐시브 : 견갑골 집중(90분),환 (정원 5명),5,"13:30
[빅블루요가]
정렬 인텐시브 : 견갑골 집중(90분)
- 환  (정원 5명)",False
program_obud_delivery.xlsx,0322_연희축제프로그램,R32C6,2026. 5. 2.토,2026-05-02,14:00,,마이트리,독서와 요가(70분),성욱 정원 15명,15,"14:00
[마이트리]
독서와 요가(70분)
-성욱 정원 15명",False
program_obud_delivery.xlsx,0322_연희축제프로그램,R33C6,2026. 5. 2.토,2026-05-02,16:00,,마이트리,올레벨 빈야사(60분),마이트리 한석원,20,"16:00
[마이트리]
올레벨 빈야사(60분)
-마이트리 한석원
정원 20명",False
program_obud_delivery.xlsx,0322_연희축제프로그램,R34C6,2026. 5. 2.토,2026-05-02,18:00,,미정,"예술 명상 콘서트-피아노 기타 연주와 그림 감상을 하며,",숨명상센터 수지,15,"18;00
[미정]
예술 명상 콘서트-피아노 기타 연주와 그림 감상을 하며, 
마음에 스며드는 명상 콘서트
- 숨명상센터 수지
정원 15명",False
program_obud_delivery.xlsx,0322_연희축제프로그램,R35C6,2026. 5. 2.토,2026-05-02,20:00,,파츄코파라다이스,요기니 살롱 디제이 파티,파츄코파라다이스,,"20:00
[파츄코파라다이스]
요기니 살롱 디제이 파티
-파츄코파라다이스",True
program_obud_delivery.xlsx,0322_연희축제프로그램,R27C7,2026. 5. 3.일,2026-05-03,10:30,,,(봄날야외명상) 안산 트레킹 오감 명상 (70분),안산 집결지 : 숨명상센터 수지 (정원 8명),8,"10:30
(봄날야외명상) 안산 트레킹 오감 명상 (70분)
- 안산 집결지 : 숨명상센터 수지 (정원 8명)",False
program_obud_delivery.xlsx,0322_연희축제프로그램,R28C7,2026. 5. 3.일,2026-05-03,11:00,,마이트리,올레벨 빈야사(60분),임다혜,20,"11:00
[마이트리]
올레벨 빈야사(60분)
-임다혜
정원 20명",False
program_obud_delivery.xlsx,0322_연희축제프로그램,R29C7,2026. 5. 3.일,2026-05-03,13:00,,연희위크 스페셜|시이작,"TCI 기질검사로 나를 이해하고,",시이작 : 진원,10,"13:00
[연희위크 스페셜|시이작]
TCI 기질검사로 나를 이해하고, 
‘긍정감자’ 키링 만들기(120분)
-시이작 : 진원
정원  : 10명",False
program_obud_delivery.xlsx,0322_연희축제프로그램,R31C7,2026. 5. 3.일,2026-05-03,19:50,,시이작,땀나는 하타(90분),시이작 수인,5,"19:50
[시이작]
땀나는 하타(90분)
- 시이작 수인
정원 5명",False
program_obud_delivery.xlsx,0322_연희축제프로그램,R48C1,2026. 5. 4.월,2026-05-04,07:00,,시이작,아쉬탕가 풀프라이머리(90분),준형,4,"07:00
[시이작]
 아쉬탕가 풀프라이머리(90분)
- 준형
정원 4명",False
program_obud_delivery.xlsx,0322_연희축제프로그램,R49C1,2026. 5. 4.월,2026-05-04,10:00,,빅블루요가,정렬 에센스(80분),환 (정원 5명),5,"10:00
[빅블루요가]
정렬 에센스(80분)
-환 (정원 5명)",False
program_obud_delivery.xlsx,0322_연희축제프로그램,R50C1,2026. 5. 4.월,2026-05-04,10:30,,마인드플로우,비기너요가(60분),유미,10,"10:30
[마인드플로우]
비기너요가(60분)
-유미
정원 10명",False
program_obud_delivery.xlsx,0322_연희축제프로그램,R51C1,2026. 5. 4.월,2026-05-04,11:50,,마이트리,테라피(60분),성욱 -정원 5명,5,"11:50
[마이트리]
테라피(60분)
-성욱 -정원 5명",False
program_obud_delivery.xlsx,0322_연희축제프로그램,R52C1,2026. 5. 4.월,2026-05-04,18:30,,시이작,깨어나는 하타 (60분),준호,4,"18:30
[시이작]
깨어나는 하타 (60분)
- 준호
정원 4명",False
program_obud_delivery.xlsx,0322_연희축제프로그램,R53C1,2026. 5. 4.월,2026-05-04,18:30,,마인드플로우,비기너요가(60분),유미,10,"18:30
[마인드플로우]
비기너요가(60분)
-유미
정원 10명",False
program_obud_delivery.xlsx,0322_연희축제프로그램,R54C1,2026. 5. 4.월,2026-05-04,19:00,,빅블루요가,호흡 리커버리 (70분),환 (정원 5명),5,"19:00
[빅블루요가]
호흡 리커버리 (70분)
-환 (정원 5명)",False
program_obud_delivery.xlsx,0322_연희축제프로그램,R55C1,2026. 5. 4.월,2026-05-04,19:00,,마이트리,하타 (60분),마이트리 성욱 -정원5명,5,"19:00
[마이트리]
하타 (60분)
-마이트리 성욱 -정원5명",False
program_obud_delivery.xlsx,0322_연희축제프로그램,R56C1,2026. 5. 4.월,2026-05-04,20:00,,마인드플로우,빈야사요가(60분),유미 정원 10명,10,"20:00
[마인드플로우]
빈야사요가(60분)
-유미 정원 10명",False
program_obud_delivery.xlsx,0322_연희축제프로그램,R57C1,2026. 5. 4.월,2026-05-04,20:30,,마이트리,테라피(60분),마이트리 성욱 -정원5명,5,"20:30
[마이트리]
테라피(60분)
-마이트리 성욱 -정원5명",False
program_obud_delivery.xlsx,0322_연희축제프로그램,R48C2,2026. 5. 5.화 (어린이날) - 추가 예정,2026-05-05,07:00,,마이트리,하타(60분),성욱 -정원5명,5,"07:00
[마이트리]
하타(60분)
-성욱 -정원5명",False
program_obud_delivery.xlsx,0322_연희축제프로그램,R49C2,2026. 5. 5.화 (어린이날) - 추가 예정,2026-05-05,08:45,,시이작,테라피 요가(60분),준형,4,"08:45
[시이작]
테라피 요가(60분)
- 준형
정원 4명",False
program_obud_delivery.xlsx,0322_연희축제프로그램,R50C2,2026. 5. 5.화 (어린이날) - 추가 예정,2026-05-05,10:00,,연남장|커뮤니티허브,Being 감각을깨우는 하타요가 (60분),연남장 마이트리 지바나,,"10:00
[연남장|커뮤니티허브]
Being 감각을깨우는 하타요가  (60분)
-연남장 마이트리  지바나
정원 30",True
program_obud_delivery.xlsx,0322_연희축제프로그램,R51C2,2026. 5. 5.화 (어린이날) - 추가 예정,2026-05-05,10:00,,바운드하우스| 대저택 프라이빗,엄마와함께 키즈요가,지현 정원 15팀 (엄마+아이 1팀),,"10:00
[바운드하우스| 대저택 프라이빗]
엄마와함께 키즈요가
-지현 정원 15팀 (엄마+아이 1팀)",True
program_obud_delivery.xlsx,0322_연희축제프로그램,R52C2,2026. 5. 5.화 (어린이날) - 추가 예정,2026-05-05,10:00,,빅블루요가,호흡 리커버리 (80분),환 (정원 5명),5,"10:00
[빅블루요가]
호흡 리커버리 (80분)
-환 (정원 5명)",False
program_obud_delivery.xlsx,0322_연희축제프로그램,R53C2,2026. 5. 5.화 (어린이날) - 추가 예정,2026-05-05,10:30,,마인드플로우,빈야사요가(60분),유미 정원 10명,10,"10:30
[마인드플로우]
빈야사요가(60분)
-유미 정원 10명",False
program_obud_delivery.xlsx,0322_연희축제프로그램,R54C2,2026. 5. 5.화 (어린이날) - 추가 예정,2026-05-05,11:00,,숨명상센터,몸을 깨우는 액티브 명상 (60분),수지 (정원 6명),6,"11:00
[숨명상센터]
몸을 깨우는 액티브 명상 (60분)
-수지 (정원 6명)",False
program_obud_delivery.xlsx,0322_연희축제프로그램,R55C2,2026. 5. 5.화 (어린이날) - 추가 예정,2026-05-05,12:00,,연남장|커뮤니티허브,(미정) 막걸리 요가,시이작 준호,30,"12:00
[연남장|커뮤니티허브] 
(미정) 막걸리 요가 
- 시이작 준호
정원 30명",False
program_obud_delivery.xlsx,0322_연희축제프로그램,R57C2,2026. 5. 5.화 (어린이날) - 추가 예정,2026-05-05,12:00,,바운드하우스| 대저택 프라이빗,아빠와함께 키즈요가,지현,,"12:00
[바운드하우스| 대저택 프라이빗]
 아빠와함께 키즈요가
- 지현 
정원 15팀 (아빠+아이 1팀)",True
program_obud_delivery.xlsx,0322_연희축제프로그램,R56C2,2026. 5. 5.화 (어린이날) - 추가 예정,2026-05-05,13:00,,연남장|커뮤니티허브,(미정) 요기니 살롱의 디제이파티,무료 정원 없음,,"13:00
[연남장|커뮤니티허브] 
(미정) 요기니 살롱의 디제이파티
-무료 정원 없음",True
program_obud_delivery.xlsx,0322_연희축제프로그램,R58C2,2026. 5. 5.화 (어린이날) - 추가 예정,2026-05-05,14:00,,바운드하우스| 대저택 프라이빗,바디페인팅 체감명상,리아 정원 15명,15,"14:00
[바운드하우스| 대저택 프라이빗]
바디페인팅 체감명상
-리아 정원 15명",False
program_obud_delivery.xlsx,0322_연희축제프로그램,R59C2,2026. 5. 5.화 (어린이날) - 추가 예정,2026-05-05,16:30,,연남장|커뮤니티허브,F45코치의 저강도 서킷 트레이닝,연남장 최훈 코치,20,"16:30
[연남장|커뮤니티허브] 
F45코치의 저강도 서킷 트레이닝
- 연남장 최훈 코치
정원 20명",False
program_obud_delivery.xlsx,0322_연희축제프로그램,R60C2,2026. 5. 5.화 (어린이날) - 추가 예정,2026-05-05,17:00,,너울너울,"소매틱뮤직,‘Handpan Doodle’ (60분)",미지수,5,"17:00
[너울너울]
소매틱뮤직,‘Handpan Doodle’ (60분)
-미지수
정원 5명",False
program_obud_delivery.xlsx,0322_연희축제프로그램,R61C2,2026. 5. 5.화 (어린이날) - 추가 예정,2026-05-05,18:30,,시이작,땀나는 아쉬탕가(60분),준형,4,"18:30
[시이작]
땀나는 아쉬탕가(60분)
-준형
정원 4명",False
program_obud_delivery.xlsx,0322_연희축제프로그램,R62C2,2026. 5. 5.화 (어린이날) - 추가 예정,2026-05-05,18:30,,마인드플로우,빈야사요가(60분),유미,10,"18:30
[마인드플로우]
빈야사요가(60분)
- 유미
정원 10명",False
program_obud_delivery.xlsx,0322_연희축제프로그램,R63C2,2026. 5. 5.화 (어린이날) - 추가 예정,2026-05-05,19:00,,너울너울,"소매틱뮤직,‘Handpan Doodle’ (60분)",미지수,5,"19:00
[너울너울]
소매틱뮤직,‘Handpan Doodle’ (60분)
-미지수
정원 5명",False
program_obud_delivery.xlsx,0322_연희축제프로그램,R64C2,2026. 5. 5.화 (어린이날) - 추가 예정,2026-05-05,19:00,,마이트리,얼라인 요가 (60분),준아 -정원5명,5,"19:00
[마이트리]
얼라인 요가 (60분)
-준아 -정원5명",False
program_obud_delivery.xlsx,0322_연희축제프로그램,R65C2,2026. 5. 5.화 (어린이날) - 추가 예정,2026-05-05,19:30,,숨명상센터,몸을 깨우는 액티브 명상 (60분),숨명상센터 수지 (정원 6명),6,"19:30
[숨명상센터]
몸을 깨우는 액티브 명상 (60분)
-숨명상센터 수지 (정원 6명)",False
program_obud_delivery.xlsx,0322_연희축제프로그램,R66C2,2026. 5. 5.화 (어린이날) - 추가 예정,2026-05-05,19:50,,시이작,땀나는 하타(60분),수인,4,"19:50
[시이작]
땀나는 하타(60분)
-수인
정원 4명",False
program_obud_delivery.xlsx,0322_연희축제프로그램,R67C2,2026. 5. 5.화 (어린이날) - 추가 예정,2026-05-05,20:00,,마인드플로우,비기너요가(60분),유미,10,"20:00
[마인드플로우]
비기너요가(60분)
-유미
정원 10명",False
program_obud_delivery.xlsx,0322_연희축제프로그램,R68C2,2026. 5. 5.화 (어린이날) - 추가 예정,2026-05-05,20:30,,마이트리,빈야사 (60분),준아-정원5명,5,"20:30
[마이트리]
빈야사 (60분)
-준아-정원5명",False
program_obud_delivery.xlsx,0322_연희축제프로그램,R48C3,2026. 5. 6.수,2026-05-06,07:00,,시이작,땀나는 아쉬탕가(60분),준형,4,"07:00
[시이작]
땀나는 아쉬탕가(60분)
-준형
정원 4명",False
program_obud_delivery.xlsx,0322_연희축제프로그램,R49C3,2026. 5. 6.수,2026-05-06,10:00,,빅블루요가,정렬 에센스(80분),환 (정원 5명),5,"10:00
[빅블루요가]
정렬 에센스(80분)
-환 (정원 5명)",False
program_obud_delivery.xlsx,0322_연희축제프로그램,R50C3,2026. 5. 6.수,2026-05-06,10:30,,마인드플로우,하타요가(60분),유미 정원 10명,10,"10:30
[마인드플로우]
하타요가(60분)
-유미 정원 10명",False
program_obud_delivery.xlsx,0322_연희축제프로그램,R51C3,2026. 5. 6.수,2026-05-06,11:50,,마이트리,빈야사 (60분),성욱 -정원5명,5,"11:50
[마이트리]
빈야사 (60분)
-성욱 -정원5명",False
program_obud_delivery.xlsx,0322_연희축제프로그램,R52C3,2026. 5. 6.수,2026-05-06,12:00,,시이작,숨쉬는 테라피(60분),수인,4,"12:00
[시이작]
숨쉬는 테라피(60분)
-수인
정원 4명",False
program_obud_delivery.xlsx,0322_연희축제프로그램,R53C3,2026. 5. 6.수,2026-05-06,18:30,,시이작,깨어나는 빈야사(60분),예진,4,"18:30
[시이작]
깨어나는 빈야사(60분)
-예진
정원 4명",False
program_obud_delivery.xlsx,0322_연희축제프로그램,R54C3,2026. 5. 6.수,2026-05-06,18:30,,마인드플로우,움직임명상(60분),유미 정원 10명,10,"18:30
[마인드플로우]
움직임명상(60분)
-유미 정원 10명",False
program_obud_delivery.xlsx,0322_연희축제프로그램,R55C3,2026. 5. 6.수,2026-05-06,19:00,,마이트리,하타 요가 (60분),연우 -정원 5명,5,"19:00
[마이트리]
하타 요가 (60분)
-연우 -정원 5명",False
program_obud_delivery.xlsx,0322_연희축제프로그램,R56C3,2026. 5. 6.수,2026-05-06,19:00,,빅블루요가,호흡 리커버리 (70분),환 (정원 5명),5,"19:00
[빅블루요가]
호흡 리커버리 (70분)
-환 (정원 5명)",False
program_obud_delivery.xlsx,0322_연희축제프로그램,R57C3,2026. 5. 6.수,2026-05-06,19:50,,시이작,다독이는 인요가(60분),예진,4,"19:50
[시이작]
다독이는 인요가(60분)
-예진
정원 4명",False
program_obud_delivery.xlsx,0322_연희축제프로그램,R58C3,2026. 5. 6.수,2026-05-06,20:00,,마인드플로우,하타요가(60분),유미 정원 10명,10,"20:00
[마인드플로우]
하타요가(60분)
-유미 정원 10명",False
program_obud_delivery.xlsx,0322_연희축제프로그램,R59C3,2026. 5. 6.수,2026-05-06,20:30,,마이트리,아쉬탕가 (60분),연우 -정원5명,5,"20:30
[마이트리]
아쉬탕가 (60분)
-연우 -정원5명",False
program_obud_delivery.xlsx,0322_연희축제프로그램,R48C4,2026. 5. 7.목,2026-05-07,07:00,,시이작,초급 빈야사(60분),준형,4,"07:00
[시이작]
초급 빈야사(60분)
-준형
정원 4명",False
program_obud_delivery.xlsx,0322_연희축제프로그램,R49C4,2026. 5. 7.목,2026-05-07,07:00,,마이트리,빈야사 (60분),성욱 - 정원5명,5,"07:00
[마이트리]
빈야사 (60분)
-성욱 - 정원5명",False
program_obud_delivery.xlsx,0322_연희축제프로그램,R50C4,2026. 5. 7.목,2026-05-07,10:00,,마이트리,하타베이직 (60분),성욱 -정원5명,5,"10:00
[마이트리]
하타베이직 (60분)
- 성욱 -정원5명",False
program_obud_delivery.xlsx,0322_연희축제프로그램,R51C4,2026. 5. 7.목,2026-05-07,10:00,,빅블루요가,호흡 리커버리 (80분),환 (정원 5명),5,"10:00
[빅블루요가]
호흡 리커버리 (80분)
-환 (정원 5명)",False
program_obud_delivery.xlsx,0322_연희축제프로그램,R52C4,2026. 5. 7.목,2026-05-07,10:30,,마인드플로우,빈야사요가(60분),보람 정원 10명,10,"10:30
[마인드플로우]
빈야사요가(60분)
- 보람 정원 10명",False
program_obud_delivery.xlsx,0322_연희축제프로그램,R53C4,2026. 5. 7.목,2026-05-07,12:00,,시이작,땀나는 하타 (60분),수인,4,"12:00
[시이작]
땀나는 하타 (60분)
-수인
정원 4명",False
program_obud_delivery.xlsx,0322_연희축제프로그램,R54C4,2026. 5. 7.목,2026-05-07,14:00,,숨명상센터,몸을 깨우는 액티브 명상 (60분),수지 (정원 6명),6,"14:00
[숨명상센터]
몸을 깨우는 액티브 명상 (60분)
-수지 (정원 6명)",False
program_obud_delivery.xlsx,0322_연희축제프로그램,R55C4,2026. 5. 7.목,2026-05-07,18:30,,시이작,땀나는 빈야사(60분),준형,4,"18:30
[시이작]
땀나는 빈야사(60분)
-준형
정원 4명",False
program_obud_delivery.xlsx,0322_연희축제프로그램,R56C4,2026. 5. 7.목,2026-05-07,18:30,,마인드플로우,빈야사요가(60분),유미 정원 10명,10,"18:30
[마인드플로우]
빈야사요가(60분)
-유미 정원 10명",False
program_obud_delivery.xlsx,0322_연희축제프로그램,R57C4,2026. 5. 7.목,2026-05-07,19:00,,빅블루요가,정렬 에센스(80분),환 (정원 5명),5,"19:00
[빅블루요가]
정렬 에센스(80분)
-환 (정원 5명)",False
program_obud_delivery.xlsx,0322_연희축제프로그램,R58C4,2026. 5. 7.목,2026-05-07,19:00,,마이트리,테라피 (60분),준아 -정원5명,5,"19:00
[마이트리]
테라피 (60분)
-준아 -정원5명",False
program_obud_delivery.xlsx,0322_연희축제프로그램,R59C4,2026. 5. 7.목,2026-05-07,19:30,,숨명상센터,몸을 깨우는 액티브 명상 (60분),수지 (정원 6명),6,"19:30
[숨명상센터]
몸을 깨우는 액티브 명상 (60분)
-수지 (정원 6명)",False
program_obud_delivery.xlsx,0322_연희축제프로그램,R60C4,2026. 5. 7.목,2026-05-07,19:50,,시이작,땀나는 아쉬탕가(60분),준형,4,"19:50
[시이작]
땀나는 아쉬탕가(60분)
-준형
정원 4명",False
program_obud_delivery.xlsx,0322_연희축제프로그램,R61C4,2026. 5. 7.목,2026-05-07,20:00,,마인드플로우,비기너요가(60분),유미 정원 10명,10,"20:00
[마인드플로우]
비기너요가(60분)
-유미 정원 10명",False
program_obud_delivery.xlsx,0322_연희축제프로그램,R62C4,2026. 5. 7.목,2026-05-07,20:30,,마이트리,빈야사 어드밴스(60분),준아 -정원5명,5,"20:30
[마이트리]
빈야사 어드밴스(60분)
-준아 -정원5명",False
program_obud_delivery.xlsx,0322_연희축제프로그램,R48C5,2026. 5. 8.금,2026-05-08,08:45,,시이작,땀나는 빈야사(60분),준형,4,"08:45
[시이작]
땀나는 빈야사(60분)
-준형
정원 4명",False
program_obud_delivery.xlsx,0322_연희축제프로그램,R49C5,2026. 5. 8.금,2026-05-08,10:00,,빅블루요가,정렬 에센스(80분),환 (정원 5명),5,"10:00
[빅블루요가]
정렬 에센스(80분)
-환 (정원 5명)",False
program_obud_delivery.xlsx,0322_연희축제프로그램,R50C5,2026. 5. 8.금,2026-05-08,10:30,,마인드플로우,비기너요가(60분),유미 정원 10명,10,"10:30
[마인드플로우]
비기너요가(60분)
-유미 정원 10명",False
program_obud_delivery.xlsx,0322_연희축제프로그램,R51C5,2026. 5. 8.금,2026-05-08,11:50,,마이트리,하타(60분),지바나 정원5명,5,"11:50
[마이트리]
하타(60분)
-지바나 정원5명",False
program_obud_delivery.xlsx,0322_연희축제프로그램,R52C5,2026. 5. 8.금,2026-05-08,18:30,,시이작,다독이는 인요가(60분),예진,4,"18:30
[시이작]
다독이는 인요가(60분)
-예진
정원 4명",False
program_obud_delivery.xlsx,0322_연희축제프로그램,R53C5,2026. 5. 8.금,2026-05-08,18:30,,마인드플로우,하타요가(60분),고은 정원 10명,10,"18:30
[마인드플로우]
하타요가(60분)
- 고은 정원 10명",False
program_obud_delivery.xlsx,0322_연희축제프로그램,R54C5,2026. 5. 8.금,2026-05-08,19:00,,마이트리,아쉬탕가 (60분),연우 정원5명,5,"19:00
[마이트리]
아쉬탕가 (60분)
-연우 정원5명",False
program_obud_delivery.xlsx,0322_연희축제프로그램,R55C5,2026. 5. 8.금,2026-05-08,19:50,,시이작,땀나는 빈야사(60분),준형,4,"19:50
[시이작]
땀나는 빈야사(60분)
-준형
정원 4명",False
program_obud_delivery.xlsx,0322_연희축제프로그램,R56C5,2026. 5. 8.금,2026-05-08,20:00,,마인드플로우,빈야사요가(60분),고은 정원 10명,10,"20:00
[마인드플로우]
빈야사요가(60분)
-고은 정원 10명",False
program_obud_delivery.xlsx,0322_연희축제프로그램,R57C5,2026. 5. 8.금,2026-05-08,20:30,,마이트리,테라피 (60분),연우 - 정원5명,5,"20:30
[마이트리]
테라피 (60분)
-연우 - 정원5명",False
program_obud_delivery.xlsx,0322_연희축제프로그램,R48C6,2026. 5. 9.토,2026-05-09,09:00,,마인드플로우,차근차근 기본을 다지는 비기너 요가(60분),,10,"09:00
[마인드플로우]
차근차근 기본을 다지는 비기너 요가(60분)
유미
정원 10명",False
program_obud_delivery.xlsx,0322_연희축제프로그램,R49C6,2026. 5. 9.토,2026-05-09,10:00,,연남장|커뮤니티허브,딥어웨이크 하타 (60분),모나 정원 30명,30,"10:00
[연남장|커뮤니티허브]
딥어웨이크 하타 (60분)
-모나 정원 30명",False
program_obud_delivery.xlsx,0322_연희축제프로그램,R50C6,2026. 5. 9.토,2026-05-09,10:00,,시이작,다독이는 인요가(60분),예진 정원 4명,4,"10:00
[시이작]
다독이는 인요가(60분)
-예진 정원 4명",False
program_obud_delivery.xlsx,0322_연희축제프로그램,R51C6,2026. 5. 9.토,2026-05-09,10:00,,빅블루요가,호흡 리커버리 : 편안한 숨 쉬기(80분),환 (정원 5명),5,"10:00
[빅블루요가]
호흡 리커버리 : 편안한 숨 쉬기(80분)
- 환 (정원 5명)",False
program_obud_delivery.xlsx,0322_연희축제프로그램,R52C6,2026. 5. 9.토,2026-05-09,10:30,,마인드플로우,"느긋하고 자유로운 흐름, 움직임 명상(60분)",유미,10,"10:30
[마인드플로우]
느긋하고 자유로운 흐름, 움직임 명상(60분)
- 유미
정원 10명",False
program_obud_delivery.xlsx,0322_연희축제프로그램,R53C6,2026. 5. 9.토,2026-05-09,11:00,,마이트리,빈야사 (60분),성욱 - 정원5명,5,"11:00
[마이트리]
빈야사 (60분)
-성욱 - 정원5명",False
program_obud_delivery.xlsx,0322_연희축제프로그램,R54C6,2026. 5. 9.토,2026-05-09,11:00,,무릉,티마인드풀니스 세션(90분),무릉 시현 - 정원 5명,5,"11:00
[무릉]
티마인드풀니스 세션(90분)
- 무릉 시현 - 정원 5명",False
program_obud_delivery.xlsx,0322_연희축제프로그램,R55C6,2026. 5. 9.토,2026-05-09,12:00,,연남장|커뮤니티허브,사일런트 핸드팬 명상 콘서트,마고사운드 정원 40명,40,"12:00
[연남장|커뮤니티허브]
사일런트 핸드팬 명상 콘서트
-마고사운드 정원 40명",False
program_obud_delivery.xlsx,0322_연희축제프로그램,R56C6,2026. 5. 9.토,2026-05-09,12:00,,마이트리,얼라인요가(60분),준아 -정원5명,5,"12:00
[마이트리]
얼라인요가(60분) 
-준아 -정원5명",False
program_obud_delivery.xlsx,0322_연희축제프로그램,R57C6,2026. 5. 9.토,2026-05-09,13:30,,빅블루요가,호흡 어드밴스 : 숨의,환 (정원 5명),5,"13:30
[빅블루요가]
호흡 어드밴스 : 숨의 
리듬 익히기 (90분)
-환 (정원 5명)",False
program_obud_delivery.xlsx,0322_연희축제프로그램,R59C6,2026. 5. 9.토,2026-05-09,13:30,,크로스핏 데이스타 콜라보,요기를 위한 저강도 크로스핏 체험,데이스타 크로스핏 박스,14,"13:30
[크로스핏 데이스타 콜라보] 
요기를 위한 저강도 크로스핏 체험
-데이스타 크로스핏 박스
정원 14명",False
program_obud_delivery.xlsx,0322_연희축제프로그램,R58C6,2026. 5. 9.토,2026-05-09,14:00,,연남장|커뮤니티허브,파블로의 매트 필라테스,연남장 파블로,30,"14:00
[연남장|커뮤니티허브]
파블로의 매트 필라테스
-연남장 파블로 
정원 30명",False
program_obud_delivery.xlsx,0322_연희축제프로그램,R60C6,2026. 5. 9.토,2026-05-09,16:00,,연남장|커뮤니티허브,"바람과 땀, 그리고 알아차림 - 봄날의 역동적 명상",연남장 요가소년,30,"16:00
[연남장|커뮤니티허브]
바람과 땀, 그리고 알아차림 - 봄날의 역동적 명상 
(60분)
-연남장 요가소년
정원 30명",False
program_obud_delivery.xlsx,0322_연희축제프로그램,R61C6,2026. 5. 9.토,2026-05-09,18:00,,연남장|커뮤니티허브,하루 정리 요가 & 바이올린 콘서트(90분),연남장 준형 진수,30,"18:00
[연남장|커뮤니티허브]
하루 정리 요가 & 바이올린 콘서트(90분)
- 연남장 준형 진수
정원 30명",False
