source_file,source_line,class_date,day_number,start_time,end_time,location_text,class_title_text,class_title_without_teacher,teacher_text,reserved_count,capacity,fill_rate,raw_entry,raw_count_text,needs_review
onstudio_calendar_capacity_2026_yeonhui_yoga_week_2026-05-16.txt,69,2026-04-20,20,07:00,08:30,시이작,아쉬탕가 풀프라이머리 (준형),아쉬탕가 풀프라이머리,준형,4,4,1.0,07:00-08:30 [시이작] 아쉬탕가 풀프라이머리 (준형),4|4,False
onstudio_calendar_capacity_2026_yeonhui_yoga_week_2026-05-16.txt,71,2026-04-20,20,10:00,11:20,빅블루요가,정렬 에센스 (환),정렬 에센스,환,5,5,1.0,10:00-11:20 [빅블루요가] 정렬 에센스 (환),5|5,False
onstudio_calendar_capacity_2026_yeonhui_yoga_week_2026-05-16.txt,73,2026-04-20,20,10:30,11:30,마인드플로우,비기너요가 (유미),비기너요가,유미,10,10,1.0,10:30-11:30 [마인드플로우] 비기너요가 (유미),10|10,False
onstudio_calendar_capacity_2026_yeonhui_yoga_week_2026-05-16.txt,75,2026-04-20,20,11:50,12:50,마이트리,테라피 (성욱),테라피,성욱,6,6,1.0,11:50-12:50 [마이트리] 테라피 (성욱),6|6,False
onstudio_calendar_capacity_2026_yeonhui_yoga_week_2026-05-16.txt,77,2026-04-20,20,18:30,19:30,마인드플로우,비기너요가 (유미),비기너요가,유미,7,10,0.7,18:30-19:30 [마인드플로우] 비기너요가 (유미),7|10,False
onstudio_calendar_capacity_2026_yeonhui_yoga_week_2026-05-16.txt,79,2026-04-20,20,18:30,19:30,시이작,깨어나는 하타 (준호),깨어나는 하타,준호,4,4,1.0,18:30-19:30 [시이작] 깨어나는 하타 (준호),4|4,False
onstudio_calendar_capacity_2026_yeonhui_yoga_week_2026-05-16.txt,81,2026-04-20,20,19:00,20:00,마이트리,하타 (성욱),하타,성욱,3,5,0.6,19:00-20:00 [마이트리] 하타 (성욱),3|5,False
onstudio_calendar_capacity_2026_yeonhui_yoga_week_2026-05-16.txt,83,2026-04-20,20,19:30,20:40,빅블루요가,호흡 리커버리 (환),호흡 리커버리,환,5,5,1.0,19:30-20:40 [빅블루요가] 호흡 리커버리 (환),5|5,False
onstudio_calendar_capacity_2026_yeonhui_yoga_week_2026-05-16.txt,85,2026-04-20,20,20:00,21:00,마인드플로우,빈야사요가 (유미),빈야사요가,유미,7,10,0.7,20:00-21:00 [마인드플로우] 빈야사요가 (유미),7|10,False
onstudio_calendar_capacity_2026_yeonhui_yoga_week_2026-05-16.txt,87,2026-04-20,20,20:30,21:30,마이트리,테라피 (성욱),테라피,성욱,2,5,0.4,20:30-21:30 [마이트리] 테라피 (성욱),2|5,False
onstudio_calendar_capacity_2026_yeonhui_yoga_week_2026-05-16.txt,91,2026-04-21,21,07:00,08:00,마이트리,하타 (성욱),하타,성욱,3,5,0.6,07:00-08:00 [마이트리] 하타 (성욱),3|5,False
onstudio_calendar_capacity_2026_yeonhui_yoga_week_2026-05-16.txt,93,2026-04-21,21,08:45,09:45,시이작,숨쉬는 테라피 (준형),숨쉬는 테라피,준형,4,4,1.0,08:45-09:45 [시이작]숨쉬는 테라피 (준형),4|4,False
onstudio_calendar_capacity_2026_yeonhui_yoga_week_2026-05-16.txt,95,2026-04-21,21,10:00,11:20,빅블루요가,호흡 리커버리 (환),호흡 리커버리,환,2,5,0.4,10:00-11:20 [빅블루요가] 호흡 리커버리 (환),2|5,False
onstudio_calendar_capacity_2026_yeonhui_yoga_week_2026-05-16.txt,97,2026-04-21,21,10:30,11:30,마인드플로우,빈야사요가 (유미),빈야사요가,유미,6,10,0.6,10:30-11:30 [마인드플로우] 빈야사요가 (유미),6|10,False
onstudio_calendar_capacity_2026_yeonhui_yoga_week_2026-05-16.txt,99,2026-04-21,21,11:00,12:00,숨명상센터,향과 소리로 깨우는 오감명상 (수지),향과 소리로 깨우는 오감명상,수지,5,8,0.625,11:00-12:00 [숨명상센터] 향과 소리로 깨우는 오감명상 (수지),5|8,False
onstudio_calendar_capacity_2026_yeonhui_yoga_week_2026-05-16.txt,101,2026-04-21,21,18:30,19:30,마인드플로우,빈야사요가 (유미),빈야사요가,유미,1,10,0.1,18:30-19:30 [마인드플로우] 빈야사요가 (유미),1|10,False
onstudio_calendar_capacity_2026_yeonhui_yoga_week_2026-05-16.txt,103,2026-04-21,21,18:30,19:30,시이작,땀나는 아쉬탕가 (준형),땀나는 아쉬탕가,준형,4,4,1.0,18:30-19:30 [시이작] 땀나는 아쉬탕가 (준형),4|4,False
onstudio_calendar_capacity_2026_yeonhui_yoga_week_2026-05-16.txt,105,2026-04-21,21,19:00,20:00,마이트리,얼라인 요가 (준아),얼라인 요가,준아,2,5,0.4,19:00-20:00 [마이트리] 얼라인 요가 (준아),2|5,False
onstudio_calendar_capacity_2026_yeonhui_yoga_week_2026-05-16.txt,107,2026-04-21,21,19:30,20:40,빅블루요가,정렬 에센스 (환),정렬 에센스,환,3,5,0.6,19:30-20:40 [빅블루요가] 정렬 에센스 (환),3|5,False
onstudio_calendar_capacity_2026_yeonhui_yoga_week_2026-05-16.txt,109,2026-04-21,21,19:50,20:50,시이작,땀나는 하타 (수인),땀나는 하타,수인,4,4,1.0,19:50-20:50 [시이작] 땀나는 하타 (수인),4|4,False
onstudio_calendar_capacity_2026_yeonhui_yoga_week_2026-05-16.txt,111,2026-04-21,21,20:00,21:00,마인드플로우,비기너요가 (유미),비기너요가,유미,4,10,0.4,20:00-21:00 [마인드플로우] 비기너요가 (유미),4|10,False
onstudio_calendar_capacity_2026_yeonhui_yoga_week_2026-05-16.txt,113,2026-04-21,21,20:30,21:30,마이트리,빈야사 (준아),빈야사,준아,2,5,0.4,20:30-21:30 [마이트리] 빈야사 (준아),2|5,False
onstudio_calendar_capacity_2026_yeonhui_yoga_week_2026-05-16.txt,117,2026-04-22,22,07:00,08:00,시이작,땀나는 아쉬탕가 (준형),땀나는 아쉬탕가,준형,3,4,0.75,07:00-08:00 [시이작] 땀나는 아쉬탕가 (준형),3|4,False
onstudio_calendar_capacity_2026_yeonhui_yoga_week_2026-05-16.txt,119,2026-04-22,22,10:00,11:20,빅블루요가,정렬 에센스 (환),정렬 에센스,환,4,5,0.8,10:00-11:20 [빅블루요가] 정렬 에센스 (환),4|5,False
onstudio_calendar_capacity_2026_yeonhui_yoga_week_2026-05-16.txt,121,2026-04-22,22,10:30,11:30,마인드플로우,하타요가 (유미),하타요가,유미,5,10,0.5,10:30-11:30 [마인드플로우] 하타요가 (유미),5|10,False
onstudio_calendar_capacity_2026_yeonhui_yoga_week_2026-05-16.txt,123,2026-04-22,22,11:50,12:50,마이트리,빈야사 (성욱),빈야사,성욱,3,5,0.6,11:50-12:50 [마이트리] 빈야사 (성욱),3|5,False
onstudio_calendar_capacity_2026_yeonhui_yoga_week_2026-05-16.txt,125,2026-04-22,22,12:00,13:00,시이작,숨쉬는 테라피 (수인),숨쉬는 테라피,수인,2,4,0.5,12:00-13:00 [시이작] 숨쉬는 테라피 (수인),2|4,False
onstudio_calendar_capacity_2026_yeonhui_yoga_week_2026-05-16.txt,127,2026-04-22,22,13:30,15:00,마이트리,하타 집중 (지바나),하타 집중,지바나,4,5,0.8,13:30-15:00 [마이트리] 하타 집중 (지바나),4|5,False
onstudio_calendar_capacity_2026_yeonhui_yoga_week_2026-05-16.txt,129,2026-04-22,22,18:30,19:30,마인드플로우,움직임명상 (유미),움직임명상,유미,0,10,0.0,18:30-19:30 [마인드플로우] 움직임명상 (유미),0|10,False
onstudio_calendar_capacity_2026_yeonhui_yoga_week_2026-05-16.txt,131,2026-04-22,22,18:30,19:30,시이작,깨어나는 빈야사 (예진),깨어나는 빈야사,예진,2,4,0.5,18:30-19:30 [시이작] 깨어나는 빈야사 (예진),2|4,False
onstudio_calendar_capacity_2026_yeonhui_yoga_week_2026-05-16.txt,133,2026-04-22,22,19:00,20:00,너울너울,소매틱뮤직 'Handpan Doodle' (미지수),소매틱뮤직 'Handpan Doodle',미지수,5,5,1.0,19:00-20:00 [너울너울] 소매틱뮤직 'Handpan Doodle' (미지수),5|5,False
onstudio_calendar_capacity_2026_yeonhui_yoga_week_2026-05-16.txt,135,2026-04-22,22,19:00,20:00,마이트리,하타 (연우),하타,연우,5,5,1.0,19:00-20:00 [마이트리] 하타 (연우),5|5,False
onstudio_calendar_capacity_2026_yeonhui_yoga_week_2026-05-16.txt,137,2026-04-22,22,19:30,20:40,빅블루요가,호흡 리커버리 (환),호흡 리커버리,환,2,5,0.4,19:30-20:40 [빅블루요가] 호흡 리커버리 (환),2|5,False
onstudio_calendar_capacity_2026_yeonhui_yoga_week_2026-05-16.txt,139,2026-04-22,22,19:50,20:50,시이작,다독이는 인요가 (예진),다독이는 인요가,예진,3,4,0.75,19:50-20:50 [시이작] 다독이는 인요가 (예진),3|4,False
onstudio_calendar_capacity_2026_yeonhui_yoga_week_2026-05-16.txt,141,2026-04-22,22,20:00,21:00,마인드플로우,하타요가 (유미),하타요가,유미,2,10,0.2,20:00-21:00 [마인드플로우] 하타요가 (유미),2|10,False
onstudio_calendar_capacity_2026_yeonhui_yoga_week_2026-05-16.txt,143,2026-04-22,22,20:30,21:30,마이트리,아쉬탕가 (연우),아쉬탕가,연우,1,5,0.2,20:30-21:30 [마이트리] 아쉬탕가 (연우),1|5,False
onstudio_calendar_capacity_2026_yeonhui_yoga_week_2026-05-16.txt,147,2026-04-23,23,07:00,08:00,마이트리,빈야사 (성욱),빈야사,성욱,0,5,0.0,07:00-08:00 [마이트리] 빈야사 (성욱),0|5,False
onstudio_calendar_capacity_2026_yeonhui_yoga_week_2026-05-16.txt,149,2026-04-23,23,07:00,08:00,시이작,초급 빈야사 (준형),초급 빈야사,준형,4,4,1.0,07:00-08:00 [시이작] 초급 빈야사 (준형),4|4,False
onstudio_calendar_capacity_2026_yeonhui_yoga_week_2026-05-16.txt,151,2026-04-23,23,10:00,11:00,마이트리,하타베이직 (성욱),하타베이직,성욱,5,5,1.0,10:00-11:00 [마이트리] 하타베이직 (성욱),5|5,False
onstudio_calendar_capacity_2026_yeonhui_yoga_week_2026-05-16.txt,153,2026-04-23,23,10:00,11:00,빅블루요가,호흡 리커버리 (환),호흡 리커버리,환,5,5,1.0,10:00-11:00 [빅블루요가] 호흡 리커버리 (환),5|5,False
onstudio_calendar_capacity_2026_yeonhui_yoga_week_2026-05-16.txt,155,2026-04-23,23,10:30,11:30,마인드플로우,빈야사요가 (보람),빈야사요가,보람,6,10,0.6,10:30-11:30 [마인드플로우] 빈야사요가 (보람),6|10,False
onstudio_calendar_capacity_2026_yeonhui_yoga_week_2026-05-16.txt,157,2026-04-23,23,11:00,12:00,숨 명상센터,마음의 평온을 찾는 호흡명상 (수지),마음의 평온을 찾는 호흡명상,수지,3,8,0.375,11:00-12:00 [숨 명상센터]마음의 평온을 찾는 호흡명상 (수지),3|8,False
onstudio_calendar_capacity_2026_yeonhui_yoga_week_2026-05-16.txt,159,2026-04-23,23,12:00,13:00,시이작,땀나는 하타 (수인),땀나는 하타,수인,4,4,1.0,12:00-13:00 [시이작] 땀나는 하타 (수인),4|4,False
onstudio_calendar_capacity_2026_yeonhui_yoga_week_2026-05-16.txt,161,2026-04-23,23,17:00,18:00,너울너울,소매틱뮤직 'Handpan Doodle' (미지수),소매틱뮤직 'Handpan Doodle',미지수,2,5,0.4,17:00-18:00 [너울너울] 소매틱뮤직 'Handpan Doodle' (미지수),2|5,False
onstudio_calendar_capacity_2026_yeonhui_yoga_week_2026-05-16.txt,163,2026-04-23,23,18:30,19:30,마인드플로우,빈야사요가 (유미),빈야사요가,유미,5,10,0.5,18:30-19:30 [마인드플로우] 빈야사요가 (유미),5|10,False
onstudio_calendar_capacity_2026_yeonhui_yoga_week_2026-05-16.txt,165,2026-04-23,23,18:30,19:30,시이작,땀나는 빈야사 (준형),땀나는 빈야사,준형,4,4,1.0,18:30-19:30 [시이작] 땀나는 빈야사 (준형),4|4,False
onstudio_calendar_capacity_2026_yeonhui_yoga_week_2026-05-16.txt,167,2026-04-23,23,19:00,20:00,너울너울,소매틱뮤직 'Handpan Doodle' (미지수),소매틱뮤직 'Handpan Doodle',미지수,2,5,0.4,19:00-20:00 [너울너울] 소매틱뮤직 'Handpan Doodle' (미지수),2|5,False
onstudio_calendar_capacity_2026_yeonhui_yoga_week_2026-05-16.txt,169,2026-04-23,23,19:00,20:00,마이트리,테라피 (준아),테라피,준아,0,5,0.0,19:00-20:00 [마이트리] 테라피 (준아),0|5,False
onstudio_calendar_capacity_2026_yeonhui_yoga_week_2026-05-16.txt,171,2026-04-23,23,19:30,20:30,숨명상센터,향과 소리로 깨우는 오감명상 (수지),향과 소리로 깨우는 오감명상,수지,6,8,0.75,19:30-20:30 [숨명상센터] 향과 소리로 깨우는 오감명상 (수지),6|8,False
onstudio_calendar_capacity_2026_yeonhui_yoga_week_2026-05-16.txt,173,2026-04-23,23,19:30,20:40,빅블루요가,정렬 에센스 (환),정렬 에센스,환,4,5,0.8,19:30-20:40 [빅블루요가] 정렬 에센스 (환),4|5,False
onstudio_calendar_capacity_2026_yeonhui_yoga_week_2026-05-16.txt,175,2026-04-23,23,19:50,20:50,시이작,땀나는 아쉬탕가 (준형),땀나는 아쉬탕가,준형,4,4,1.0,19:50-20:50 [시이작] 땀나는 아쉬탕가 (준형),4|4,False
onstudio_calendar_capacity_2026_yeonhui_yoga_week_2026-05-16.txt,177,2026-04-23,23,20:00,21:00,마인드플로우,비기너요가 (유미),비기너요가,유미,3,5,0.6,20:00-21:00 [마인드플로우] 비기너요가 (유미),3|5,False
onstudio_calendar_capacity_2026_yeonhui_yoga_week_2026-05-16.txt,179,2026-04-23,23,20:30,21:30,마이트리,빈야사 어드밴스 (준아),빈야사 어드밴스,준아,2,5,0.4,20:30-21:30 [마이트리] 빈야사 어드밴스 (준아),2|5,False
onstudio_calendar_capacity_2026_yeonhui_yoga_week_2026-05-16.txt,183,2026-04-24,24,08:45,09:45,시이작,땀나는 빈야사 (준형),땀나는 빈야사,준형,4,4,1.0,08:45-09:45 [시이작] 땀나는 빈야사 (준형),4|4,False
onstudio_calendar_capacity_2026_yeonhui_yoga_week_2026-05-16.txt,185,2026-04-24,24,10:00,11:20,빅블루요가,정렬 에센스 (환),정렬 에센스,환,5,5,1.0,10:00-11:20 [빅블루요가] 정렬 에센스 (환),5|5,False
onstudio_calendar_capacity_2026_yeonhui_yoga_week_2026-05-16.txt,187,2026-04-24,24,10:30,11:30,마인드플로우,비기너요가 (유미),비기너요가,유미,6,10,0.6,10:30-11:30 [마인드플로우] 비기너요가 (유미),6|10,False
onstudio_calendar_capacity_2026_yeonhui_yoga_week_2026-05-16.txt,189,2026-04-24,24,11:50,12:50,마이트리,하타 (지바나),하타,지바나,5,5,1.0,11:50-12:50 [마이트리] 하타 (지바나),5|5,False
onstudio_calendar_capacity_2026_yeonhui_yoga_week_2026-05-16.txt,191,2026-04-24,24,13:30,15:00,마이트리,빈야사 AD (준아),빈야사 AD,준아,4,5,0.8,13:30-15:00 [마이트리] 빈야사 AD (준아),4|5,False
onstudio_calendar_capacity_2026_yeonhui_yoga_week_2026-05-16.txt,193,2026-04-24,24,17:00,18:00,너울너울,소매틱뮤직 'Handpan Doodle' (미지수),소매틱뮤직 'Handpan Doodle',미지수,4,5,0.8,17:00-18:00 [너울너울] 소매틱뮤직 'Handpan Doodle' (미지수),4|5,False
onstudio_calendar_capacity_2026_yeonhui_yoga_week_2026-05-16.txt,195,2026-04-24,24,18:30,19:30,마인드플로우,하타요가 (고은),하타요가,고은,8,10,0.8,18:30-19:30 [마인드플로우] 하타요가 (고은),8|10,False
onstudio_calendar_capacity_2026_yeonhui_yoga_week_2026-05-16.txt,197,2026-04-24,24,18:30,19:30,시이작,다독이는 인요가 (예진),다독이는 인요가,예진,3,4,0.75,18:30-19:30 [시이작] 다독이는 인요가 (예진),3|4,False
onstudio_calendar_capacity_2026_yeonhui_yoga_week_2026-05-16.txt,199,2026-04-24,24,19:00,20:00,너울너울,소매틱뮤직 'Handpan Doodle' (미지수),소매틱뮤직 'Handpan Doodle',미지수,1,5,0.2,19:00-20:00 [너울너울] 소매틱뮤직 'Handpan Doodle' (미지수),1|5,False
onstudio_calendar_capacity_2026_yeonhui_yoga_week_2026-05-16.txt,201,2026-04-24,24,19:00,20:00,마이트리,아쉬탕가 (연우),아쉬탕가,연우,5,5,1.0,19:00-20:00 [마이트리] 아쉬탕가 (연우),5|5,False
onstudio_calendar_capacity_2026_yeonhui_yoga_week_2026-05-16.txt,203,2026-04-24,24,19:50,20:50,시이작,땀나는 빈야사 (준형),땀나는 빈야사,준형,4,4,1.0,19:50-20:50 [시이작] 땀나는 빈야사 (준형),4|4,False
onstudio_calendar_capacity_2026_yeonhui_yoga_week_2026-05-16.txt,205,2026-04-24,24,20:00,21:00,마인드플로우,빈야사요가 (고은),빈야사요가,고은,8,10,0.8,20:00-21:00 [마인드플로우] 빈야사요가 (고은),8|10,False
onstudio_calendar_capacity_2026_yeonhui_yoga_week_2026-05-16.txt,207,2026-04-24,24,20:30,21:30,마이트리,테라피 (연우),테라피,연우,4,5,0.8,20:30-21:30 [마이트리] 테라피 (연우),4|5,False
onstudio_calendar_capacity_2026_yeonhui_yoga_week_2026-05-16.txt,211,2026-04-25,25,10:00,11:00,연희정음|랜드마크,부드럽게 비기너요가 (유미),부드럽게 비기너요가,유미,10,10,1.0,10:00-11:00 [연희정음|랜드마크] 부드럽게 비기너요가 (유미),10|10,False
onstudio_calendar_capacity_2026_yeonhui_yoga_week_2026-05-16.txt,213,2026-04-25,25,10:00,11:20,빅블루요가,정렬 에센스 (환),정렬 에센스,환,6,6,1.0,10:00-11:20 [빅블루요가] 정렬 에센스 (환),6|6,False
onstudio_calendar_capacity_2026_yeonhui_yoga_week_2026-05-16.txt,215,2026-04-25,25,11:00,12:00,마이트리,빈야사 (성욱),빈야사,성욱,5,5,1.0,11:00-12:00 [마이트리] 빈야사 (성욱),5|5,False
onstudio_calendar_capacity_2026_yeonhui_yoga_week_2026-05-16.txt,217,2026-04-25,25,11:00,12:30,시이작|연희스페셜,러닝으로 이어지는 명상 with 프라우카 (종민),러닝으로 이어지는 명상 with 프라우카,종민,14,14,1.0,11:00-12:30 [시이작|연희스페셜] 러닝으로 이어지는 명상 with 프라우카 (종민),14|14,False
onstudio_calendar_capacity_2026_yeonhui_yoga_week_2026-05-16.txt,219,2026-04-25,25,12:00,13:00,연희정음|랜드마크,무릉 엠비언트 콘서트 - 무릉 숨비소리 (숨비소리),무릉 엠비언트 콘서트 - 무릉 숨비소리,숨비소리,15,15,1.0,12:00-13:00 [연희정음|랜드마크] 무릉 엠비언트 콘서트 - 무릉 숨비소리 (숨비소리),15|15,False
onstudio_calendar_capacity_2026_yeonhui_yoga_week_2026-05-16.txt,221,2026-04-25,25,13:30,15:00,빅블루요가|연희스페셜,호흡어드밴스 : 숨의 리듬 익히기,호흡어드밴스 : 숨의 리듬 익히기,,7,7,1.0,13:30-15:00 [빅블루요가|연희스페셜] 호흡어드밴스 : 숨의 리듬 익히기,7|7,False
onstudio_calendar_capacity_2026_yeonhui_yoga_week_2026-05-16.txt,223,2026-04-25,25,14:00,15:00,연희정음|랜드마크,봄햇살 아래 나른한 힐링요가 (수인),봄햇살 아래 나른한 힐링요가,수인,10,10,1.0,14:00-15:00 [연희정음|랜드마크] 봄햇살 아래 나른한 힐링요가 (수인),10|10,False
onstudio_calendar_capacity_2026_yeonhui_yoga_week_2026-05-16.txt,225,2026-04-25,25,16:00,17:00,연희정음|랜드마크,명상 흐름의 슬로우 빈야사 (고은),명상 흐름의 슬로우 빈야사,고은,10,10,1.0,16:00-17:00 [연희정음|랜드마크] 명상 흐름의 슬로우 빈야사 (고은),10|10,False
onstudio_calendar_capacity_2026_yeonhui_yoga_week_2026-05-16.txt,227,2026-04-25,25,18:00,19:00,연희정음|랜드마크,핸드팬에 잠기는 저녁 요가 명상 with 칼레트 (준형 & 마고사운드),핸드팬에 잠기는 저녁 요가 명상 with 칼레트,준형 & 마고사운드,8,8,1.0,18:00-19:00 [연희정음|랜드마크] 핸드팬에 잠기는 저녁 요가 명상 with 칼레트 (준형 & 마고사운드),8|8,False
onstudio_calendar_capacity_2026_yeonhui_yoga_week_2026-05-16.txt,231,2026-04-26,26,10:00,11:00,연남장|커뮤니티허브,차근 차근 몸을 깨우는 하타요가 (유미),차근 차근 몸을 깨우는 하타요가,유미,25,29,0.8621,10:00-11:00 [연남장|커뮤니티허브] 차근 차근 몸을 깨우는 하타요가 (유미),25|29,False
onstudio_calendar_capacity_2026_yeonhui_yoga_week_2026-05-16.txt,233,2026-04-26,26,10:00,11:00,연희정음|랜드마크,빅블루의 호흡 회복 요가 (환),빅블루의 호흡 회복 요가,환,9,10,0.9,10:00-11:00 [연희정음|랜드마크] 빅블루의 호흡 회복 요가 (환),9|10,False
onstudio_calendar_capacity_2026_yeonhui_yoga_week_2026-05-16.txt,235,2026-04-26,26,12:00,13:00,연남장|커뮤니티허브,처음이라 좋은 아쉬탕가 with 베지어트 (준형),처음이라 좋은 아쉬탕가 with 베지어트,준형,28,28,1.0,12:00-13:00 [연남장|커뮤니티허브]처음이라 좋은 아쉬탕가 with 베지어트 (준형),28|28,False
onstudio_calendar_capacity_2026_yeonhui_yoga_week_2026-05-16.txt,237,2026-04-26,26,12:00,13:00,연희정음|랜드마크,무릉 엠비언트 콘서트 - 무릉 숨비소리 (숨비소리),무릉 엠비언트 콘서트 - 무릉 숨비소리,숨비소리,8,10,0.8,12:00-13:00 [연희정음|랜드마크] 무릉 엠비언트 콘서트 - 무릉 숨비소리 (숨비소리),8|10,False
onstudio_calendar_capacity_2026_yeonhui_yoga_week_2026-05-16.txt,239,2026-04-26,26,13:15,14:30,연남장|커뮤니티허브,비트박스 공연과 호흡소리로 몰입하는 요가 (환),비트박스 공연과 호흡소리로 몰입하는 요가,환,13,30,0.4333,13:15-14:30 [연남장|커뮤니티허브] 비트박스 공연과 호흡소리로 몰입하는 요가 (환),13|30,False
onstudio_calendar_capacity_2026_yeonhui_yoga_week_2026-05-16.txt,241,2026-04-26,26,14:00,15:40,연희정음|랜드마크,인요가와 저널링 with 프라우카 (예진),인요가와 저널링 with 프라우카,예진,20,20,1.0,14:00-15:40 [연희정음|랜드마크]인요가와 저널링 with 프라우카 (예진),20|20,False
onstudio_calendar_capacity_2026_yeonhui_yoga_week_2026-05-16.txt,243,2026-04-26,26,15:00,16:00,연남장|커뮤니티허브,마인드풀니스 테라피 요가 (아카샤(은채)),마인드풀니스 테라피 요가 (아카샤(은채)),,28,28,1.0,15:00-16:00 [연남장|커뮤니티허브] 마인드풀니스 테라피 요가 (아카샤(은채)),28|28,False
onstudio_calendar_capacity_2026_yeonhui_yoga_week_2026-05-16.txt,245,2026-04-26,26,16:30,17:30,연남장|커뮤니티허브,Forrestyoga의 움직임을 기반으로 내몸의 바른 사용법 찾아가기 (미쉘),Forrestyoga의 움직임을 기반으로 내몸의 바른 사용법 찾아가기,미쉘,30,30,1.0,16:30-17:30 [연남장|커뮤니티허브]Forrestyoga의 움직임을 기반으로 내몸의 바른 사용법 찾아가기 (미쉘),30|30,False
onstudio_calendar_capacity_2026_yeonhui_yoga_week_2026-05-16.txt,247,2026-04-26,26,17:30,18:30,연희정음|랜드마크,"예술 명상 콘서트-피아노 기타 연주와 그림 감상을 하며, 마음에 스며드는 명상 콘서트 (수지)","예술 명상 콘서트-피아노 기타 연주와 그림 감상을 하며, 마음에 스며드는 명상 콘서트",수지,4,20,0.2,"17:30-18:30 [연희정음|랜드마크]예술 명상 콘서트-피아노 기타 연주와 그림 감상을 하며, 마음에 스며드는 명상 콘서트 (수지)",4|20,False
onstudio_calendar_capacity_2026_yeonhui_yoga_week_2026-05-16.txt,249,2026-04-26,26,18:00,19:00,마인드플로우|연희스페셜,몸으로 하는 선셋 자애 명상 (유미),몸으로 하는 선셋 자애 명상,유미,9,9,1.0,18:00-19:00 [마인드플로우|연희스페셜] 몸으로 하는 선셋 자애 명상 (유미),9|9,False
onstudio_calendar_capacity_2026_yeonhui_yoga_week_2026-05-16.txt,251,2026-04-26,26,18:00,19:00,연남장|커뮤니티허브,숨비소리 사운드 리추얼 (숨비소리),숨비소리 사운드 리추얼,숨비소리,8,20,0.4,18:00-19:00 [연남장|커뮤니티허브]숨비소리 사운드 리추얼 (숨비소리),8|20,False
onstudio_calendar_capacity_2026_yeonhui_yoga_week_2026-05-16.txt,253,2026-04-26,26,19:30,20:30,연희정음,핸드팬 사운드스케이프 '일렁' (미지수),핸드팬 사운드스케이프 '일렁',미지수,2,15,0.1333,19:30-20:30 [연희정음] 핸드팬 사운드스케이프 '일렁' (미지수),2|15,False
onstudio_calendar_capacity_2026_yeonhui_yoga_week_2026-05-16.txt,255,2026-04-26,26,19:50,21:20,시이작,땀나는 하타 (수인),땀나는 하타,수인,7,7,1.0,19:50-21:20 [시이작] 땀나는 하타 (수인),7|7,False
onstudio_calendar_capacity_2026_yeonhui_yoga_week_2026-05-16.txt,259,2026-04-27,27,07:00,08:30,시이작,아쉬탕가 풀프라이머리 (준형),아쉬탕가 풀프라이머리,준형,3,4,0.75,07:00-08:30 [시이작] 아쉬탕가 풀프라이머리 (준형),3|4,False
onstudio_calendar_capacity_2026_yeonhui_yoga_week_2026-05-16.txt,261,2026-04-27,27,10:00,11:20,빅블루요가,정렬 에센스 (환),정렬 에센스,환,6,6,1.0,10:00-11:20 [빅블루요가] 정렬 에센스 (환),6|6,False
onstudio_calendar_capacity_2026_yeonhui_yoga_week_2026-05-16.txt,263,2026-04-27,27,10:30,11:30,마인드플로우,비기너요가 (유미),비기너요가,유미,4,10,0.4,10:30-11:30 [마인드플로우] 비기너요가 (유미),4|10,False
onstudio_calendar_capacity_2026_yeonhui_yoga_week_2026-05-16.txt,265,2026-04-27,27,11:50,12:50,마이트리,테라피 (성욱),테라피,성욱,5,5,1.0,11:50-12:50 [마이트리] 테라피 (성욱),5|5,False
onstudio_calendar_capacity_2026_yeonhui_yoga_week_2026-05-16.txt,267,2026-04-27,27,18:30,19:30,마인드플로우,비기너요가 (유미),비기너요가,유미,1,10,0.1,18:30-19:30 [마인드플로우] 비기너요가 (유미),1|10,False
onstudio_calendar_capacity_2026_yeonhui_yoga_week_2026-05-16.txt,269,2026-04-27,27,18:30,19:30,시이작,깨어나는 하타 (준호),깨어나는 하타,준호,4,4,1.0,18:30-19:30 [시이작] 깨어나는 하타 (준호),4|4,False
onstudio_calendar_capacity_2026_yeonhui_yoga_week_2026-05-16.txt,271,2026-04-27,27,19:00,20:00,마이트리,하타 (성욱),하타,성욱,3,5,0.6,19:00-20:00 [마이트리] 하타 (성욱),3|5,False
onstudio_calendar_capacity_2026_yeonhui_yoga_week_2026-05-16.txt,273,2026-04-27,27,19:30,20:40,빅블루요가,호흡 리커버리 (환),호흡 리커버리,환,4,6,0.6667,19:30-20:40 [빅블루요가] 호흡 리커버리 (환),4|6,False
onstudio_calendar_capacity_2026_yeonhui_yoga_week_2026-05-16.txt,275,2026-04-27,27,20:00,21:00,마인드플로우,빈야사요가 (유미),빈야사요가,유미,5,10,0.5,20:00-21:00 [마인드플로우] 빈야사요가 (유미),5|10,False
onstudio_calendar_capacity_2026_yeonhui_yoga_week_2026-05-16.txt,277,2026-04-27,27,20:30,21:30,마이트리,테라피 (성욱),테라피,성욱,4,5,0.8,20:30-21:30 [마이트리] 테라피 (성욱),4|5,False
onstudio_calendar_capacity_2026_yeonhui_yoga_week_2026-05-16.txt,281,2026-04-28,28,07:00,08:00,마이트리,하타 (성욱),하타,성욱,2,5,0.4,07:00-08:00 [마이트리] 하타 (성욱),2|5,False
onstudio_calendar_capacity_2026_yeonhui_yoga_week_2026-05-16.txt,283,2026-04-28,28,08:45,09:45,시이작,테라피 쉬운 요가 (준형),테라피 쉬운 요가,준형,4,4,1.0,08:45-09:45 [시이작] 테라피 쉬운 요가 (준형),4|4,False
onstudio_calendar_capacity_2026_yeonhui_yoga_week_2026-05-16.txt,285,2026-04-28,28,10:00,11:20,빅블루요가,호흡 리커버리 (환),호흡 리커버리,환,6,6,1.0,10:00-11:20 [빅블루요가] 호흡 리커버리 (환),6|6,False
onstudio_calendar_capacity_2026_yeonhui_yoga_week_2026-05-16.txt,287,2026-04-28,28,10:30,11:30,마인드플로우,빈야사요가 (유미),빈야사요가,유미,8,10,0.8,10:30-11:30 [마인드플로우] 빈야사요가 (유미),8|10,False
onstudio_calendar_capacity_2026_yeonhui_yoga_week_2026-05-16.txt,289,2026-04-28,28,18:30,19:30,마인드플로우,빈야사요가 (유미),빈야사요가,유미,2,5,0.4,18:30-19:30 [마인드플로우] 빈야사요가 (유미),2|5,False
onstudio_calendar_capacity_2026_yeonhui_yoga_week_2026-05-16.txt,291,2026-04-28,28,18:30,19:30,시이작,땀나는 아쉬탕가 (준형),땀나는 아쉬탕가,준형,4,4,1.0,18:30-19:30 [시이작] 땀나는 아쉬탕가 (준형),4|4,False
onstudio_calendar_capacity_2026_yeonhui_yoga_week_2026-05-16.txt,293,2026-04-28,28,19:00,20:00,마이트리,얼라인 요가 (준아),얼라인 요가,준아,5,5,1.0,19:00-20:00 [마이트리] 얼라인 요가 (준아),5|5,False
onstudio_calendar_capacity_2026_yeonhui_yoga_week_2026-05-16.txt,295,2026-04-28,28,19:30,20:30,숨명상센터,숙면을 위한 바디스캔 (수지),숙면을 위한 바디스캔,수지,5,6,0.8333,19:30-20:30 [숨명상센터] 숙면을 위한 바디스캔 (수지),5|6,False
onstudio_calendar_capacity_2026_yeonhui_yoga_week_2026-05-16.txt,297,2026-04-28,28,19:30,20:40,빅블루요가,정렬 에센스 (환),정렬 에센스,환,7,7,1.0,19:30-20:40 [빅블루요가] 정렬 에센스 (환),7|7,False
onstudio_calendar_capacity_2026_yeonhui_yoga_week_2026-05-16.txt,299,2026-04-28,28,19:50,20:50,시이작,땀나는 하타 (수인),땀나는 하타,수인,4,4,1.0,19:50-20:50 [시이작] 땀나는 하타 (수인),4|4,False
onstudio_calendar_capacity_2026_yeonhui_yoga_week_2026-05-16.txt,301,2026-04-28,28,20:00,21:00,마인드플로우,비기너요가 (유미),비기너요가,유미,2,5,0.4,20:00-21:00 [마인드플로우] 비기너요가 (유미),2|5,False
onstudio_calendar_capacity_2026_yeonhui_yoga_week_2026-05-16.txt,303,2026-04-28,28,20:30,21:30,마이트리,빈야사 (준아),빈야사,준아,1,5,0.2,20:30-21:30 [마이트리] 빈야사 (준아),1|5,False
onstudio_calendar_capacity_2026_yeonhui_yoga_week_2026-05-16.txt,307,2026-04-29,29,07:00,08:00,시이작,땀나는 아쉬탕가 (준형),땀나는 아쉬탕가,준형,4,4,1.0,07:00-08:00 [시이작] 땀나는 아쉬탕가 (준형),4|4,False
onstudio_calendar_capacity_2026_yeonhui_yoga_week_2026-05-16.txt,309,2026-04-29,29,10:00,11:20,빅블루요가,정렬 에센스 (환),정렬 에센스,환,7,7,1.0,10:00-11:20 [빅블루요가] 정렬 에센스 (환),7|7,False
onstudio_calendar_capacity_2026_yeonhui_yoga_week_2026-05-16.txt,311,2026-04-29,29,10:30,11:30,마인드플로우,하타요가 (유미),하타요가,유미,4,10,0.4,10:30-11:30 [마인드플로우] 하타요가 (유미),4|10,False
onstudio_calendar_capacity_2026_yeonhui_yoga_week_2026-05-16.txt,313,2026-04-29,29,11:50,12:50,마이트리,빈야사 (성욱),빈야사,성욱,4,5,0.8,11:50-12:50 [마이트리] 빈야사 (성욱),4|5,False
onstudio_calendar_capacity_2026_yeonhui_yoga_week_2026-05-16.txt,315,2026-04-29,29,12:00,13:00,시이작,숨쉬는 테라피 (수인),숨쉬는 테라피,수인,4,4,1.0,12:00-13:00 [시이작] 숨쉬는 테라피 (수인),4|4,False
onstudio_calendar_capacity_2026_yeonhui_yoga_week_2026-05-16.txt,317,2026-04-29,29,13:30,15:00,마이트리,하타 집중 (지바나),하타 집중,지바나,3,5,0.6,13:30-15:00 [마이트리] 하타 집중 (지바나),3|5,False
onstudio_calendar_capacity_2026_yeonhui_yoga_week_2026-05-16.txt,319,2026-04-29,29,18:30,19:30,마인드플로우,움직임명상 (유미),움직임명상,유미,3,6,0.5,18:30-19:30 [마인드플로우] 움직임명상 (유미),3|6,False
onstudio_calendar_capacity_2026_yeonhui_yoga_week_2026-05-16.txt,321,2026-04-29,29,18:30,19:30,시이작,깨어나는 빈야사 (예진),깨어나는 빈야사,예진,4,4,1.0,18:30-19:30 [시이작] 깨어나는 빈야사 (예진),4|4,False
onstudio_calendar_capacity_2026_yeonhui_yoga_week_2026-05-16.txt,323,2026-04-29,29,19:00,20:00,마이트리,하타 (연우),하타,연우,5,5,1.0,19:00-20:00 [마이트리] 하타 (연우),5|5,False
onstudio_calendar_capacity_2026_yeonhui_yoga_week_2026-05-16.txt,325,2026-04-29,29,19:30,20:40,빅블루요가,호흡 리커버리 (환),호흡 리커버리,환,6,6,1.0,19:30-20:40 [빅블루요가] 호흡 리커버리 (환),6|6,False
onstudio_calendar_capacity_2026_yeonhui_yoga_week_2026-05-16.txt,327,2026-04-29,29,19:50,20:50,시이작,다독이는 인요가 (예진),다독이는 인요가,예진,4,4,1.0,19:50-20:50 [시이작] 다독이는 인요가 (예진),4|4,False
onstudio_calendar_capacity_2026_yeonhui_yoga_week_2026-05-16.txt,329,2026-04-29,29,20:00,21:00,마인드플로우,하타요가 (유미),하타요가,유미,4,6,0.6667,20:00-21:00 [마인드플로우] 하타요가 (유미),4|6,False
onstudio_calendar_capacity_2026_yeonhui_yoga_week_2026-05-16.txt,331,2026-04-29,29,20:30,21:30,마이트리,아쉬탕가 (연우),아쉬탕가,연우,2,5,0.4,20:30-21:30 [마이트리] 아쉬탕가 (연우),2|5,False
onstudio_calendar_capacity_2026_yeonhui_yoga_week_2026-05-16.txt,335,2026-04-30,30,07:00,08:00,마이트리,빈야사 (성욱),빈야사,성욱,0,5,0.0,07:00-08:00 [마이트리] 빈야사 (성욱),0|5,False
onstudio_calendar_capacity_2026_yeonhui_yoga_week_2026-05-16.txt,337,2026-04-30,30,07:00,08:00,시이작,초급 빈야사 (준형),초급 빈야사,준형,2,4,0.5,07:00-08:00 [시이작] 초급 빈야사 (준형),2|4,False
onstudio_calendar_capacity_2026_yeonhui_yoga_week_2026-05-16.txt,339,2026-04-30,30,10:00,11:00,마이트리,하타베이직 (성욱),하타베이직,성욱,5,5,1.0,10:00-11:00 [마이트리] 하타베이직 (성욱),5|5,False
onstudio_calendar_capacity_2026_yeonhui_yoga_week_2026-05-16.txt,341,2026-04-30,30,10:00,11:20,빅블루요가,호흡 리커버리 (환),호흡 리커버리,환,8,8,1.0,10:00-11:20 [빅블루요가] 호흡 리커버리 (환),8|8,False
onstudio_calendar_capacity_2026_yeonhui_yoga_week_2026-05-16.txt,343,2026-04-30,30,10:30,11:30,마인드플로우,빈야사요가 (보람),빈야사요가,보람,4,10,0.4,10:30-11:30 [마인드플로우] 빈야사요가 (보람),4|10,False
onstudio_calendar_capacity_2026_yeonhui_yoga_week_2026-05-16.txt,345,2026-04-30,30,11:00,12:10,숨명상센터,안산 트레킹 오감 명상 (수지),안산 트레킹 오감 명상,수지,6,8,0.75,11:00-12:10 [숨명상센터] 안산 트레킹 오감 명상 (수지),6|8,False
onstudio_calendar_capacity_2026_yeonhui_yoga_week_2026-05-16.txt,347,2026-04-30,30,12:00,13:00,시이작,땀나는 하타 (수인),땀나는 하타,수인,4,4,1.0,12:00-13:00 [시이작] 땀나는 하타 (수인),4|4,False
onstudio_calendar_capacity_2026_yeonhui_yoga_week_2026-05-16.txt,349,2026-04-30,30,18:30,19:30,마인드플로우,빈야사요가 (유미),빈야사요가,유미,7,8,0.875,18:30-19:30 [마인드플로우] 빈야사요가 (유미),7|8,False
onstudio_calendar_capacity_2026_yeonhui_yoga_week_2026-05-16.txt,351,2026-04-30,30,18:30,19:30,시이작,땀나는 빈야사 (준형),땀나는 빈야사,준형,4,5,0.8,18:30-19:30 [시이작] 땀나는 빈야사 (준형),4|5,False
onstudio_calendar_capacity_2026_yeonhui_yoga_week_2026-05-16.txt,353,2026-04-30,30,19:00,20:00,마이트리,테라피 (준아),테라피,준아,5,5,1.0,19:00-20:00 [마이트리] 테라피 (준아),5|5,False
onstudio_calendar_capacity_2026_yeonhui_yoga_week_2026-05-16.txt,355,2026-04-30,30,19:30,20:30,숨 명상센터,마음의 평온을 찾는 호흡명상 (수지),마음의 평온을 찾는 호흡명상,수지,8,8,1.0,19:30-20:30 [숨 명상센터]마음의 평온을 찾는 호흡명상 (수지),8|8,False
onstudio_calendar_capacity_2026_yeonhui_yoga_week_2026-05-16.txt,357,2026-04-30,30,19:30,20:40,빅블루요가,정렬 에센스 (환),정렬 에센스,환,9,9,1.0,19:30-20:40 [빅블루요가] 정렬 에센스 (환),9|9,False
onstudio_calendar_capacity_2026_yeonhui_yoga_week_2026-05-16.txt,359,2026-04-30,30,19:50,20:50,시이작,땀나는 아쉬탕가 (준형),땀나는 아쉬탕가,준형,4,4,1.0,19:50-20:50 [시이작] 땀나는 아쉬탕가 (준형),4|4,False
onstudio_calendar_capacity_2026_yeonhui_yoga_week_2026-05-16.txt,361,2026-04-30,30,20:00,21:00,마인드플로우,비기너요가 (유미),비기너요가,유미,6,6,1.0,20:00-21:00 [마인드플로우] 비기너요가 (유미),6|6,False
onstudio_calendar_capacity_2026_yeonhui_yoga_week_2026-05-16.txt,363,2026-04-30,30,20:30,21:30,마이트리,빈야사 어드밴스 (준아),빈야사 어드밴스,준아,4,5,0.8,20:30-21:30 [마이트리] 빈야사 어드밴스 (준아),4|5,False
onstudio_calendar_capacity_2026_yeonhui_yoga_week_2026-05-16.txt,421,2026-05-01,1,08:45,09:45,시이작,땀나는 빈야사 (준형),땀나는 빈야사,준형,5,5,1.0,08:45-09:45 [시이작] 땀나는 빈야사 (준형),5|5,False
onstudio_calendar_capacity_2026_yeonhui_yoga_week_2026-05-16.txt,423,2026-05-01,1,10:00,11:00,대저택프라이빗,친해지고 싶은 사람과 함께 하는 파트너링 요가 (예진),친해지고 싶은 사람과 함께 하는 파트너링 요가,예진,6,6,1.0,10:00-11:00 [대저택프라이빗] 친해지고 싶은 사람과 함께 하는 파트너링 요가 (예진),6|6,False
onstudio_calendar_capacity_2026_yeonhui_yoga_week_2026-05-16.txt,425,2026-05-01,1,10:00,11:20,빅블루요가,정렬 에센스 (환),정렬 에센스,환,7,7,1.0,10:00-11:20 [빅블루요가] 정렬 에센스 (환),7|7,False
onstudio_calendar_capacity_2026_yeonhui_yoga_week_2026-05-16.txt,427,2026-05-01,1,10:30,11:30,마인드플로우,비기너요가 (유미),비기너요가,유미,10,10,1.0,10:30-11:30 [마인드플로우] 비기너요가 (유미),10|10,False
onstudio_calendar_capacity_2026_yeonhui_yoga_week_2026-05-16.txt,429,2026-05-01,1,11:50,12:50,마이트리,하타 (지바나),하타,지바나,5,8,0.625,11:50-12:50 [마이트리] 하타 (지바나),5|8,False
onstudio_calendar_capacity_2026_yeonhui_yoga_week_2026-05-16.txt,431,2026-05-01,1,12:00,13:00,대저택프라이빗,연결하는 사운드 배스 (시현),연결하는 사운드 배스,시현,10,10,1.0,12:00-13:00 [대저택프라이빗] 연결하는 사운드 배스 (시현),10|10,False
onstudio_calendar_capacity_2026_yeonhui_yoga_week_2026-05-16.txt,433,2026-05-01,1,12:00,13:00,대저택프라이빗,Deep Rest 인요가 & 핸드팬 사운드 (준형),Deep Rest 인요가 & 핸드팬 사운드,준형,5,5,1.0,12:00-13:00 [대저택프라이빗] Deep Rest 인요가 & 핸드팬 사운드 (준형),5|5,False
onstudio_calendar_capacity_2026_yeonhui_yoga_week_2026-05-16.txt,435,2026-05-01,1,13:30,15:00,빅블루요가|연희스페셜,정렬 인텐시브: 고관절 집중 (환),정렬 인텐시브: 고관절 집중,환,8,8,1.0,13:30-15:00 [빅블루요가|연희스페셜] 정렬 인텐시브: 고관절 집중 (환),8|8,False
onstudio_calendar_capacity_2026_yeonhui_yoga_week_2026-05-16.txt,437,2026-05-01,1,14:00,15:00,너울너울,소매틱뮤직 'Handpan Doodle' (미지수),소매틱뮤직 'Handpan Doodle',미지수,6,6,1.0,14:00-15:00 [너울너울] 소매틱뮤직 'Handpan Doodle' (미지수),6|6,False
onstudio_calendar_capacity_2026_yeonhui_yoga_week_2026-05-16.txt,439,2026-05-01,1,17:00,18:00,대저택프라이빗,단단하게 뿌리 내리며 자유롭게 흐르는 빈야사 (유미),단단하게 뿌리 내리며 자유롭게 흐르는 빈야사,유미,8,8,1.0,17:00-18:00 [대저택프라이빗] 단단하게 뿌리 내리며 자유롭게 흐르는 빈야사 (유미),8|8,False
onstudio_calendar_capacity_2026_yeonhui_yoga_week_2026-05-16.txt,441,2026-05-01,1,17:00,18:00,대저택프라이빗,Deep Rest 인요가 & 핸드팬 사운드 (준형),Deep Rest 인요가 & 핸드팬 사운드,준형,9,9,1.0,17:00-18:00 [대저택프라이빗] Deep Rest 인요가 & 핸드팬 사운드 (준형),9|9,False
onstudio_calendar_capacity_2026_yeonhui_yoga_week_2026-05-16.txt,443,2026-05-01,1,18:30,19:30,마인드플로우,하타요가 (고은),하타요가,고은,10,10,1.0,18:30-19:30 [마인드플로우] 하타요가 (고은),10|10,False
onstudio_calendar_capacity_2026_yeonhui_yoga_week_2026-05-16.txt,445,2026-05-01,1,18:30,19:30,시이작,다독이는 인요가 (예진),다독이는 인요가,예진,4,4,1.0,18:30-19:30 [시이작] 다독이는 인요가 (예진),4|4,False
onstudio_calendar_capacity_2026_yeonhui_yoga_week_2026-05-16.txt,447,2026-05-01,1,19:00,20:00,대저택프라이빗,핸드팬 사운드스케이프 ‘일렁’ <Illung> (미지수),핸드팬 사운드스케이프 ‘일렁’ <Illung>,미지수,10,10,1.0,19:00-20:00 [대저택프라이빗]핸드팬 사운드스케이프 ‘일렁’ <Illung> (미지수),10|10,False
onstudio_calendar_capacity_2026_yeonhui_yoga_week_2026-05-16.txt,449,2026-05-01,1,19:00,20:00,마이트리,아쉬탕가 (연우),아쉬탕가,연우,5,5,1.0,19:00-20:00 [마이트리] 아쉬탕가 (연우),5|5,False
onstudio_calendar_capacity_2026_yeonhui_yoga_week_2026-05-16.txt,451,2026-05-01,1,19:50,20:50,시이작,땀나는 빈야사 (준형),땀나는 빈야사,준형,4,4,1.0,19:50-20:50 [시이작] 땀나는 빈야사 (준형),4|4,False
onstudio_calendar_capacity_2026_yeonhui_yoga_week_2026-05-16.txt,453,2026-05-01,1,20:00,21:00,마인드플로우,빈야사요가 (고은),빈야사요가,고은,9,10,0.9,20:00-21:00 [마인드플로우] 빈야사요가 (고은),9|10,False
onstudio_calendar_capacity_2026_yeonhui_yoga_week_2026-05-16.txt,455,2026-05-01,1,20:30,21:30,마이트리,테라피 (연우),테라피,연우,5,5,1.0,20:30-21:30 [마이트리] 테라피 (연우),5|5,False
onstudio_calendar_capacity_2026_yeonhui_yoga_week_2026-05-16.txt,459,2026-05-02,2,10:00,11:00,비전스트롤 콜라보|옥상요가,커피와 요가 (준형),커피와 요가,준형,10,10,1.0,10:00-11:00 [비전스트롤 콜라보|옥상요가] 커피와 요가 (준형),10|10,False
onstudio_calendar_capacity_2026_yeonhui_yoga_week_2026-05-16.txt,461,2026-05-02,2,10:00,11:20,빅블루요가,정렬 에센스 (환),정렬 에센스,환,7,7,1.0,10:00-11:20 [빅블루요가] 정렬 에센스 (환),7|7,False
onstudio_calendar_capacity_2026_yeonhui_yoga_week_2026-05-16.txt,463,2026-05-02,2,11:00,12:00,마이트리,빈야사 (성욱),빈야사,성욱,5,5,1.0,11:00-12:00 [마이트리] 빈야사 (성욱),5|5,False
onstudio_calendar_capacity_2026_yeonhui_yoga_week_2026-05-16.txt,465,2026-05-02,2,11:00,12:00,무릉,티마인드풀니스 세션 (시현),티마인드풀니스 세션,시현,5,5,1.0,11:00-12:00 [무릉] 티마인드풀니스 세션 (시현),5|5,False
onstudio_calendar_capacity_2026_yeonhui_yoga_week_2026-05-16.txt,467,2026-05-02,2,13:30,15:00,빅블루요가|연희스페셜,정렬 인텐시브: 견갑골 집중 (환),정렬 인텐시브: 견갑골 집중,환,9,9,1.0,13:30-15:00 [빅블루요가|연희스페셜] 정렬 인텐시브: 견갑골 집중 (환),9|9,False
onstudio_calendar_capacity_2026_yeonhui_yoga_week_2026-05-16.txt,469,2026-05-02,2,14:00,15:00,대저택프라이빗,Deep Rest 인요가 & 핸드팬 사운드 (준형),Deep Rest 인요가 & 핸드팬 사운드,준형,10,10,1.0,14:00-15:00 [대저택프라이빗] Deep Rest 인요가 & 핸드팬 사운드 (준형),10|10,False
onstudio_calendar_capacity_2026_yeonhui_yoga_week_2026-05-16.txt,471,2026-05-02,2,14:00,15:00,무릉,티마인드풀니스 세션 (시현),티마인드풀니스 세션,시현,5,5,1.0,14:00-15:00 [무릉] 티마인드풀니스 세션 (시현),5|5,False
onstudio_calendar_capacity_2026_yeonhui_yoga_week_2026-05-16.txt,473,2026-05-02,2,14:00,15:10,마이트리|연희스페셜,독서와 요가 (성욱),독서와 요가,성욱,15,15,1.0,14:00-15:10 [마이트리|연희스페셜] 독서와 요가 (성욱),15|15,False
onstudio_calendar_capacity_2026_yeonhui_yoga_week_2026-05-16.txt,475,2026-05-02,2,16:00,17:00,마이트리|연희스페셜,올레벨 빈야사 (한석완),올레벨 빈야사,한석완,20,20,1.0,16:00-17:00 [마이트리|연희스페셜] 올레벨 빈야사 (한석완),20|20,False
onstudio_calendar_capacity_2026_yeonhui_yoga_week_2026-05-16.txt,479,2026-05-03,3,10:30,11:40,숨명상센터,안산 트레킹 오감 명상 (수지),안산 트레킹 오감 명상,수지,5,8,0.625,10:30-11:40 [숨명상센터] 안산 트레킹 오감 명상 (수지),5|8,False
onstudio_calendar_capacity_2026_yeonhui_yoga_week_2026-05-16.txt,481,2026-05-03,3,11:00,12:00,마이트리|연희스페셜,Root to Rise (Vinyasa) (다혜),Root to Rise (Vinyasa),다혜,20,20,1.0,11:00-12:00 [마이트리|연희스페셜] Root to Rise (Vinyasa) (다혜),20|20,False
onstudio_calendar_capacity_2026_yeonhui_yoga_week_2026-05-16.txt,483,2026-05-03,3,11:00,12:00,무릉,티마인드풀니스 세션 (시현),티마인드풀니스 세션,시현,5,5,1.0,11:00-12:00 [무릉] 티마인드풀니스 세션 (시현),5|5,False
onstudio_calendar_capacity_2026_yeonhui_yoga_week_2026-05-16.txt,485,2026-05-03,3,12:30,13:45,마이트리|연희스페셜,꽁샘과 도전하는 에카파다라자카포타 (꽁쌤),꽁샘과 도전하는 에카파다라자카포타,꽁쌤,20,20,1.0,12:30-13:45 [마이트리|연희스페셜] 꽁샘과 도전하는 에카파다라자카포타 (꽁쌤),20|20,False
onstudio_calendar_capacity_2026_yeonhui_yoga_week_2026-05-16.txt,487,2026-05-03,3,13:00,15:00,시이작|연희스페셜,"TCI 기질검사로 나를 이해하고, ‘긍정감자’ 키링 만들기 (진원)","TCI 기질검사로 나를 이해하고, ‘긍정감자’ 키링 만들기",진원,10,10,1.0,"13:00-15:00 [시이작|연희스페셜]TCI 기질검사로 나를 이해하고, ‘긍정감자’ 키링 만들기 (진원)",10|10,False
onstudio_calendar_capacity_2026_yeonhui_yoga_week_2026-05-16.txt,489,2026-05-03,3,14:00,15:00,무릉,티마인드풀니스 세션 (시현),티마인드풀니스 세션,시현,5,5,1.0,14:00-15:00 [무릉] 티마인드풀니스 세션 (시현),5|5,False
onstudio_calendar_capacity_2026_yeonhui_yoga_week_2026-05-16.txt,491,2026-05-03,3,17:00,18:00,무릉,티마인드풀니스 세션,티마인드풀니스 세션,,5,5,1.0,17:00-18:00 [무릉] 티마인드풀니스 세션,5|5,False
onstudio_calendar_capacity_2026_yeonhui_yoga_week_2026-05-16.txt,493,2026-05-03,3,17:00,18:30,시이작|연희스페셜,마인드풀 러닝 Breath & Flow: 움직이는 명상 (의준),마인드풀 러닝 Breath & Flow: 움직이는 명상,의준,12,15,0.8,17:00-18:30 [시이작|연희스페셜] 마인드풀 러닝 Breath & Flow: 움직이는 명상 (의준),12|15,False
onstudio_calendar_capacity_2026_yeonhui_yoga_week_2026-05-16.txt,495,2026-05-03,3,19:50,21:20,시이작,땀나는 하타 (수인),땀나는 하타,수인,5,5,1.0,19:50-21:20 [시이작] 땀나는 하타 (수인),5|5,False
onstudio_calendar_capacity_2026_yeonhui_yoga_week_2026-05-16.txt,499,2026-05-04,4,07:00,08:30,시이작,아쉬탕가 풀프라이머리 (준형),아쉬탕가 풀프라이머리,준형,5,5,1.0,07:00-08:30 [시이작] 아쉬탕가 풀프라이머리 (준형),5|5,False
onstudio_calendar_capacity_2026_yeonhui_yoga_week_2026-05-16.txt,501,2026-05-04,4,10:00,11:20,빅블루요가,정렬 에센스 (환),정렬 에센스,환,6,7,0.8571,10:00-11:20 [빅블루요가] 정렬 에센스 (환),6|7,False
onstudio_calendar_capacity_2026_yeonhui_yoga_week_2026-05-16.txt,503,2026-05-04,4,10:30,11:30,마인드플로우,비기너요가 (유미),비기너요가,유미,7,7,1.0,10:30-11:30 [마인드플로우] 비기너요가 (유미),7|7,False
onstudio_calendar_capacity_2026_yeonhui_yoga_week_2026-05-16.txt,505,2026-05-04,4,11:00,12:00,무릉,티마인드풀니스 세션 (시현),티마인드풀니스 세션,시현,1,5,0.2,11:00-12:00 [무릉] 티마인드풀니스 세션 (시현),1|5,False
onstudio_calendar_capacity_2026_yeonhui_yoga_week_2026-05-16.txt,507,2026-05-04,4,11:50,12:50,마이트리,테라피 (도운),테라피,도운,5,5,1.0,11:50-12:50 [마이트리] 테라피 (도운),5|5,False
onstudio_calendar_capacity_2026_yeonhui_yoga_week_2026-05-16.txt,509,2026-05-04,4,18:30,19:30,마인드플로우,비기너요가 (유미),비기너요가,유미,4,6,0.6667,18:30-19:30 [마인드플로우] 비기너요가 (유미),4|6,False
onstudio_calendar_capacity_2026_yeonhui_yoga_week_2026-05-16.txt,511,2026-05-04,4,18:30,19:30,시이작,깨어나는 하타 (준호),깨어나는 하타,준호,4,4,1.0,18:30-19:30 [시이작] 깨어나는 하타 (준호),4|4,False
onstudio_calendar_capacity_2026_yeonhui_yoga_week_2026-05-16.txt,513,2026-05-04,4,19:00,20:00,마이트리,하타 (성욱),하타,성욱,5,5,1.0,19:00-20:00 [마이트리] 하타 (성욱),5|5,False
onstudio_calendar_capacity_2026_yeonhui_yoga_week_2026-05-16.txt,515,2026-05-04,4,19:30,20:40,빅블루요가,호흡 리커버리 (환),호흡 리커버리,환,6,6,1.0,19:30-20:40 [빅블루요가] 호흡 리커버리 (환),6|6,False
onstudio_calendar_capacity_2026_yeonhui_yoga_week_2026-05-16.txt,517,2026-05-04,4,20:00,21:00,마인드플로우,빈야사요가 (유미),빈야사요가,유미,7,8,0.875,20:00-21:00 [마인드플로우] 빈야사요가 (유미),7|8,False
onstudio_calendar_capacity_2026_yeonhui_yoga_week_2026-05-16.txt,519,2026-05-04,4,20:30,21:30,마이트리,테라피 (성욱),테라피,성욱,5,5,1.0,20:30-21:30 [마이트리] 테라피 (성욱),5|5,False
onstudio_calendar_capacity_2026_yeonhui_yoga_week_2026-05-16.txt,523,2026-05-05,5,08:45,09:45,시이작,테라피 쉬운 요가 (준형),테라피 쉬운 요가,준형,4,4,1.0,08:45-09:45 [시이작] 테라피 쉬운 요가 (준형),4|4,False
onstudio_calendar_capacity_2026_yeonhui_yoga_week_2026-05-16.txt,525,2026-05-05,5,10:00,11:00,대저택프라이빗,Gentle Hatha Flow in English (수인),Gentle Hatha Flow in English,수인,8,8,1.0,10:00-11:00 [대저택프라이빗] Gentle Hatha Flow in English (수인),8|8,False
onstudio_calendar_capacity_2026_yeonhui_yoga_week_2026-05-16.txt,527,2026-05-05,5,10:00,11:00,연남장|커뮤니티허브,Being 감각을 깨우는 하타요가 (지바나),Being 감각을 깨우는 하타요가,지바나,27,28,0.9643,10:00-11:00 [연남장|커뮤니티허브] Being 감각을 깨우는 하타요가 (지바나),27|28,False
onstudio_calendar_capacity_2026_yeonhui_yoga_week_2026-05-16.txt,529,2026-05-05,5,10:00,11:20,빅블루요가,호흡 리커버리 (환),호흡 리커버리,환,8,8,1.0,10:00-11:20 [빅블루요가] 호흡 리커버리 (환),8|8,False
onstudio_calendar_capacity_2026_yeonhui_yoga_week_2026-05-16.txt,531,2026-05-05,5,10:15,11:15,시이작|어린이날 키즈요가,나는 무엇이든 될 수 있다! 동물요가(5세~8세) (지현),나는 무엇이든 될 수 있다! 동물요가(5세~8세),지현,0,9,0.0,10:15-11:15 [시이작|어린이날 키즈요가] 나는 무엇이든 될 수 있다! 동물요가(5세~8세) (지현),0|9,False
onstudio_calendar_capacity_2026_yeonhui_yoga_week_2026-05-16.txt,533,2026-05-05,5,10:30,11:30,마인드플로우,빈야사요가 (유미),빈야사요가,유미,11,11,1.0,10:30-11:30 [마인드플로우] 빈야사요가 (유미),11|11,False
onstudio_calendar_capacity_2026_yeonhui_yoga_week_2026-05-16.txt,535,2026-05-05,5,11:00,12:00,숨명상센터,몸을 깨우는 액티브 명상 (수지),몸을 깨우는 액티브 명상,수지,6,6,1.0,11:00-12:00 [숨명상센터] 몸을 깨우는 액티브 명상 (수지),6|6,False
onstudio_calendar_capacity_2026_yeonhui_yoga_week_2026-05-16.txt,537,2026-05-05,5,12:00,13:00,시이작|어린이날 키즈요가,공룡퀴즈를 맞추며 공룡요가! (5~7세) (지현),공룡퀴즈를 맞추며 공룡요가! (5~7세),지현,0,9,0.0,12:00-13:00 [시이작|어린이날 키즈요가] 공룡퀴즈를 맞추며 공룡요가! (5~7세) (지현),0|9,False
onstudio_calendar_capacity_2026_yeonhui_yoga_week_2026-05-16.txt,539,2026-05-05,5,12:00,13:00,연남장|커뮤니티허브,짠짠! 막걸리요가! with 복순도가 (준호),짠짠! 막걸리요가! with 복순도가,준호,30,30,1.0,12:00-13:00 [연남장|커뮤니티허브] 짠짠! 막걸리요가! with 복순도가 (준호),30|30,False
onstudio_calendar_capacity_2026_yeonhui_yoga_week_2026-05-16.txt,541,2026-05-05,5,12:00,13:30,대저택프라이빗,"TCI 기질검사로 나를 이해하고, '긍정감자' 키링 만들기 (진원)","TCI 기질검사로 나를 이해하고, '긍정감자' 키링 만들기",진원,10,10,1.0,"12:00-13:30 [대저택프라이빗] TCI 기질검사로 나를 이해하고, '긍정감자' 키링 만들기 (진원)",10|10,False
onstudio_calendar_capacity_2026_yeonhui_yoga_week_2026-05-16.txt,543,2026-05-05,5,13:00,14:00,연남장|커뮤니티허브,(무료) 요가음악 디제잉 파티,(무료) 요가음악 디제잉 파티,,0,1,0.0,13:00-14:00 [연남장|커뮤니티허브] (무료) 요가음악 디제잉 파티,0|1,False
onstudio_calendar_capacity_2026_yeonhui_yoga_week_2026-05-16.txt,545,2026-05-05,5,14:00,15:00,대저택프라이빗,바디페인팅 체감명상 (리아),바디페인팅 체감명상,리아,14,14,1.0,14:00-15:00 [대저택프라이빗] 바디페인팅 체감명상 (리아),14|14,False
onstudio_calendar_capacity_2026_yeonhui_yoga_week_2026-05-16.txt,547,2026-05-05,5,15:00,16:30,빅블루요가,후굴의 정렬 (환),후굴의 정렬,환,9,9,1.0,15:00-16:30 [빅블루요가] 후굴의 정렬 (환),9|9,False
onstudio_calendar_capacity_2026_yeonhui_yoga_week_2026-05-16.txt,549,2026-05-05,5,16:00,17:00,대저택 프라이빗,봄햇살 아래 나른한 힐링요가 (수인),봄햇살 아래 나른한 힐링요가,수인,8,8,1.0,16:00-17:00 [대저택 프라이빗]봄햇살 아래 나른한 힐링요가 (수인),8|8,False
onstudio_calendar_capacity_2026_yeonhui_yoga_week_2026-05-16.txt,551,2026-05-05,5,16:30,17:30,연남장|커뮤니티허브,부담없이 시작하는 파트너 서킷 트레이닝 (최훈),부담없이 시작하는 파트너 서킷 트레이닝,최훈,13,20,0.65,16:30-17:30 [연남장|커뮤니티허브] 부담없이 시작하는 파트너 서킷 트레이닝 (최훈),13|20,False
onstudio_calendar_capacity_2026_yeonhui_yoga_week_2026-05-16.txt,553,2026-05-05,5,17:00,18:00,너울너울,소매틱뮤직 'Handpan Doodle' (미지수),소매틱뮤직 'Handpan Doodle',미지수,5,5,1.0,17:00-18:00 [너울너울] 소매틱뮤직 'Handpan Doodle' (미지수),5|5,False
onstudio_calendar_capacity_2026_yeonhui_yoga_week_2026-05-16.txt,555,2026-05-05,5,18:30,19:30,마인드플로우,빈야사요가 (지현),빈야사요가,지현,9,9,1.0,18:30-19:30 [마인드플로우] 빈야사요가 (지현),9|9,False
onstudio_calendar_capacity_2026_yeonhui_yoga_week_2026-05-16.txt,557,2026-05-05,5,18:30,19:30,시이작,땀나는 아쉬탕가 (준형),땀나는 아쉬탕가,준형,4,4,1.0,18:30-19:30 [시이작] 땀나는 아쉬탕가 (준형),4|4,False
onstudio_calendar_capacity_2026_yeonhui_yoga_week_2026-05-16.txt,559,2026-05-05,5,18:30,19:30,연남장,호흡으로 몰입하는 아쉬탕가 (준형),호흡으로 몰입하는 아쉬탕가,준형,9,9,1.0,18:30-19:30 [연남장] 호흡으로 몰입하는 아쉬탕가 (준형),9|9,False
onstudio_calendar_capacity_2026_yeonhui_yoga_week_2026-05-16.txt,561,2026-05-05,5,19:00,20:00,너울너울,소매틱뮤직 'Handpan Doodle' (미지수),소매틱뮤직 'Handpan Doodle',미지수,5,5,1.0,19:00-20:00 [너울너울] 소매틱뮤직 'Handpan Doodle' (미지수),5|5,False
onstudio_calendar_capacity_2026_yeonhui_yoga_week_2026-05-16.txt,563,2026-05-05,5,19:00,20:00,마이트리,얼라인 요가 (준아),얼라인 요가,준아,5,5,1.0,19:00-20:00 [마이트리] 얼라인 요가 (준아),5|5,False
onstudio_calendar_capacity_2026_yeonhui_yoga_week_2026-05-16.txt,565,2026-05-05,5,19:50,20:50,시이작,땀나는 하타 (수인),땀나는 하타,수인,4,4,1.0,19:50-20:50 [시이작] 땀나는 하타 (수인),4|4,False
onstudio_calendar_capacity_2026_yeonhui_yoga_week_2026-05-16.txt,567,2026-05-05,5,20:00,21:00,마인드플로우,비기너요가 (유미),비기너요가,유미,5,8,0.625,20:00-21:00 [마인드플로우] 비기너요가 (유미),5|8,False
onstudio_calendar_capacity_2026_yeonhui_yoga_week_2026-05-16.txt,569,2026-05-05,5,20:30,21:30,마이트리,빈야사 (준아),빈야사,준아,5,5,1.0,20:30-21:30 [마이트리] 빈야사 (준아),5|5,False
onstudio_calendar_capacity_2026_yeonhui_yoga_week_2026-05-16.txt,573,2026-05-06,6,07:00,08:00,시이작,땀나는 아쉬탕가 (준형),땀나는 아쉬탕가,준형,4,4,1.0,07:00-08:00 [시이작] 땀나는 아쉬탕가 (준형),4|4,False
onstudio_calendar_capacity_2026_yeonhui_yoga_week_2026-05-16.txt,575,2026-05-06,6,10:00,11:20,빅블루요가,정렬 에센스 (환),정렬 에센스,환,8,8,1.0,10:00-11:20 [빅블루요가] 정렬 에센스 (환),8|8,False
onstudio_calendar_capacity_2026_yeonhui_yoga_week_2026-05-16.txt,577,2026-05-06,6,10:30,11:30,마인드플로우,하타요가 (유미),하타요가,유미,10,10,1.0,10:30-11:30 [마인드플로우] 하타요가 (유미),10|10,False
onstudio_calendar_capacity_2026_yeonhui_yoga_week_2026-05-16.txt,579,2026-05-06,6,11:50,12:50,마이트리,빈야사 (성욱),빈야사,성욱,3,5,0.6,11:50-12:50 [마이트리] 빈야사 (성욱),3|5,False
onstudio_calendar_capacity_2026_yeonhui_yoga_week_2026-05-16.txt,581,2026-05-06,6,12:00,13:00,시이작,숨쉬는 테라피 (수인),숨쉬는 테라피,수인,3,4,0.75,12:00-13:00 [시이작] 숨쉬는 테라피 (수인),3|4,False
onstudio_calendar_capacity_2026_yeonhui_yoga_week_2026-05-16.txt,583,2026-05-06,6,13:30,15:00,마이트리,하타 집중 (지바나),하타 집중,지바나,3,5,0.6,13:30-15:00 [마이트리] 하타 집중 (지바나),3|5,False
onstudio_calendar_capacity_2026_yeonhui_yoga_week_2026-05-16.txt,585,2026-05-06,6,18:30,19:30,마인드플로우,움직임명상 (유미),움직임명상,유미,4,4,1.0,18:30-19:30 [마인드플로우] 움직임명상 (유미),4|4,False
onstudio_calendar_capacity_2026_yeonhui_yoga_week_2026-05-16.txt,587,2026-05-06,6,18:30,19:30,시이작,깨어나는 빈야사 (예진),깨어나는 빈야사,예진,4,4,1.0,18:30-19:30 [시이작] 깨어나는 빈야사 (예진),4|4,False
onstudio_calendar_capacity_2026_yeonhui_yoga_week_2026-05-16.txt,589,2026-05-06,6,19:00,20:00,마이트리,하타 (연우),하타,연우,5,5,1.0,19:00-20:00 [마이트리] 하타 (연우),5|5,False
onstudio_calendar_capacity_2026_yeonhui_yoga_week_2026-05-16.txt,591,2026-05-06,6,19:30,20:40,빅블루요가,호흡 리커버리 (환),호흡 리커버리,환,7,7,1.0,19:30-20:40 [빅블루요가] 호흡 리커버리 (환),7|7,False
onstudio_calendar_capacity_2026_yeonhui_yoga_week_2026-05-16.txt,593,2026-05-06,6,19:50,20:50,시이작,다독이는 인요가 (예진),다독이는 인요가,예진,3,4,0.75,19:50-20:50 [시이작] 다독이는 인요가 (예진),3|4,False
onstudio_calendar_capacity_2026_yeonhui_yoga_week_2026-05-16.txt,595,2026-05-06,6,20:00,21:00,마인드플로우,하타요가 (유미),하타요가,유미,6,6,1.0,20:00-21:00 [마인드플로우] 하타요가 (유미),6|6,False
onstudio_calendar_capacity_2026_yeonhui_yoga_week_2026-05-16.txt,597,2026-05-06,6,20:30,21:30,마이트리,아쉬탕가 (연우),아쉬탕가,연우,5,5,1.0,20:30-21:30 [마이트리] 아쉬탕가 (연우),5|5,False
onstudio_calendar_capacity_2026_yeonhui_yoga_week_2026-05-16.txt,601,2026-05-07,7,07:00,08:00,마이트리,빈야사 (성욱),빈야사,성욱,0,5,0.0,07:00-08:00 [마이트리] 빈야사 (성욱),0|5,False
onstudio_calendar_capacity_2026_yeonhui_yoga_week_2026-05-16.txt,603,2026-05-07,7,07:00,08:00,시이작,초급 빈야사 (준형),초급 빈야사,준형,4,4,1.0,07:00-08:00 [시이작] 초급 빈야사 (준형),4|4,False
onstudio_calendar_capacity_2026_yeonhui_yoga_week_2026-05-16.txt,605,2026-05-07,7,10:00,11:00,마이트리,하타베이직 (성욱),하타베이직,성욱,5,5,1.0,10:00-11:00 [마이트리] 하타베이직 (성욱),5|5,False
onstudio_calendar_capacity_2026_yeonhui_yoga_week_2026-05-16.txt,607,2026-05-07,7,10:00,11:00,빅블루요가,호흡 리커버리 (환),호흡 리커버리,환,4,6,0.6667,10:00-11:00 [빅블루요가] 호흡 리커버리 (환),4|6,False
onstudio_calendar_capacity_2026_yeonhui_yoga_week_2026-05-16.txt,609,2026-05-07,7,10:30,11:30,마인드플로우,비기너요가 (유미),비기너요가,유미,1,6,0.1667,10:30-11:30 [마인드플로우] 비기너요가 (유미),1|6,False
onstudio_calendar_capacity_2026_yeonhui_yoga_week_2026-05-16.txt,611,2026-05-07,7,12:00,13:00,시이작,땀나는 하타 (수인),땀나는 하타,수인,1,4,0.25,12:00-13:00 [시이작] 땀나는 하타 (수인),1|4,False
onstudio_calendar_capacity_2026_yeonhui_yoga_week_2026-05-16.txt,613,2026-05-07,7,18:30,19:30,마인드플로우,빈야사요가 (유미),빈야사요가,유미,8,8,1.0,18:30-19:30 [마인드플로우] 빈야사요가 (유미),8|8,False
onstudio_calendar_capacity_2026_yeonhui_yoga_week_2026-05-16.txt,615,2026-05-07,7,18:30,19:30,시이작,땀나는 빈야사 (준형),땀나는 빈야사,준형,5,5,1.0,18:30-19:30 [시이작] 땀나는 빈야사 (준형),5|5,False
onstudio_calendar_capacity_2026_yeonhui_yoga_week_2026-05-16.txt,617,2026-05-07,7,19:00,20:00,마이트리,테라피 (준아),테라피,준아,5,7,0.7143,19:00-20:00 [마이트리] 테라피 (준아),5|7,False
onstudio_calendar_capacity_2026_yeonhui_yoga_week_2026-05-16.txt,619,2026-05-07,7,19:30,20:40,빅블루요가,정렬 에센스 (환),정렬 에센스,환,7,7,1.0,19:30-20:40 [빅블루요가] 정렬 에센스 (환),7|7,False
onstudio_calendar_capacity_2026_yeonhui_yoga_week_2026-05-16.txt,621,2026-05-07,7,19:50,20:50,시이작,땀나는 아쉬탕가 (준형),땀나는 아쉬탕가,준형,4,4,1.0,19:50-20:50 [시이작] 땀나는 아쉬탕가 (준형),4|4,False
onstudio_calendar_capacity_2026_yeonhui_yoga_week_2026-05-16.txt,623,2026-05-07,7,20:00,21:00,마인드플로우,비기너요가 (유미),비기너요가,유미,2,2,1.0,20:00-21:00 [마인드플로우] 비기너요가 (유미),2|2,False
onstudio_calendar_capacity_2026_yeonhui_yoga_week_2026-05-16.txt,625,2026-05-07,7,20:30,21:30,마이트리,빈야사 어드밴스 (준아),빈야사 어드밴스,준아,5,5,1.0,20:30-21:30 [마이트리] 빈야사 어드밴스 (준아),5|5,False
onstudio_calendar_capacity_2026_yeonhui_yoga_week_2026-05-16.txt,629,2026-05-08,8,08:45,09:45,시이작,땀나는 빈야사 (준형),땀나는 빈야사,준형,3,4,0.75,08:45-09:45 [시이작] 땀나는 빈야사 (준형),3|4,False
onstudio_calendar_capacity_2026_yeonhui_yoga_week_2026-05-16.txt,631,2026-05-08,8,10:00,11:20,빅블루요가,정렬 에센스 (환),정렬 에센스,환,6,6,1.0,10:00-11:20 [빅블루요가] 정렬 에센스 (환),6|6,False
onstudio_calendar_capacity_2026_yeonhui_yoga_week_2026-05-16.txt,633,2026-05-08,8,10:30,11:30,마인드플로우,비기너요가 (유미),비기너요가,유미,5,8,0.625,10:30-11:30 [마인드플로우] 비기너요가 (유미),5|8,False
onstudio_calendar_capacity_2026_yeonhui_yoga_week_2026-05-16.txt,635,2026-05-08,8,11:00,12:00,무릉,티마인드풀니스 세션 (시현),티마인드풀니스 세션,시현,5,5,1.0,11:00-12:00 [무릉] 티마인드풀니스 세션 (시현),5|5,False
onstudio_calendar_capacity_2026_yeonhui_yoga_week_2026-05-16.txt,637,2026-05-08,8,11:50,12:50,마이트리,하타 (지바나),하타,지바나,5,5,1.0,11:50-12:50 [마이트리] 하타 (지바나),5|5,False
onstudio_calendar_capacity_2026_yeonhui_yoga_week_2026-05-16.txt,639,2026-05-08,8,13:30,15:00,마이트리,빈야사 AD (준아),빈야사 AD,준아,4,5,0.8,13:30-15:00 [마이트리] 빈야사 AD (준아),4|5,False
onstudio_calendar_capacity_2026_yeonhui_yoga_week_2026-05-16.txt,641,2026-05-08,8,14:00,15:00,마인드플로우,움직임명상 (유미),움직임명상,유미,2,6,0.3333,14:00-15:00 [마인드플로우] 움직임명상 (유미),2|6,False
onstudio_calendar_capacity_2026_yeonhui_yoga_week_2026-05-16.txt,643,2026-05-08,8,14:00,15:00,무릉,티마인드풀니스 세션 (시현),티마인드풀니스 세션,시현,5,5,1.0,14:00-15:00 [무릉] 티마인드풀니스 세션 (시현),5|5,False
onstudio_calendar_capacity_2026_yeonhui_yoga_week_2026-05-16.txt,645,2026-05-08,8,18:30,19:30,마인드플로우,하타요가 (고은),하타요가,고은,0,6,0.0,18:30-19:30 [마인드플로우] 하타요가 (고은),0|6,False
onstudio_calendar_capacity_2026_yeonhui_yoga_week_2026-05-16.txt,647,2026-05-08,8,18:30,19:30,시이작,다독이는 인요가 (예진),다독이는 인요가,예진,4,4,1.0,18:30-19:30 [시이작] 다독이는 인요가 (예진),4|4,False
onstudio_calendar_capacity_2026_yeonhui_yoga_week_2026-05-16.txt,649,2026-05-08,8,19:00,20:00,마이트리,아쉬탕가 (연우),아쉬탕가,연우,1,5,0.2,19:00-20:00 [마이트리] 아쉬탕가 (연우),1|5,False
onstudio_calendar_capacity_2026_yeonhui_yoga_week_2026-05-16.txt,651,2026-05-08,8,19:50,20:50,시이작,땀나는 빈야사 (준형),땀나는 빈야사,준형,4,4,1.0,19:50-20:50 [시이작] 땀나는 빈야사 (준형),4|4,False
onstudio_calendar_capacity_2026_yeonhui_yoga_week_2026-05-16.txt,653,2026-05-08,8,20:00,21:00,마인드플로우,빈야사요가 (고은),빈야사요가,고은,7,10,0.7,20:00-21:00 [마인드플로우] 빈야사요가 (고은),7|10,False
onstudio_calendar_capacity_2026_yeonhui_yoga_week_2026-05-16.txt,655,2026-05-08,8,20:30,21:30,마이트리,테라피 (연우),테라피,연우,5,5,1.0,20:30-21:30 [마이트리] 테라피 (연우),5|5,False
onstudio_calendar_capacity_2026_yeonhui_yoga_week_2026-05-16.txt,659,2026-05-09,9,09:00,10:00,마인드플로우,차근차근 기본을 다지는 비기너 요가 (유미),차근차근 기본을 다지는 비기너 요가,유미,6,6,1.0,09:00-10:00 [마인드플로우] 차근차근 기본을 다지는 비기너 요가 (유미),6|6,False
onstudio_calendar_capacity_2026_yeonhui_yoga_week_2026-05-16.txt,661,2026-05-09,9,10:00,11:00,시이작,다독이는 인요가 (예진),다독이는 인요가,예진,4,4,1.0,10:00-11:00 [시이작] 다독이는 인요가 (예진),4|4,False
onstudio_calendar_capacity_2026_yeonhui_yoga_week_2026-05-16.txt,663,2026-05-09,9,10:00,11:00,연남장|커뮤니티허브,딥어웨이크 하타 (모나),딥어웨이크 하타,모나,30,30,1.0,10:00-11:00 [연남장|커뮤니티허브] 딥어웨이크 하타 (모나),30|30,False
onstudio_calendar_capacity_2026_yeonhui_yoga_week_2026-05-16.txt,665,2026-05-09,9,10:00,11:20,빅블루요가,정렬 에센스 (환),정렬 에센스,환,7,7,1.0,10:00-11:20 [빅블루요가] 정렬 에센스 (환),7|7,False
onstudio_calendar_capacity_2026_yeonhui_yoga_week_2026-05-16.txt,667,2026-05-09,9,10:30,11:30,마인드플로우,"느긋하고 자유로운 흐름, 움직임 명상 (유미)","느긋하고 자유로운 흐름, 움직임 명상",유미,10,11,0.9091,"10:30-11:30 [마인드플로우] 느긋하고 자유로운 흐름, 움직임 명상 (유미)",10|11,False
onstudio_calendar_capacity_2026_yeonhui_yoga_week_2026-05-16.txt,669,2026-05-09,9,11:00,12:00,마이트리,빈야사 (성욱),빈야사,성욱,3,7,0.4286,11:00-12:00 [마이트리] 빈야사 (성욱),3|7,False
onstudio_calendar_capacity_2026_yeonhui_yoga_week_2026-05-16.txt,671,2026-05-09,9,11:00,12:30,무릉,티마인드풀니스 세션 (시현),티마인드풀니스 세션,시현,5,5,1.0,11:00-12:30 [무릉] 티마인드풀니스 세션 (시현),5|5,False
onstudio_calendar_capacity_2026_yeonhui_yoga_week_2026-05-16.txt,673,2026-05-09,9,12:00,13:00,마이트리,얼라인 요가 (준아),얼라인 요가,준아,10,10,1.0,12:00-13:00 [마이트리] 얼라인 요가 (준아),10|10,False
onstudio_calendar_capacity_2026_yeonhui_yoga_week_2026-05-16.txt,675,2026-05-09,9,12:30,13:30,연남장|커뮤니티허브,헤드폰으로 몰입하는 사일런트 핸드팬 명상 with 칼레트 (마고사운드),헤드폰으로 몰입하는 사일런트 핸드팬 명상 with 칼레트,마고사운드,16,17,0.9412,12:30-13:30 [연남장|커뮤니티허브] 헤드폰으로 몰입하는 사일런트 핸드팬 명상 with 칼레트 (마고사운드),16|17,False
onstudio_calendar_capacity_2026_yeonhui_yoga_week_2026-05-16.txt,677,2026-05-09,9,13:30,14:30,데이스타콜라보|연희스페셜,요기를 위한 저강도 크로스핏 체험,요기를 위한 저강도 크로스핏 체험,,11,13,0.8462,13:30-14:30 [데이스타콜라보|연희스페셜] 요기를 위한 저강도 크로스핏 체험,11|13,False
onstudio_calendar_capacity_2026_yeonhui_yoga_week_2026-05-16.txt,679,2026-05-09,9,14:00,15:00,무릉,티마인드풀니스 세션 (시현),티마인드풀니스 세션,시현,4,5,0.8,14:00-15:00 [무릉] 티마인드풀니스 세션 (시현),4|5,False
onstudio_calendar_capacity_2026_yeonhui_yoga_week_2026-05-16.txt,681,2026-05-09,9,14:00,15:00,연남장|커뮤니티허브,매트 필라테스로 부상 없는 몸 만들기,매트 필라테스로 부상 없는 몸 만들기,,24,30,0.8,14:00-15:00 [연남장|커뮤니티허브] 매트 필라테스로 부상 없는 몸 만들기,24|30,False
onstudio_calendar_capacity_2026_yeonhui_yoga_week_2026-05-16.txt,683,2026-05-09,9,16:00,17:00,연남장|커뮤니티허브,"바람과 땀, 그리고 알아차림 - 봄날의 역동적 명상 (요가소년)","바람과 땀, 그리고 알아차림 - 봄날의 역동적 명상",요가소년,30,30,1.0,"16:00-17:00 [연남장|커뮤니티허브] 바람과 땀, 그리고 알아차림 - 봄날의 역동적 명상 (요가소년)",30|30,False
onstudio_calendar_capacity_2026_yeonhui_yoga_week_2026-05-16.txt,685,2026-05-09,9,18:00,19:00,연남장|커뮤니티허브,하루를 내려놓는 요가와 바이올린 (준형 & 진수),하루를 내려놓는 요가와 바이올린,준형 & 진수,30,30,1.0,18:00-19:00 [연남장|커뮤니티허브] 하루를 내려놓는 요가와 바이올린 (준형 & 진수),30|30,False
